champion,games,win_rate,pick_rate,ban_rate,data_source
Orianna,832.0,0.53,0.17376173999011368,0.6712382600098863,golgg_scraped
Varus,847.0,0.5,0.19775994020926754,0.5832400597907323,golgg_scraped
Rumble,1193.0,0.54,0.35391552062868364,0.5520844793713162,golgg_scraped
Jarvan IV,1239.0,0.53,0.31407784431137725,0.44792215568862276,golgg_scraped
Karma,837.0,0.47,0.23918811506434517,0.5158118849356548,golgg_scraped
Nautilus,1005.0,0.47,0.16232868975903614,0.26667131024096385,golgg_scraped
Ryze,1357.0,0.51,0.41395663650075415,0.39504336349924585,golgg_scraped
Pantheon,1045.0,0.49,0.30513272410791986,0.36586727589208,golgg_scraped
Ambessa,991.0,0.49,0.2576512955643391,0.334348704435661,golgg_scraped
Nocturne,656.0,0.53,0.18324528301886792,0.4237547169811321,golgg_scraped
Bard,993.0,0.57,0.25076218951241946,0.29823781048758047,golgg_scraped
Ezreal,1303.0,0.49,0.3937257831325301,0.23327421686746988,golgg_scraped
Xin Zhao,1411.0,0.49,0.3297588454376164,0.17224115456238362,golgg_scraped
Vi,969.0,0.53,0.2798206470028544,0.32717935299714557,golgg_scraped
Neeko,870.0,0.51,0.2800298953662182,0.3659701046337817,golgg_scraped
Jayce,657.0,0.49,0.24961166579085653,0.4733883342091434,golgg_scraped
Sion,1137.0,0.49,0.3606742826780021,0.23632571732199786,golgg_scraped
Yunara,1293.0,0.49,0.4808343750000001,0.23316562500000004,golgg_scraped
Azir,801.0,0.46,0.27909407665505226,0.3209059233449477,golgg_scraped
Akali,530.0,0.54,0.0762855484619849,0.17171445153801507,golgg_scraped
Ashe,840.0,0.58,0.3603072983354674,0.30969270166453267,golgg_scraped
Aurora,933.0,0.45,0.35413138686131385,0.2698686131386861,golgg_scraped
K'Sante,1111.0,0.43,0.2754486934353091,0.11355130656469088,golgg_scraped
Caitlyn,658.0,0.55,0.22505641748942173,0.2599435825105783,golgg_scraped
Wukong,979.0,0.44,0.25233289386947927,0.13866710613052077,golgg_scraped
Gnar,924.0,0.55,0.27756521739130435,0.17843478260869566,golgg_scraped
Lulu,896.0,0.47,0.3423593854375418,0.22964061456245827,golgg_scraped
Seraphine,815.0,0.54,0.39538433647570703,0.273615663524293,golgg_scraped
Renekton,848.0,0.5,0.4850951008645533,0.30890489913544666,golgg_scraped
Corki,1031.0,0.48,0.4101173431734318,0.12888265682656827,golgg_scraped
Ahri,823.0,0.54,0.3285765151515152,0.19842348484848488,golgg_scraped
Lucian,625.0,0.51,0.3095186470078058,0.2614813529921943,golgg_scraped
Gwen,362.0,0.57,0.06750338164251207,0.12549661835748793,golgg_scraped
Nami,799.0,0.49,0.3068823529411765,0.13711764705882354,golgg_scraped
Anivia,536.0,0.55,0.1300019249278152,0.1219980750721848,golgg_scraped
Taliyah,641.0,0.48,0.2372932692307692,0.14770673076923077,golgg_scraped
Alistar,652.0,0.55,0.3343589743589744,0.18564102564102564,golgg_scraped
Cassiopeia,406.0,0.54,0.2045667034178611,0.2524332965821389,golgg_scraped
Sivir,614.0,0.51,0.11259777102330294,0.06840222897669707,golgg_scraped
Malphite,188.0,0.53,0.0653711467324291,0.2166288532675709,golgg_scraped
Dr. Mundo,429.0,0.48,0.1873511972633979,0.195648802736602,golgg_scraped
Syndra,403.0,0.48,0.1401093366093366,0.1428906633906634,golgg_scraped
Poppy,241.0,0.56,0.06401562499999999,0.139984375,golgg_scraped
Aatrox,545.0,0.5,0.21102906976744185,0.12197093023255813,golgg_scraped
LeBlanc,249.0,0.5,0.08652254641909814,0.17547745358090186,golgg_scraped
Annie,471.0,0.54,0.34595087719298245,0.28204912280701755,golgg_scraped
Kai'Sa,505.0,0.53,0.1571377672209026,0.1048622327790974,golgg_scraped
Rakan,621.0,0.52,0.2957477375565611,0.12525226244343893,golgg_scraped
Jhin,690.0,0.44,0.191753986332574,0.05224601366742596,golgg_scraped
Naafiri,390.0,0.49,0.15262962962962964,0.1643703703703704,golgg_scraped
Viktor,563.0,0.49,0.2716802325581395,0.14331976744186045,golgg_scraped
Rell,539.0,0.46,0.26705317769131,0.11494682230869002,golgg_scraped
Zaahen,508.0,0.54,0.21848735019973367,0.1045126498002663,golgg_scraped
Lee Sin,406.0,0.55,0.21653333333333333,0.15946666666666667,golgg_scraped
Galio,436.0,0.45,0.10930532212885154,0.06969467787114846,golgg_scraped
Vayne,181.0,0.64,0.026293918918918916,0.059706081081081074,golgg_scraped
Ornn,404.0,0.48,0.18063461538461537,0.0983653846153846,golgg_scraped
Leona,414.0,0.47,0.23014696485623,0.11785303514376996,golgg_scraped
Mel,296.0,0.39,0.1695678391959799,0.1724321608040201,golgg_scraped
Braum,270.0,0.45,0.12086642599277977,0.12713357400722022,golgg_scraped
Aphelios,354.0,0.49,0.20537851239669422,0.1456214876033058,golgg_scraped
Sylas,257.0,0.45,0.07815485074626866,0.08484514925373135,golgg_scraped
Yorick,276.0,0.47,0.08675834970530452,0.07324165029469548,golgg_scraped
Jax,290.0,0.5,0.1843410852713178,0.14365891472868214,golgg_scraped
Skarner,327.0,0.51,0.15391992187500003,0.08708007812500002,golgg_scraped
Milio,438.0,0.5,0.42687890625,0.07212109375,golgg_scraped
Yone,237.0,0.49,0.13732710280373833,0.11067289719626168,golgg_scraped
Qiyana,179.0,0.5,0.1627682619647355,0.1982317380352645,golgg_scraped
Trundle,296.0,0.5,0.15685470085470085,0.09114529914529915,golgg_scraped
Pyke,123.0,0.5,0.060244897959183676,0.10775510204081633,golgg_scraped
Twisted Fate,209.0,0.59,0.22209660574412535,0.18490339425587468,golgg_scraped
Miss Fortune,291.0,0.48,0.21825,0.09075000000000001,golgg_scraped
Xayah,264.0,0.57,0.2716825396825397,0.11731746031746032,golgg_scraped
Ziggs,147.0,0.48,0.0876346153846154,0.09836538461538462,golgg_scraped
Olaf,126.0,0.54,0.0935257731958763,0.12247422680412372,golgg_scraped
Kennen,122.0,0.43,0.11479527559055118,0.12420472440944882,golgg_scraped
Zoe,104.0,0.53,0.12589473684210528,0.15010526315789477,golgg_scraped
Shen,134.0,0.53,0.11324778761061947,0.07775221238938053,golgg_scraped
Fiora,45.0,0.44,0.06859459459459459,0.2134054054054054,golgg_scraped
Hwei,160.0,0.44,0.21955156950672644,0.08644843049327354,golgg_scraped
Kalista,121.0,0.45,0.2666699029126213,0.18733009708737863,golgg_scraped
Yasuo,63.0,0.46,0.061847560975609756,0.09915243902439023,golgg_scraped
Thresh,146.0,0.51,0.38983505154639175,0.12816494845360826,golgg_scraped
Tristana,129.0,0.4,0.16896195652173915,0.07203804347826089,golgg_scraped
Rek'Sai,145.0,0.55,0.10596153846153845,0.02703846153846154,golgg_scraped
Smolder,109.0,0.37,0.14424550898203592,0.07675449101796407,golgg_scraped
Sejuani,145.0,0.46,0.2748958333333333,0.08910416666666665,golgg_scraped
Irelia,58.0,0.5,0.04901408450704225,0.07098591549295774,golgg_scraped
Viego,78.0,0.35,0.16489932885906042,0.1501006711409396,golgg_scraped
Renata Glasc,125.0,0.42,0.22880116959064328,0.08419883040935673,golgg_scraped
Senna,124.0,0.48,0.22256410256410258,0.057435897435897436,golgg_scraped
Jinx,125.0,0.47,0.19435483870967743,0.04664516129032258,golgg_scraped
Camille,85.0,0.4,0.13178294573643412,0.06821705426356589,golgg_scraped
Rengar,14.0,0.57,0.04806185567010309,0.2849381443298969,golgg_scraped
Aurelion Sol,44.0,0.66,0.030330097087378636,0.040669902912621354,golgg_scraped
Volibear,69.0,0.49,0.07659633027522936,0.044403669724770646,golgg_scraped
Zeri,107.0,0.47,0.09304347826086956,0.026956521739130435,golgg_scraped
Lux,52.0,0.58,0.1275876288659794,0.11041237113402062,golgg_scraped
Maokai,97.0,0.52,0.2527878787878788,0.09121212121212122,golgg_scraped
Gragas,89.0,0.51,0.4163928571428572,0.10760714285714286,golgg_scraped
Diana,26.0,0.5,0.07023376623376623,0.13776623376623376,golgg_scraped
Blitzcrank,55.0,0.51,0.022,0.016,golgg_scraped
Darius,31.0,0.45,0.08964864864864865,0.12435135135135135,golgg_scraped
Yuumi,73.0,0.41,0.1421578947368421,0.04284210526315789,golgg_scraped
KogMaw,57.0,0.42,0.052305882352941174,0.025694117647058822,golgg_scraped
Lissandra,55.0,0.49,0.14666666666666664,0.07733333333333332,golgg_scraped
Elise,45.0,0.47,0.1386,0.09240000000000001,golgg_scraped
Zed,24.0,0.42,0.13236363636363638,0.23163636363636364,golgg_scraped
Draven,31.0,0.48,0.09692957746478872,0.12507042253521128,golgg_scraped
Ivern,19.0,0.42,0.0846949152542373,0.17830508474576273,golgg_scraped
Kled,29.0,0.55,0.1226140350877193,0.1183859649122807,golgg_scraped
Kindred,22.0,0.23,0.09044444444444445,0.13155555555555556,golgg_scraped
Nidalee,40.0,0.55,0.21937500000000001,0.131625,golgg_scraped
Nasus,21.0,0.76,0.07542857142857144,0.10057142857142859,golgg_scraped
Zyra,33.0,0.42,0.22427777777777783,0.14272222222222225,golgg_scraped
KhaZix,45.0,0.53,0.07125000000000001,0.02375,golgg_scraped
Chogath,33.0,0.33,0.11824999999999998,0.05374999999999999,golgg_scraped
Heimerdinger,1.0,0.0,,,golgg_scraped
Hecarim,8.0,0.13,0.05714285714285714,0.19285714285714287,golgg_scraped
Veigar,21.0,0.33,0.026526315789473686,0.02147368421052632,golgg_scraped
Urgot,12.0,0.67,0.15166666666666667,0.30333333333333334,golgg_scraped
Swain,30.0,0.67,0.1744186046511628,0.0755813953488372,golgg_scraped
Kassadin,12.0,0.33,0.03211764705882353,0.05888235294117646,golgg_scraped
Vladimir,27.0,0.26,0.2629285714285714,0.14607142857142855,golgg_scraped
Malzahar,18.0,0.5,0.05589473684210527,0.06210526315789474,golgg_scraped
Belveth,6.0,0.17,0.08,0.32,golgg_scraped
Zac,12.0,0.25,0.15483870967741936,0.24516129032258063,golgg_scraped
Ekko,13.0,0.31,,,golgg_scraped
Shyvana,27.0,0.44,0.135,0.055,golgg_scraped
Gangplank,21.0,0.52,0.1031470588235294,0.06385294117647058,golgg_scraped
Graves,11.0,0.36,0.14088461538461536,0.19211538461538458,golgg_scraped
Nunu & Willump,8.0,0.63,,,golgg_scraped
Lillia,10.0,0.5,0.11538461538461538,0.1846153846153846,golgg_scraped
Mordekaiser,28.0,0.36,0.13813333333333336,0.009866666666666668,golgg_scraped
Riven,9.0,0.56,0.08324999999999999,0.13874999999999998,golgg_scraped
Morgana,19.0,0.58,0.1357142857142857,0.06428571428571428,golgg_scraped
Soraka,25.0,0.56,0.04310344827586207,0.006896551724137931,golgg_scraped
Xerath,16.0,0.31,0.09533333333333334,0.04766666666666667,golgg_scraped
Illaoi,11.0,0.45,,,golgg_scraped
Kayle,9.0,0.22,,,golgg_scraped
Singed,10.0,0.3,0.16649999999999998,0.16649999999999998,golgg_scraped
Udyr,14.0,0.43,0.2156,0.09240000000000001,golgg_scraped
Vex,14.0,0.64,0.050521739130434784,0.03247826086956522,golgg_scraped
Amumu,16.0,0.5,0.10133333333333333,0.03166666666666667,golgg_scraped
Garen,12.0,0.42,,,golgg_scraped
Sett,16.0,0.44,0.21052631578947367,0.039473684210526314,golgg_scraped
Taric,10.0,0.2,0.13333333333333333,0.06666666666666667,golgg_scraped
Tahm Kench,17.0,0.29,0.20668421052631578,0.02431578947368421,golgg_scraped
Janna,8.0,0.38,0.125,0.125,golgg_scraped
Tryndamere,15.0,0.4,0.13588235294117645,0.01811764705882353,golgg_scraped
Brand,12.0,0.25,0.39,0.065,golgg_scraped
Karthus,6.0,0.33,0.25,0.25,golgg_scraped
Talon,6.0,0.5,,,golgg_scraped
Zilean,8.0,0.13,0.10400000000000001,0.039,golgg_scraped
Rammus,3.0,0.33,0.11099999999999999,0.22199999999999998,golgg_scraped
Sona,11.0,0.45,0.09821428571428571,0.026785714285714284,golgg_scraped
Briar,2.0,0.0,0.14285714285714285,0.35714285714285715,golgg_scraped
Master Yi,3.0,0.0,,,golgg_scraped
VelKoz,6.0,0.33,,,golgg_scraped
Fizz,6.0,0.33,0.17142857142857143,0.02857142857142857,golgg_scraped
Samira,7.0,0.71,,,golgg_scraped
Twitch,5.0,0.6,,,golgg_scraped
Fiddlesticks,4.0,0.25,,,golgg_scraped
Warwick,2.0,1.0,,,golgg_scraped
Kayn,1.0,0.0,,,golgg_scraped
Quinn,4.0,0.5,,,golgg_scraped
Evelynn,0.0,,,,golgg_scraped
Nilah,3.0,0.33,,,golgg_scraped
Shaco,2.0,0.5,,,golgg_scraped
Akshan,0.0,,,,golgg_scraped
Teemo,2.0,0.5,,,golgg_scraped
Katarina,0.0,,,,golgg_scraped
