champion,opgg_key,opgg_patch,opgg_region,opgg_rank_tier,position,opgg_tier_raw,opgg_tier_label,opgg_rank,opgg_win_rate,opgg_pick_rate,opgg_ban_rate,opgg_role_rate,data_source,leaguepedia_patch
Senna,senna,16.09,global,platinum_plus,ADC,0,OP,1,0.545813,0.170228,0.189716,0.702253,opgg_scraped,26.09
Fizz,fizz,16.09,global,platinum_plus,MID,1,Tier 1,1,0.521124,0.0622372,0.0990809,0.879708,opgg_scraped,26.09
Garen,garen,16.09,global,platinum_plus,TOP,1,Tier 1,1,0.517491,0.0898312,0.0805031,0.929271,opgg_scraped,26.09
Nocturne,nocturne,16.09,global,platinum_plus,JUNGLE,1,Tier 1,1,0.515918,0.075452,0.172065,0.976593,opgg_scraped,26.09
Thresh,thresh,16.09,global,platinum_plus,SUPPORT,1,Tier 1,1,0.515733,0.130501,0.0719557,0.995906,opgg_scraped,26.09
Xerath,xerath,16.09,global,platinum_plus,MID,1,Tier 1,2,0.519995,0.0517914,0.102009,0.532265,opgg_scraped,26.09
Seraphine,seraphine,16.09,global,platinum_plus,SUPPORT,1,Tier 1,2,0.518185,0.11261499999999999,0.0881068,0.869587,opgg_scraped,26.09
Briar,briar,16.09,global,platinum_plus,JUNGLE,1,Tier 1,2,0.516859,0.0536025,0.11006,0.896677,opgg_scraped,26.09
Jinx,jinx,16.09,global,platinum_plus,ADC,1,Tier 1,2,0.515271,0.118196,0.0283623,0.995788,opgg_scraped,26.09
Malphite,malphite,16.09,global,platinum_plus,TOP,1,Tier 1,2,0.511718,0.0718112,0.18876400000000002,0.74396,opgg_scraped,26.09
Senna,senna,16.09,global,platinum_plus,SUPPORT,1,Tier 1,3,0.521374,0.0721575,0.189695,0.288866,opgg_scraped,26.09
Shyvana,shyvana,16.09,global,platinum_plus,JUNGLE,1,Tier 1,3,0.519639,0.0461836,0.0596615,0.954834,opgg_scraped,26.09
Sett,sett,16.09,global,platinum_plus,TOP,1,Tier 1,3,0.513651,0.0555521,0.027550399999999996,0.92223,opgg_scraped,26.09
Ahri,ahri,16.09,global,platinum_plus,MID,1,Tier 1,3,0.508061,0.096989,0.0395817,0.963079,opgg_scraped,26.09
Ashe,ashe,16.09,global,platinum_plus,ADC,1,Tier 1,3,0.504139,0.11885300000000001,0.0801349,0.90997,opgg_scraped,26.09
Warwick,warwick,16.09,global,platinum_plus,JUNGLE,1,Tier 1,4,0.520711,0.0406629,0.0279105,0.739058,opgg_scraped,26.09
Leona,leona,16.09,global,platinum_plus,SUPPORT,1,Tier 1,4,0.519937,0.08232520000000002,0.08664920000000001,0.995144,opgg_scraped,26.09
Sylas,sylas,16.09,global,platinum_plus,MID,1,Tier 1,4,0.506619,0.0849176,0.161041,0.46576,opgg_scraped,26.09
Caitlyn,caitlyn,16.09,global,platinum_plus,ADC,1,Tier 1,4,0.490502,0.17120999999999997,0.231518,0.982502,opgg_scraped,26.09
Wukong,monkeyking,16.09,global,platinum_plus,JUNGLE,1,Tier 1,5,0.518059,0.0485719,0.0148718,0.784801,opgg_scraped,26.09
Syndra,syndra,16.09,global,platinum_plus,MID,1,Tier 1,5,0.514503,0.0669551,0.036596,0.921311,opgg_scraped,26.09
Jhin,jhin,16.09,global,platinum_plus,ADC,1,Tier 1,5,0.49349,0.154656,0.0171992,0.976393,opgg_scraped,26.09
Nasus,nasus,16.09,global,platinum_plus,JUNGLE,1,Tier 1,6,0.527592,0.0211716,0.0460108,0.362259,opgg_scraped,26.09
Viktor,viktor,16.09,global,platinum_plus,MID,1,Tier 1,6,0.504124,0.0907874,0.10028100000000001,0.937316,opgg_scraped,26.09
Katarina,katarina,16.09,global,platinum_plus,MID,1,Tier 1,7,0.506418,0.0701862,0.10564400000000002,0.902068,opgg_scraped,26.09
Naafiri,naafiri,16.09,global,platinum_plus,JUNGLE,1,Tier 1,7,0.506001,0.0651952,0.315894,0.63987,opgg_scraped,26.09
Diana,diana,16.09,global,platinum_plus,MID,1,Tier 1,8,0.514288,0.0452718,0.0634156,0.468817,opgg_scraped,26.09
Kayn,kayn,16.09,global,platinum_plus,JUNGLE,1,Tier 1,8,0.50401,0.08382640000000001,0.0580686,0.949839,opgg_scraped,26.09
Vladimir,vladimir,16.09,global,platinum_plus,MID,1,Tier 1,9,0.514658,0.04533580000000001,0.0625603,0.70134,opgg_scraped,26.09
Graves,graves,16.09,global,platinum_plus,JUNGLE,1,Tier 1,9,0.496738,0.11266899999999999,0.127412,0.970072,opgg_scraped,26.09
Malzahar,malzahar,16.09,global,platinum_plus,MID,1,Tier 1,10,0.504725,0.0675215,0.136374,0.874862,opgg_scraped,26.09
Master Yi,masteryi,16.09,global,platinum_plus,JUNGLE,1,Tier 1,10,0.503148,0.0697139,0.165707,0.854743,opgg_scraped,26.09
Hwei,hwei,16.09,global,platinum_plus,MID,1,Tier 1,11,0.50905,0.0562784,0.0260175,0.737705,opgg_scraped,26.09
Sylas,sylas,16.09,global,platinum_plus,JUNGLE,1,Tier 1,11,0.499759,0.0731321,0.161049,0.402478,opgg_scraped,26.09
Teemo,teemo,16.09,global,platinum_plus,TOP,2,Tier 2,4,0.509966,0.0528123,0.126845,0.688408,opgg_scraped,26.09
Ornn,ornn,16.09,global,platinum_plus,TOP,2,Tier 2,5,0.516767,0.0387044,0.007387849999999999,0.952655,opgg_scraped,26.09
Nautilus,nautilus,16.09,global,platinum_plus,SUPPORT,2,Tier 2,5,0.501009,0.104311,0.145208,0.976704,opgg_scraped,26.09
Brand,brand,16.09,global,platinum_plus,ADC,2,Tier 2,6,0.524344,0.0290194,0.128433,0.308811,opgg_scraped,26.09
Kayle,kayle,16.09,global,platinum_plus,TOP,2,Tier 2,6,0.519738,0.0267455,0.0245562,0.830186,opgg_scraped,26.09
Milio,milio,16.09,global,platinum_plus,SUPPORT,2,Tier 2,6,0.509278,0.0576824,0.0420197,0.998618,opgg_scraped,26.09
Seraphine,seraphine,16.09,global,platinum_plus,ADC,2,Tier 2,7,0.539904,0.0138153,0.0869703,0.109932,opgg_scraped,26.09
Bard,bard,16.09,global,platinum_plus,SUPPORT,2,Tier 2,7,0.506913,0.0614865,0.0292643,0.99531,opgg_scraped,26.09
Sion,sion,16.09,global,platinum_plus,TOP,2,Tier 2,7,0.50596,0.0550575,0.0148828,0.765523,opgg_scraped,26.09
Braum,braum,16.09,global,platinum_plus,SUPPORT,2,Tier 2,8,0.514104,0.0425215,0.0494372,0.997786,opgg_scraped,26.09
Smolder,smolder,16.09,global,platinum_plus,ADC,2,Tier 2,8,0.503409,0.0712635,0.12631,0.846936,opgg_scraped,26.09
Aatrox,aatrox,16.09,global,platinum_plus,TOP,2,Tier 2,8,0.502584,0.0626466,0.0818516,0.769588,opgg_scraped,26.09
Shen,shen,16.09,global,platinum_plus,TOP,2,Tier 2,9,0.512728,0.0364343,0.00871171,0.727328,opgg_scraped,26.09
Blitzcrank,blitzcrank,16.09,global,platinum_plus,SUPPORT,2,Tier 2,9,0.506125,0.0564031,0.12496800000000001,0.992611,opgg_scraped,26.09
Tristana,tristana,16.09,global,platinum_plus,ADC,2,Tier 2,9,0.504722,0.0660922,0.0213189,0.893784,opgg_scraped,26.09
Soraka,soraka,16.09,global,platinum_plus,SUPPORT,2,Tier 2,10,0.51032,0.048216999999999996,0.0222488,0.976045,opgg_scraped,26.09
Yone,yone,16.09,global,platinum_plus,TOP,2,Tier 2,10,0.498489,0.0697905,0.0700874,0.509118,opgg_scraped,26.09
Miss Fortune,missfortune,16.09,global,platinum_plus,ADC,2,Tier 2,10,0.498327,0.0783372,0.0146389,0.956822,opgg_scraped,26.09
Twitch,twitch,16.09,global,platinum_plus,ADC,2,Tier 2,11,0.506579,0.0493882,0.05986890000000001,0.86126,opgg_scraped,26.09
Darius,darius,16.09,global,platinum_plus,TOP,2,Tier 2,11,0.497749,0.0715519,0.144007,0.883157,opgg_scraped,26.09
Lux,lux,16.09,global,platinum_plus,SUPPORT,2,Tier 2,11,0.496657,0.0817893,0.054404,0.618073,opgg_scraped,26.09
Naafiri,naafiri,16.09,global,platinum_plus,MID,2,Tier 2,12,0.51413,0.027926899999999998,0.315434,0.273168,opgg_scraped,26.09
Dr. Mundo,drmundo,16.09,global,platinum_plus,TOP,2,Tier 2,12,0.510666,0.0373883,0.0354424,0.841829,opgg_scraped,26.09
Jarvan IV,jarvaniv,16.09,global,platinum_plus,JUNGLE,2,Tier 2,12,0.50449,0.0614405,0.0127197,0.914661,opgg_scraped,26.09
Nami,nami,16.09,global,platinum_plus,SUPPORT,2,Tier 2,12,0.49709699999999996,0.076863,0.014842,0.998949,opgg_scraped,26.09
Rell,rell,16.09,global,platinum_plus,SUPPORT,2,Tier 2,13,0.514903,0.0321018,0.00964946,0.991293,opgg_scraped,26.09
Jax,jax,16.09,global,platinum_plus,TOP,2,Tier 2,13,0.501466,0.0579485,0.109794,0.69149,opgg_scraped,26.09
Viego,viego,16.09,global,platinum_plus,JUNGLE,2,Tier 2,13,0.495749,0.0965292,0.08218149999999999,0.964986,opgg_scraped,26.09
Zed,zed,16.09,global,platinum_plus,MID,2,Tier 2,13,0.495258,0.0745764,0.25816,0.732378,opgg_scraped,26.09
Rek'Sai,reksai,16.09,global,platinum_plus,JUNGLE,2,Tier 2,14,0.517913,0.0233935,0.0212961,0.913989,opgg_scraped,26.09
Veigar,veigar,16.09,global,platinum_plus,MID,2,Tier 2,14,0.51206,0.04089400000000001,0.015218,0.716363,opgg_scraped,26.09
Gangplank,gangplank,16.09,global,platinum_plus,TOP,2,Tier 2,14,0.503737,0.0522132,0.052916,0.919068,opgg_scraped,26.09
Pyke,pyke,16.09,global,platinum_plus,SUPPORT,2,Tier 2,14,0.496577,0.0659426,0.22068,0.985888,opgg_scraped,26.09
Rammus,rammus,16.09,global,platinum_plus,JUNGLE,2,Tier 2,15,0.519424,0.0207725,0.0485624,0.904679,opgg_scraped,26.09
Singed,singed,16.09,global,platinum_plus,TOP,2,Tier 2,15,0.51709,0.0243533,0.00967955,0.834208,opgg_scraped,26.09
Lissandra,lissandra,16.09,global,platinum_plus,MID,2,Tier 2,15,0.50817,0.04757949999999999,0.030619,0.843459,opgg_scraped,26.09
Lulu,lulu,16.09,global,platinum_plus,SUPPORT,2,Tier 2,15,0.494041,0.08107139999999999,0.0719178,0.990432,opgg_scraped,26.09
Tryndamere,tryndamere,16.09,global,platinum_plus,TOP,2,Tier 2,16,0.510293,0.0340239,0.0252062,0.817136,opgg_scraped,26.09
Lux,lux,16.09,global,platinum_plus,MID,2,Tier 2,16,0.508578,0.0420622,0.0543575,0.321702,opgg_scraped,26.09
Brand,brand,16.09,global,platinum_plus,SUPPORT,2,Tier 2,16,0.504916,0.0430191,0.128753,0.444239,opgg_scraped,26.09
Shaco,shaco,16.09,global,platinum_plus,JUNGLE,2,Tier 2,16,0.503561,0.0508774,0.214973,0.759133,opgg_scraped,26.09
Vex,vex,16.09,global,platinum_plus,MID,2,Tier 2,17,0.519261,0.0274409,0.0334168,0.945808,opgg_scraped,26.09
Urgot,urgot,16.09,global,platinum_plus,TOP,2,Tier 2,17,0.514673,0.0249835,0.00891153,0.950294,opgg_scraped,26.09
Morgana,morgana,16.09,global,platinum_plus,SUPPORT,2,Tier 2,17,0.501314,0.051271,0.186942,0.852134,opgg_scraped,26.09
Lee Sin,leesin,16.09,global,platinum_plus,JUNGLE,2,Tier 2,17,0.487945,0.128287,0.18154,0.955861,opgg_scraped,26.09
Twisted Fate,twistedfate,16.09,global,platinum_plus,MID,2,Tier 2,18,0.506959,0.0481285,0.00882864,0.862661,opgg_scraped,26.09
Diana,diana,16.09,global,platinum_plus,JUNGLE,2,Tier 2,18,0.502795,0.04893990000000001,0.0634587,0.50852,opgg_scraped,26.09
Irelia,irelia,16.09,global,platinum_plus,TOP,2,Tier 2,18,0.502598,0.041401099999999996,0.134765,0.548772,opgg_scraped,26.09
Illaoi,illaoi,16.09,global,platinum_plus,TOP,2,Tier 2,19,0.509332,0.029399500000000002,0.0546117,0.965003,opgg_scraped,26.09
Vi,vi,16.09,global,platinum_plus,JUNGLE,2,Tier 2,19,0.501889,0.05417829999999999,0.0139397,0.93675,opgg_scraped,26.09
Akali,akali,16.09,global,platinum_plus,MID,2,Tier 2,19,0.493401,0.0619309,0.178067,0.696479,opgg_scraped,26.09
Olaf,olaf,16.09,global,platinum_plus,TOP,2,Tier 2,20,0.512158,0.023611800000000002,0.023689,0.835411,opgg_scraped,26.09
Ekko,ekko,16.09,global,platinum_plus,JUNGLE,2,Tier 2,20,0.50469,0.0387458,0.0183749,0.526261,opgg_scraped,26.09
Yasuo,yasuo,16.09,global,platinum_plus,MID,2,Tier 2,20,0.486524,0.0762731,0.169952,0.649762,opgg_scraped,26.09
Ekko,ekko,16.09,global,platinum_plus,MID,2,Tier 2,21,0.506463,0.0324906,0.0183627,0.43981,opgg_scraped,26.09
Mordekaiser,mordekaiser,16.09,global,platinum_plus,TOP,2,Tier 2,21,0.496928,0.0510779,0.0879188,0.902517,opgg_scraped,26.09
Yorick,yorick,16.09,global,platinum_plus,TOP,2,Tier 2,22,0.499355,0.04391949999999999,0.0924258,0.921577,opgg_scraped,26.09
Yone,yone,16.09,global,platinum_plus,MID,2,Tier 2,22,0.48686599999999997,0.0646704,0.0700842,0.478624,opgg_scraped,26.09
Warwick,warwick,16.09,global,platinum_plus,TOP,2,Tier 2,23,0.519884,0.013954200000000002,0.0275474,0.249142,opgg_scraped,26.09
Annie,annie,16.09,global,platinum_plus,MID,2,Tier 2,23,0.510554,0.0232925,0.00748996,0.826323,opgg_scraped,26.09
Renekton,renekton,16.09,global,platinum_plus,TOP,2,Tier 2,24,0.497695,0.046444200000000005,0.0355946,0.944265,opgg_scraped,26.09
Kai'Sa,kaisa,16.09,global,platinum_plus,ADC,3,Tier 3,12,0.4829510000000001,0.117658,0.0135693,0.965394,opgg_scraped,26.09
Ezreal,ezreal,16.09,global,platinum_plus,ADC,3,Tier 3,13,0.47229999999999994,0.15859,0.0717267,0.944531,opgg_scraped,26.09
Vayne,vayne,16.09,global,platinum_plus,ADC,3,Tier 3,14,0.495924,0.0564548,0.11867999999999998,0.618212,opgg_scraped,26.09
Xayah,xayah,16.09,global,platinum_plus,ADC,3,Tier 3,15,0.508559,0.0357605,0.00479795,0.993974,opgg_scraped,26.09
Samira,samira,16.09,global,platinum_plus,ADC,3,Tier 3,16,0.500179,0.0491865,0.0723718,0.989266,opgg_scraped,26.09
Lucian,lucian,16.09,global,platinum_plus,ADC,3,Tier 3,17,0.487203,0.0764484,0.0258697,0.967823,opgg_scraped,26.09
Veigar,veigar,16.09,global,platinum_plus,ADC,3,Tier 3,18,0.532591,0.00966155,0.0147985,0.172326,opgg_scraped,26.09
Vel'Koz,velkoz,16.09,global,platinum_plus,SUPPORT,3,Tier 3,18,0.506565,0.0394389,0.019425,0.644172,opgg_scraped,26.09
Hwei,hwei,16.09,global,platinum_plus,ADC,3,Tier 3,19,0.529375,0.010402500000000002,0.0253955,0.138838,opgg_scraped,26.09
Zilean,zilean,16.09,global,platinum_plus,SUPPORT,3,Tier 3,19,0.515994,0.0241925,0.0102136,0.861491,opgg_scraped,26.09
Janna,janna,16.09,global,platinum_plus,SUPPORT,3,Tier 3,20,0.511895,0.0285631,0.00496906,0.990242,opgg_scraped,26.09
Sivir,sivir,16.09,global,platinum_plus,ADC,3,Tier 3,20,0.496871,0.043000699999999996,0.017527,0.989926,opgg_scraped,26.09
Swain,swain,16.09,global,platinum_plus,ADC,3,Tier 3,21,0.527315,0.010625299999999999,0.0251838,0.199762,opgg_scraped,26.09
Talon,talon,16.09,global,platinum_plus,JUNGLE,3,Tier 3,21,0.49977199999999994,0.0447402,0.0637961,0.667083,opgg_scraped,26.09
Karma,karma,16.09,global,platinum_plus,SUPPORT,3,Tier 3,21,0.49223599999999995,0.0710026,0.0524546,0.952653,opgg_scraped,26.09
Kog'Maw,kogmaw,16.09,global,platinum_plus,ADC,3,Tier 3,22,0.517325,0.0167372,0.00355369,0.803181,opgg_scraped,26.09
Bel'Veth,belveth,16.09,global,platinum_plus,JUNGLE,3,Tier 3,22,0.512811,0.0195225,0.0252509,0.952889,opgg_scraped,26.09
Tahm Kench,tahmkench,16.09,global,platinum_plus,SUPPORT,3,Tier 3,22,0.508593,0.030611600000000003,0.0306136,0.548108,opgg_scraped,26.09
Taric,taric,16.09,global,platinum_plus,SUPPORT,3,Tier 3,23,0.527371,0.0123852,0.0029635,0.954614,opgg_scraped,26.09
Nilah,nilah,16.09,global,platinum_plus,ADC,3,Tier 3,23,0.523393,0.012471299999999998,0.0203329,0.98773,opgg_scraped,26.09
Fiddlesticks,fiddlesticks,16.09,global,platinum_plus,JUNGLE,3,Tier 3,23,0.510404,0.020801599999999996,0.0109396,0.676123,opgg_scraped,26.09
Gwen,gwen,16.09,global,platinum_plus,MID,3,Tier 3,24,0.533166,0.005929640000000001,0.024859399999999997,0.157391,opgg_scraped,26.09
Ziggs,ziggs,16.09,global,platinum_plus,ADC,3,Tier 3,24,0.512943,0.0191003,0.00606239,0.646228,opgg_scraped,26.09
Sejuani,sejuani,16.09,global,platinum_plus,JUNGLE,3,Tier 3,24,0.511519,0.019474,0.00198951,0.834821,opgg_scraped,26.09
Xerath,xerath,16.09,global,platinum_plus,SUPPORT,3,Tier 3,24,0.498466,0.0381923,0.101974,0.387816,opgg_scraped,26.09
Teemo,teemo,16.09,global,platinum_plus,ADC,3,Tier 3,25,0.527016,0.00828536,0.111005,0.111563,opgg_scraped,26.09
Udyr,udyr,16.09,global,platinum_plus,JUNGLE,3,Tier 3,25,0.510414,0.0202171,0.00890154,0.767884,opgg_scraped,26.09
Rakan,rakan,16.09,global,platinum_plus,SUPPORT,3,Tier 3,25,0.503793,0.0332048,0.00302953,0.989328,opgg_scraped,26.09
Akali,akali,16.09,global,platinum_plus,TOP,3,Tier 3,25,0.501145,0.0270058,0.177476,0.299357,opgg_scraped,26.09
Galio,galio,16.09,global,platinum_plus,MID,3,Tier 3,25,0.492423,0.040890899999999994,0.0168546,0.783633,opgg_scraped,26.09
Brand,brand,16.09,global,platinum_plus,MID,3,Tier 3,26,0.511736,0.0141173,0.127683,0.147546,opgg_scraped,26.09
Aatrox,aatrox,16.09,global,platinum_plus,JUNGLE,3,Tier 3,26,0.511079,0.0159863,0.08132500000000001,0.199914,opgg_scraped,26.09
Sona,sona,16.09,global,platinum_plus,SUPPORT,3,Tier 3,26,0.509067,0.0246398,0.0018148600000000002,0.989262,opgg_scraped,26.09
Nasus,nasus,16.09,global,platinum_plus,TOP,3,Tier 3,26,0.499759,0.0333832,0.0462975,0.561122,opgg_scraped,26.09
Zeri,zeri,16.09,global,platinum_plus,ADC,3,Tier 3,26,0.49698,0.0363063,0.00478144,0.954661,opgg_scraped,26.09
Vel'Koz,velkoz,16.09,global,platinum_plus,ADC,3,Tier 3,27,0.531864,0.00675625,0.0186613,0.113719,opgg_scraped,26.09
Evelynn,evelynn,16.09,global,platinum_plus,JUNGLE,3,Tier 3,27,0.505568,0.0247512,0.0227412,0.962086,opgg_scraped,26.09
Camille,camille,16.09,global,platinum_plus,TOP,3,Tier 3,27,0.504832,0.0239267,0.00874867,0.616164,opgg_scraped,26.09
Zyra,zyra,16.09,global,platinum_plus,SUPPORT,3,Tier 3,27,0.503409,0.031016399999999996,0.0289392,0.736223,opgg_scraped,26.09
Irelia,irelia,16.09,global,platinum_plus,MID,3,Tier 3,27,0.494036,0.0324599,0.13466,0.43651,opgg_scraped,26.09
Xerath,xerath,16.09,global,platinum_plus,ADC,3,Tier 3,28,0.526403,0.00731558,0.0977989,0.0765506,opgg_scraped,26.09
Lillia,lillia,16.09,global,platinum_plus,JUNGLE,3,Tier 3,28,0.504736,0.0260834,0.0158602,0.974299,opgg_scraped,26.09
Pantheon,pantheon,16.09,global,platinum_plus,TOP,3,Tier 3,28,0.502542,0.025651700000000003,0.0214038,0.321572,opgg_scraped,26.09
Akshan,akshan,16.09,global,platinum_plus,MID,3,Tier 3,28,0.502162,0.0228607,0.0206333,0.862817,opgg_scraped,26.09
Alistar,alistar,16.09,global,platinum_plus,SUPPORT,3,Tier 3,28,0.498598,0.037336,0.013830100000000001,0.96396,opgg_scraped,26.09
Wukong,monkeyking,16.09,global,platinum_plus,TOP,3,Tier 3,29,0.516382,0.0115765,0.0146669,0.183745,opgg_scraped,26.09
Maokai,maokai,16.09,global,platinum_plus,SUPPORT,3,Tier 3,29,0.508997,0.0186379,0.00204462,0.66847,opgg_scraped,26.09
Amumu,amumu,16.09,global,platinum_plus,JUNGLE,3,Tier 3,29,0.504238,0.0252335,0.0146797,0.822196,opgg_scraped,26.09
Aphelios,aphelios,16.09,global,platinum_plus,ADC,3,Tier 3,29,0.488709,0.0416974,0.0143055,0.987398,opgg_scraped,26.09
LeBlanc,leblanc,16.09,global,platinum_plus,MID,3,Tier 3,29,0.487526,0.0383266,0.128794,0.83102,opgg_scraped,26.09
Swain,swain,16.09,global,platinum_plus,MID,3,Tier 3,30,0.522572,0.007668900000000001,0.0250332,0.141603,opgg_scraped,26.09
Poppy,poppy,16.09,global,platinum_plus,SUPPORT,3,Tier 3,30,0.508432,0.0184731,0.023852,0.522298,opgg_scraped,26.09
Jax,jax,16.09,global,platinum_plus,JUNGLE,3,Tier 3,30,0.502506,0.0233256,0.109524,0.283343,opgg_scraped,26.09
Fiora,fiora,16.09,global,platinum_plus,TOP,3,Tier 3,30,0.49989400000000006,0.0293611,0.0388155,0.9295,opgg_scraped,26.09
Vel'Koz,velkoz,16.09,global,platinum_plus,MID,3,Tier 3,31,0.510833,0.0133553,0.0191271,0.220774,opgg_scraped,26.09
Zaahen,zaahen,16.09,global,platinum_plus,TOP,3,Tier 3,31,0.499591,0.0273373,0.0182973,0.822592,opgg_scraped,26.09
Xin Zhao,xinzhao,16.09,global,platinum_plus,JUNGLE,3,Tier 3,31,0.494548,0.0411897,0.0538145,0.612909,opgg_scraped,26.09
Heimerdinger,heimerdinger,16.09,global,platinum_plus,TOP,3,Tier 3,32,0.510724,0.0144384,0.0222615,0.683104,opgg_scraped,26.09
Anivia,anivia,16.09,global,platinum_plus,MID,3,Tier 3,32,0.495691,0.0255551,0.0329932,0.634149,opgg_scraped,26.09
Riven,riven,16.09,global,platinum_plus,MID,3,Tier 3,33,0.509812,0.0124749,0.0242831,0.263703,opgg_scraped,26.09
Kled,kled,16.09,global,platinum_plus,TOP,3,Tier 3,33,0.508645,0.014755899999999999,0.00780784,0.895726,opgg_scraped,26.09
Tahm Kench,tahmkench,16.09,global,platinum_plus,TOP,3,Tier 3,34,0.501449,0.021160899999999996,0.0305116,0.377978,opgg_scraped,26.09
Zoe,zoe,16.09,global,platinum_plus,MID,3,Tier 3,34,0.492497,0.027030099999999998,0.0409612,0.747119,opgg_scraped,26.09
Kassadin,kassadin,16.09,global,platinum_plus,MID,3,Tier 3,35,0.494595,0.0234538,0.0189238,0.952713,opgg_scraped,26.09
Jayce,jayce,16.09,global,platinum_plus,TOP,3,Tier 3,35,0.485695,0.047672,0.048796,0.623638,opgg_scraped,26.09
Riven,riven,16.09,global,platinum_plus,TOP,3,Tier 3,36,0.492872,0.0326584,0.0244597,0.680466,opgg_scraped,26.09
Aurora,aurora,16.09,global,platinum_plus,MID,3,Tier 3,36,0.492035,0.025591,0.018852,0.80297,opgg_scraped,26.09
Malphite,malphite,16.09,global,platinum_plus,MID,3,Tier 3,37,0.507856,0.00941993,0.186022,0.0990085,opgg_scraped,26.09
Cho'Gath,chogath,16.09,global,platinum_plus,TOP,3,Tier 3,37,0.497239,0.025221,0.00737098,0.664213,opgg_scraped,26.09
Talon,talon,16.09,global,platinum_plus,MID,3,Tier 3,38,0.493422,0.0214877,0.063603,0.319302,opgg_scraped,26.09
Yasuo,yasuo,16.09,global,platinum_plus,TOP,3,Tier 3,38,0.490275,0.0296541,0.169454,0.249001,opgg_scraped,26.09
Sion,sion,16.09,global,platinum_plus,MID,3,Tier 3,39,0.508728,0.010503099999999998,0.0147011,0.148159,opgg_scraped,26.09
Qiyana,qiyana,16.09,global,platinum_plus,MID,3,Tier 3,40,0.491954,0.0202411,0.012202,0.644405,opgg_scraped,26.09
Pantheon,pantheon,16.09,global,platinum_plus,MID,3,Tier 3,41,0.508397,0.00893544,0.0208539,0.113643,opgg_scraped,26.09
Yasuo,yasuo,16.09,global,platinum_plus,ADC,4,Tier 4,30,0.510988,0.0108949,0.16761100000000004,0.094501,opgg_scraped,26.09
Karthus,karthus,16.09,global,platinum_plus,ADC,4,Tier 4,31,0.53032,0.00544141,0.008679,0.262834,opgg_scraped,26.09
Pantheon,pantheon,16.09,global,platinum_plus,SUPPORT,4,Tier 4,31,0.489936,0.0334256,0.021465200000000004,0.420039,opgg_scraped,26.09
Kha'Zix,khazix,16.09,global,platinum_plus,JUNGLE,4,Tier 4,32,0.488667,0.0501062,0.0290231,0.994348,opgg_scraped,26.09
Draven,draven,16.09,global,platinum_plus,ADC,4,Tier 4,32,0.48572400000000004,0.0372937,0.105946,0.954,opgg_scraped,26.09
Yuumi,yuumi,16.09,global,platinum_plus,SUPPORT,4,Tier 4,32,0.474393,0.0544013,0.0659396,0.998782,opgg_scraped,26.09
Kindred,kindred,16.09,global,platinum_plus,JUNGLE,4,Tier 4,33,0.49945,0.023660400000000005,0.013100099999999998,0.962221,opgg_scraped,26.09
Swain,swain,16.09,global,platinum_plus,SUPPORT,4,Tier 4,33,0.485885,0.0311589,0.0256,0.568466,opgg_scraped,26.09
Yunara,yunara,16.09,global,platinum_plus,ADC,4,Tier 4,33,0.479471,0.0434051,0.0118708,0.993129,opgg_scraped,26.09
Katarina,katarina,16.09,global,platinum_plus,ADC,4,Tier 4,34,0.518835,0.00571504,0.09837389999999999,0.0747889,opgg_scraped,26.09
Darius,darius,16.09,global,platinum_plus,JUNGLE,4,Tier 4,34,0.513222,0.007798160000000001,0.141347,0.0979818,opgg_scraped,26.09
Shaco,shaco,16.09,global,platinum_plus,SUPPORT,4,Tier 4,34,0.49166699999999997,0.0146182,0.213191,0.214782,opgg_scraped,26.09
Nunu & Willump,nunu,16.09,global,platinum_plus,JUNGLE,4,Tier 4,35,0.500749,0.0194117,0.00618414,0.745384,opgg_scraped,26.09
Neeko,neeko,16.09,global,platinum_plus,SUPPORT,4,Tier 4,35,0.490385,0.0187872,0.00872632,0.78991,opgg_scraped,26.09
Varus,varus,16.09,global,platinum_plus,ADC,4,Tier 4,35,0.471922,0.0399213,0.0351004,0.730382,opgg_scraped,26.09
Amumu,amumu,16.09,global,platinum_plus,SUPPORT,4,Tier 4,36,0.512735,0.00531142,0.0138222,0.17042,opgg_scraped,26.09
Nidalee,nidalee,16.09,global,platinum_plus,JUNGLE,4,Tier 4,36,0.494368,0.0279147,0.0127712,0.879925,opgg_scraped,26.09
Ivern,ivern,16.09,global,platinum_plus,JUNGLE,4,Tier 4,37,0.509822,0.010003699999999999,0.00319075,0.793321,opgg_scraped,26.09
Elise,elise,16.09,global,platinum_plus,SUPPORT,4,Tier 4,37,0.507928,0.00588419,0.010281099999999998,0.232771,opgg_scraped,26.09
Renata Glasc,renata,16.09,global,platinum_plus,SUPPORT,4,Tier 4,38,0.497872,0.00974271,0.00138528,0.994761,opgg_scraped,26.09
Hecarim,hecarim,16.09,global,platinum_plus,JUNGLE,4,Tier 4,38,0.489925,0.0330812,0.025609900000000005,0.996295,opgg_scraped,26.09
Quinn,quinn,16.09,global,platinum_plus,TOP,4,Tier 4,39,0.513172,0.00936876,0.0124412,0.296105,opgg_scraped,26.09
Hwei,hwei,16.09,global,platinum_plus,SUPPORT,4,Tier 4,39,0.4983139999999999,0.00845567,0.0256302,0.109514,opgg_scraped,26.09
Zac,zac,16.09,global,platinum_plus,JUNGLE,4,Tier 4,39,0.495755,0.0213421,0.00783665,0.722921,opgg_scraped,26.09
Zyra,zyra,16.09,global,platinum_plus,JUNGLE,4,Tier 4,40,0.50727,0.00803857,0.0276722,0.193769,opgg_scraped,26.09
Galio,galio,16.09,global,platinum_plus,SUPPORT,4,Tier 4,40,0.497637,0.00866508,0.0162956,0.164074,opgg_scraped,26.09
Volibear,volibear,16.09,global,platinum_plus,TOP,4,Tier 4,40,0.492556,0.0295601,0.0174404,0.710471,opgg_scraped,26.09
Gwen,gwen,16.09,global,platinum_plus,TOP,4,Tier 4,41,0.495989,0.0229945,0.0276348,0.601601,opgg_scraped,26.09
Shen,shen,16.09,global,platinum_plus,SUPPORT,4,Tier 4,41,0.495398,0.0081089,0.0084393,0.162267,opgg_scraped,26.09
Elise,elise,16.09,global,platinum_plus,JUNGLE,4,Tier 4,41,0.494515,0.0179606,0.010744399999999998,0.721524,opgg_scraped,26.09
Trundle,trundle,16.09,global,platinum_plus,JUNGLE,4,Tier 4,42,0.505748,0.0076368700000000005,0.00396908,0.309369,opgg_scraped,26.09
Cassiopeia,cassiopeia,16.09,global,platinum_plus,MID,4,Tier 4,42,0.490076,0.0163339,0.0167352,0.661365,opgg_scraped,26.09
Vayne,vayne,16.09,global,platinum_plus,TOP,4,Tier 4,42,0.486736,0.0329239,0.118478,0.34902,opgg_scraped,26.09
Camille,camille,16.09,global,platinum_plus,SUPPORT,4,Tier 4,42,0.48395200000000005,0.0132265,0.0085835,0.341433,opgg_scraped,26.09
Cho'Gath,chogath,16.09,global,platinum_plus,MID,4,Tier 4,43,0.509257,0.00605819,0.00711359,0.161866,opgg_scraped,26.09
Volibear,volibear,16.09,global,platinum_plus,JUNGLE,4,Tier 4,43,0.498686,0.011074499999999998,0.0172395,0.270958,opgg_scraped,26.09
LeBlanc,leblanc,16.09,global,platinum_plus,SUPPORT,4,Tier 4,43,0.494513,0.00680165,0.12395399999999998,0.145716,opgg_scraped,26.09
Gnar,gnar,16.09,global,platinum_plus,TOP,4,Tier 4,43,0.488582,0.0318328,0.0105556,0.983119,opgg_scraped,26.09
Gragas,gragas,16.09,global,platinum_plus,TOP,4,Tier 4,44,0.49443799999999993,0.020926,0.00609807,0.592073,opgg_scraped,26.09
Teemo,teemo,16.09,global,platinum_plus,SUPPORT,4,Tier 4,44,0.490537,0.00632633,0.12314,0.0826628,opgg_scraped,26.09
Aurelion Sol,aurelionsol,16.09,global,platinum_plus,MID,4,Tier 4,44,0.485478,0.0172988,0.0071432200000000005,0.688666,opgg_scraped,26.09
Ziggs,ziggs,16.09,global,platinum_plus,MID,4,Tier 4,45,0.49825699999999995,0.00866707,0.00587749,0.287997,opgg_scraped,26.09
Fiddlesticks,fiddlesticks,16.09,global,platinum_plus,SUPPORT,4,Tier 4,45,0.49335999999999997,0.00550321,0.010380099999999998,0.17614,opgg_scraped,26.09
Ambessa,ambessa,16.09,global,platinum_plus,TOP,4,Tier 4,45,0.488777,0.0270598,0.0577136,0.60032,opgg_scraped,26.09
Poppy,poppy,16.09,global,platinum_plus,TOP,4,Tier 4,46,0.503008,0.0113998,0.023697,0.321536,opgg_scraped,26.09
Ryze,ryze,16.09,global,platinum_plus,MID,4,Tier 4,46,0.4707239999999999,0.027937599999999996,0.00652212,0.790992,opgg_scraped,26.09
Kennen,kennen,16.09,global,platinum_plus,TOP,4,Tier 4,47,0.49774700000000005,0.0149902,0.0107615,0.731287,opgg_scraped,26.09
Taliyah,taliyah,16.09,global,platinum_plus,MID,4,Tier 4,47,0.488063,0.0119699,0.00267925,0.616074,opgg_scraped,26.09
Naafiri,naafiri,16.09,global,platinum_plus,TOP,4,Tier 4,48,0.501335,0.007781399999999999,0.309026,0.0750237,opgg_scraped,26.09
Mel,mel,16.09,global,platinum_plus,MID,4,Tier 4,48,0.454976,0.0336245,0.24699400000000002,0.46991,opgg_scraped,26.09
Vladimir,vladimir,16.09,global,platinum_plus,TOP,4,Tier 4,49,0.495323,0.0142768,0.0620376,0.217697,opgg_scraped,26.09
Orianna,orianna,16.09,global,platinum_plus,MID,4,Tier 4,49,0.463753,0.0268314,0.00613119,0.953377,opgg_scraped,26.09
Jayce,jayce,16.09,global,platinum_plus,MID,4,Tier 4,50,0.488564,0.00763561,0.048075200000000005,0.10134,opgg_scraped,26.09
K'Sante,ksante,16.09,global,platinum_plus,TOP,4,Tier 4,50,0.475758,0.0446464,0.0308351,0.955434,opgg_scraped,26.09
Anivia,anivia,16.09,global,platinum_plus,TOP,4,Tier 4,51,0.505331,0.0074073,0.0321589,0.181178,opgg_scraped,26.09
Vladimir,vladimir,16.09,global,platinum_plus,ADC,5,Tier 5,36,0.506517,0.00505562,0.0598916,0.0796327,opgg_scraped,26.09
Kalista,kalista,16.09,global,platinum_plus,ADC,5,Tier 5,37,0.480691,0.0157599,0.00265798,0.888801,opgg_scraped,26.09
Mel,mel,16.09,global,platinum_plus,ADC,5,Tier 5,38,0.473153,0.0135552,0.24492900000000004,0.192884,opgg_scraped,26.09
Corki,corki,16.09,global,platinum_plus,ADC,5,Tier 5,39,0.475721,0.0122334,0.0028489799999999997,0.847008,opgg_scraped,26.09
Taliyah,taliyah,16.09,global,platinum_plus,JUNGLE,5,Tier 5,44,0.507529,0.00528793,0.00257309,0.273084,opgg_scraped,26.09
Jayce,jayce,16.09,global,platinum_plus,JUNGLE,5,Tier 5,45,0.486326,0.020063,0.0483393,0.267178,opgg_scraped,26.09
Gragas,gragas,16.09,global,platinum_plus,JUNGLE,5,Tier 5,46,0.502681,0.00704479,0.005826639999999999,0.202905,opgg_scraped,26.09
Anivia,anivia,16.09,global,platinum_plus,SUPPORT,5,Tier 5,46,0.477256,0.00652952,0.032152,0.160094,opgg_scraped,26.09
Quinn,quinn,16.09,global,platinum_plus,JUNGLE,5,Tier 5,47,0.487687,0.0179494,0.0125796,0.577495,opgg_scraped,26.09
Zoe,zoe,16.09,global,platinum_plus,SUPPORT,5,Tier 5,47,0.472391,0.00784766,0.0400867,0.21432,opgg_scraped,26.09
Skarner,skarner,16.09,global,platinum_plus,JUNGLE,5,Tier 5,48,0.49613300000000005,0.010229300000000002,0.00261358,0.636,opgg_scraped,26.09
Mel,mel,16.09,global,platinum_plus,SUPPORT,5,Tier 5,48,0.43137000000000003,0.0238135,0.246517,0.328824,opgg_scraped,26.09
Rengar,rengar,16.09,global,platinum_plus,JUNGLE,5,Tier 5,49,0.472586,0.0383181,0.063056,0.904438,opgg_scraped,26.09
Ashe,ashe,16.09,global,platinum_plus,SUPPORT,5,Tier 5,49,0.441342,0.00995004,0.078194,0.0739252,opgg_scraped,26.09
Teemo,teemo,16.09,global,platinum_plus,JUNGLE,5,Tier 5,50,0.496449,0.00689983,0.12363399999999998,0.0915556,opgg_scraped,26.09
Fizz,fizz,16.09,global,platinum_plus,JUNGLE,5,Tier 5,51,0.497635,0.00604335,0.0946469,0.0857108,opgg_scraped,26.09
Xin Zhao,xinzhao,16.09,global,platinum_plus,MID,5,Tier 5,51,0.48031199999999996,0.00807708,0.0525419,0.119782,opgg_scraped,26.09
Cassiopeia,cassiopeia,16.09,global,platinum_plus,TOP,5,Tier 5,52,0.506201,0.00590724,0.016073,0.235759,opgg_scraped,26.09
Karthus,karthus,16.09,global,platinum_plus,JUNGLE,5,Tier 5,52,0.487539,0.0129233,0.00955657,0.615151,opgg_scraped,26.09
Azir,azir,16.09,global,platinum_plus,MID,5,Tier 5,52,0.462281,0.0153772,0.00292834,0.917803,opgg_scraped,26.09
Poppy,poppy,16.09,global,platinum_plus,JUNGLE,5,Tier 5,53,0.49994900000000003,0.00503629,0.0229951,0.144603,opgg_scraped,26.09
Trundle,trundle,16.09,global,platinum_plus,TOP,5,Tier 5,53,0.48670699999999995,0.0161822,0.00407278,0.643963,opgg_scraped,26.09
Nunu & Willump,nunu,16.09,global,platinum_plus,MID,5,Tier 5,53,0.48491,0.00500624,0.005662080000000001,0.191584,opgg_scraped,26.09
Lissandra,lissandra,16.09,global,platinum_plus,TOP,5,Tier 5,54,0.502554,0.006000759999999999,0.028519699999999995,0.104854,opgg_scraped,26.09
Gwen,gwen,16.09,global,platinum_plus,JUNGLE,5,Tier 5,54,0.4909220000000001,0.00877102,0.0271275,0.233599,opgg_scraped,26.09
Tristana,tristana,16.09,global,platinum_plus,MID,5,Tier 5,54,0.466443,0.00655498,0.020496,0.0870609,opgg_scraped,26.09
Malphite,malphite,16.09,global,platinum_plus,JUNGLE,5,Tier 5,55,0.482821,0.00934422,0.18551599999999996,0.0985455,opgg_scraped,26.09
Rumble,rumble,16.09,global,platinum_plus,TOP,5,Tier 5,55,0.477582,0.0194691,0.010320000000000001,0.836515,opgg_scraped,26.09
Smolder,smolder,16.09,global,platinum_plus,MID,5,Tier 5,55,0.45306,0.00802484,0.123878,0.0936676,opgg_scraped,26.09
Malzahar,malzahar,16.09,global,platinum_plus,TOP,5,Tier 5,56,0.49467800000000006,0.00615093,0.130831,0.0785545,opgg_scraped,26.09
Ambessa,ambessa,16.09,global,platinum_plus,JUNGLE,5,Tier 5,56,0.477582,0.0150384,0.0575645,0.339623,opgg_scraped,26.09
Dr. Mundo,drmundo,16.09,global,platinum_plus,JUNGLE,5,Tier 5,57,0.493236,0.00532008,0.0342314,0.121939,opgg_scraped,26.09
Xin Zhao,xinzhao,16.09,global,platinum_plus,TOP,5,Tier 5,57,0.4748820000000001,0.0172624,0.0535246,0.252332,opgg_scraped,26.09
Ryze,ryze,16.09,global,platinum_plus,TOP,5,Tier 5,58,0.488667,0.00701449,0.00629943,0.195754,opgg_scraped,26.09
Pantheon,pantheon,16.09,global,platinum_plus,JUNGLE,5,Tier 5,58,0.479285,0.011051100000000001,0.0209863,0.141027,opgg_scraped,26.09
Varus,varus,16.09,global,platinum_plus,TOP,5,Tier 5,59,0.47884,0.01159,0.0347633,0.205273,opgg_scraped,26.09
Zed,zed,16.09,global,platinum_plus,JUNGLE,5,Tier 5,59,0.462868,0.0212033,0.256254,0.208932,opgg_scraped,26.09
Aurora,aurora,16.09,global,platinum_plus,TOP,5,Tier 5,60,0.486973,0.00548429,0.0179067,0.169615,opgg_scraped,26.09
Qiyana,qiyana,16.09,global,platinum_plus,JUNGLE,5,Tier 5,60,0.469972,0.00882206,0.0120034,0.281815,opgg_scraped,26.09
Master Yi,masteryi,16.09,global,platinum_plus,TOP,5,Tier 5,61,0.47614000000000006,0.00837322,0.160478,0.100849,opgg_scraped,26.09
Udyr,udyr,16.09,global,platinum_plus,TOP,5,Tier 5,62,0.484829,0.00575396,0.00865158,0.214687,opgg_scraped,26.09
Senna,senna,16.10,global,platinum_plus,ADC,0,OP,1,0.545813,0.170228,0.189716,0.702253,opgg_scraped,26.10
Fizz,fizz,16.10,global,platinum_plus,MID,1,Tier 1,1,0.521124,0.0622372,0.0990809,0.879708,opgg_scraped,26.10
Garen,garen,16.10,global,platinum_plus,TOP,1,Tier 1,1,0.517491,0.0898312,0.0805031,0.929271,opgg_scraped,26.10
Nocturne,nocturne,16.10,global,platinum_plus,JUNGLE,1,Tier 1,1,0.515918,0.075452,0.172065,0.976593,opgg_scraped,26.10
Thresh,thresh,16.10,global,platinum_plus,SUPPORT,1,Tier 1,1,0.515733,0.130501,0.0719557,0.995906,opgg_scraped,26.10
Xerath,xerath,16.10,global,platinum_plus,MID,1,Tier 1,2,0.519995,0.0517914,0.102009,0.532265,opgg_scraped,26.10
Seraphine,seraphine,16.10,global,platinum_plus,SUPPORT,1,Tier 1,2,0.518185,0.11261499999999999,0.0881068,0.869587,opgg_scraped,26.10
Briar,briar,16.10,global,platinum_plus,JUNGLE,1,Tier 1,2,0.516859,0.0536025,0.11006,0.896677,opgg_scraped,26.10
Jinx,jinx,16.10,global,platinum_plus,ADC,1,Tier 1,2,0.515271,0.118196,0.0283623,0.995788,opgg_scraped,26.10
Malphite,malphite,16.10,global,platinum_plus,TOP,1,Tier 1,2,0.511718,0.0718112,0.18876400000000002,0.74396,opgg_scraped,26.10
Senna,senna,16.10,global,platinum_plus,SUPPORT,1,Tier 1,3,0.521374,0.0721575,0.189695,0.288866,opgg_scraped,26.10
Shyvana,shyvana,16.10,global,platinum_plus,JUNGLE,1,Tier 1,3,0.519639,0.0461836,0.0596615,0.954834,opgg_scraped,26.10
Sett,sett,16.10,global,platinum_plus,TOP,1,Tier 1,3,0.513651,0.0555521,0.027550399999999996,0.92223,opgg_scraped,26.10
Ahri,ahri,16.10,global,platinum_plus,MID,1,Tier 1,3,0.508061,0.096989,0.0395817,0.963079,opgg_scraped,26.10
Ashe,ashe,16.10,global,platinum_plus,ADC,1,Tier 1,3,0.504139,0.11885300000000001,0.0801349,0.90997,opgg_scraped,26.10
Warwick,warwick,16.10,global,platinum_plus,JUNGLE,1,Tier 1,4,0.520711,0.0406629,0.0279105,0.739058,opgg_scraped,26.10
Leona,leona,16.10,global,platinum_plus,SUPPORT,1,Tier 1,4,0.519937,0.08232520000000002,0.08664920000000001,0.995144,opgg_scraped,26.10
Sylas,sylas,16.10,global,platinum_plus,MID,1,Tier 1,4,0.506619,0.0849176,0.161041,0.46576,opgg_scraped,26.10
Caitlyn,caitlyn,16.10,global,platinum_plus,ADC,1,Tier 1,4,0.490502,0.17120999999999997,0.231518,0.982502,opgg_scraped,26.10
Wukong,monkeyking,16.10,global,platinum_plus,JUNGLE,1,Tier 1,5,0.518059,0.0485719,0.0148718,0.784801,opgg_scraped,26.10
Syndra,syndra,16.10,global,platinum_plus,MID,1,Tier 1,5,0.514503,0.0669551,0.036596,0.921311,opgg_scraped,26.10
Jhin,jhin,16.10,global,platinum_plus,ADC,1,Tier 1,5,0.49349,0.154656,0.0171992,0.976393,opgg_scraped,26.10
Nasus,nasus,16.10,global,platinum_plus,JUNGLE,1,Tier 1,6,0.527592,0.0211716,0.0460108,0.362259,opgg_scraped,26.10
Viktor,viktor,16.10,global,platinum_plus,MID,1,Tier 1,6,0.504124,0.0907874,0.10028100000000001,0.937316,opgg_scraped,26.10
Katarina,katarina,16.10,global,platinum_plus,MID,1,Tier 1,7,0.506418,0.0701862,0.10564400000000002,0.902068,opgg_scraped,26.10
Naafiri,naafiri,16.10,global,platinum_plus,JUNGLE,1,Tier 1,7,0.506001,0.0651952,0.315894,0.63987,opgg_scraped,26.10
Diana,diana,16.10,global,platinum_plus,MID,1,Tier 1,8,0.514288,0.0452718,0.0634156,0.468817,opgg_scraped,26.10
Kayn,kayn,16.10,global,platinum_plus,JUNGLE,1,Tier 1,8,0.50401,0.08382640000000001,0.0580686,0.949839,opgg_scraped,26.10
Vladimir,vladimir,16.10,global,platinum_plus,MID,1,Tier 1,9,0.514658,0.04533580000000001,0.0625603,0.70134,opgg_scraped,26.10
Graves,graves,16.10,global,platinum_plus,JUNGLE,1,Tier 1,9,0.496738,0.11266899999999999,0.127412,0.970072,opgg_scraped,26.10
Malzahar,malzahar,16.10,global,platinum_plus,MID,1,Tier 1,10,0.504725,0.0675215,0.136374,0.874862,opgg_scraped,26.10
Master Yi,masteryi,16.10,global,platinum_plus,JUNGLE,1,Tier 1,10,0.503148,0.0697139,0.165707,0.854743,opgg_scraped,26.10
Hwei,hwei,16.10,global,platinum_plus,MID,1,Tier 1,11,0.50905,0.0562784,0.0260175,0.737705,opgg_scraped,26.10
Sylas,sylas,16.10,global,platinum_plus,JUNGLE,1,Tier 1,11,0.499759,0.0731321,0.161049,0.402478,opgg_scraped,26.10
Teemo,teemo,16.10,global,platinum_plus,TOP,2,Tier 2,4,0.509966,0.0528123,0.126845,0.688408,opgg_scraped,26.10
Ornn,ornn,16.10,global,platinum_plus,TOP,2,Tier 2,5,0.516767,0.0387044,0.007387849999999999,0.952655,opgg_scraped,26.10
Nautilus,nautilus,16.10,global,platinum_plus,SUPPORT,2,Tier 2,5,0.501009,0.104311,0.145208,0.976704,opgg_scraped,26.10
Brand,brand,16.10,global,platinum_plus,ADC,2,Tier 2,6,0.524344,0.0290194,0.128433,0.308811,opgg_scraped,26.10
Kayle,kayle,16.10,global,platinum_plus,TOP,2,Tier 2,6,0.519738,0.0267455,0.0245562,0.830186,opgg_scraped,26.10
Milio,milio,16.10,global,platinum_plus,SUPPORT,2,Tier 2,6,0.509278,0.0576824,0.0420197,0.998618,opgg_scraped,26.10
Seraphine,seraphine,16.10,global,platinum_plus,ADC,2,Tier 2,7,0.539904,0.0138153,0.0869703,0.109932,opgg_scraped,26.10
Bard,bard,16.10,global,platinum_plus,SUPPORT,2,Tier 2,7,0.506913,0.0614865,0.0292643,0.99531,opgg_scraped,26.10
Sion,sion,16.10,global,platinum_plus,TOP,2,Tier 2,7,0.50596,0.0550575,0.0148828,0.765523,opgg_scraped,26.10
Braum,braum,16.10,global,platinum_plus,SUPPORT,2,Tier 2,8,0.514104,0.0425215,0.0494372,0.997786,opgg_scraped,26.10
Smolder,smolder,16.10,global,platinum_plus,ADC,2,Tier 2,8,0.503409,0.0712635,0.12631,0.846936,opgg_scraped,26.10
Aatrox,aatrox,16.10,global,platinum_plus,TOP,2,Tier 2,8,0.502584,0.0626466,0.0818516,0.769588,opgg_scraped,26.10
Shen,shen,16.10,global,platinum_plus,TOP,2,Tier 2,9,0.512728,0.0364343,0.00871171,0.727328,opgg_scraped,26.10
Blitzcrank,blitzcrank,16.10,global,platinum_plus,SUPPORT,2,Tier 2,9,0.506125,0.0564031,0.12496800000000001,0.992611,opgg_scraped,26.10
Tristana,tristana,16.10,global,platinum_plus,ADC,2,Tier 2,9,0.504722,0.0660922,0.0213189,0.893784,opgg_scraped,26.10
Soraka,soraka,16.10,global,platinum_plus,SUPPORT,2,Tier 2,10,0.51032,0.048216999999999996,0.0222488,0.976045,opgg_scraped,26.10
Yone,yone,16.10,global,platinum_plus,TOP,2,Tier 2,10,0.498489,0.0697905,0.0700874,0.509118,opgg_scraped,26.10
Miss Fortune,missfortune,16.10,global,platinum_plus,ADC,2,Tier 2,10,0.498327,0.0783372,0.0146389,0.956822,opgg_scraped,26.10
Twitch,twitch,16.10,global,platinum_plus,ADC,2,Tier 2,11,0.506579,0.0493882,0.05986890000000001,0.86126,opgg_scraped,26.10
Darius,darius,16.10,global,platinum_plus,TOP,2,Tier 2,11,0.497749,0.0715519,0.144007,0.883157,opgg_scraped,26.10
Lux,lux,16.10,global,platinum_plus,SUPPORT,2,Tier 2,11,0.496657,0.0817893,0.054404,0.618073,opgg_scraped,26.10
Naafiri,naafiri,16.10,global,platinum_plus,MID,2,Tier 2,12,0.51413,0.027926899999999998,0.315434,0.273168,opgg_scraped,26.10
Dr. Mundo,drmundo,16.10,global,platinum_plus,TOP,2,Tier 2,12,0.510666,0.0373883,0.0354424,0.841829,opgg_scraped,26.10
Jarvan IV,jarvaniv,16.10,global,platinum_plus,JUNGLE,2,Tier 2,12,0.50449,0.0614405,0.0127197,0.914661,opgg_scraped,26.10
Nami,nami,16.10,global,platinum_plus,SUPPORT,2,Tier 2,12,0.49709699999999996,0.076863,0.014842,0.998949,opgg_scraped,26.10
Rell,rell,16.10,global,platinum_plus,SUPPORT,2,Tier 2,13,0.514903,0.0321018,0.00964946,0.991293,opgg_scraped,26.10
Jax,jax,16.10,global,platinum_plus,TOP,2,Tier 2,13,0.501466,0.0579485,0.109794,0.69149,opgg_scraped,26.10
Viego,viego,16.10,global,platinum_plus,JUNGLE,2,Tier 2,13,0.495749,0.0965292,0.08218149999999999,0.964986,opgg_scraped,26.10
Zed,zed,16.10,global,platinum_plus,MID,2,Tier 2,13,0.495258,0.0745764,0.25816,0.732378,opgg_scraped,26.10
Rek'Sai,reksai,16.10,global,platinum_plus,JUNGLE,2,Tier 2,14,0.517913,0.0233935,0.0212961,0.913989,opgg_scraped,26.10
Veigar,veigar,16.10,global,platinum_plus,MID,2,Tier 2,14,0.51206,0.04089400000000001,0.015218,0.716363,opgg_scraped,26.10
Gangplank,gangplank,16.10,global,platinum_plus,TOP,2,Tier 2,14,0.503737,0.0522132,0.052916,0.919068,opgg_scraped,26.10
Pyke,pyke,16.10,global,platinum_plus,SUPPORT,2,Tier 2,14,0.496577,0.0659426,0.22068,0.985888,opgg_scraped,26.10
Rammus,rammus,16.10,global,platinum_plus,JUNGLE,2,Tier 2,15,0.519424,0.0207725,0.0485624,0.904679,opgg_scraped,26.10
Singed,singed,16.10,global,platinum_plus,TOP,2,Tier 2,15,0.51709,0.0243533,0.00967955,0.834208,opgg_scraped,26.10
Lissandra,lissandra,16.10,global,platinum_plus,MID,2,Tier 2,15,0.50817,0.04757949999999999,0.030619,0.843459,opgg_scraped,26.10
Lulu,lulu,16.10,global,platinum_plus,SUPPORT,2,Tier 2,15,0.494041,0.08107139999999999,0.0719178,0.990432,opgg_scraped,26.10
Tryndamere,tryndamere,16.10,global,platinum_plus,TOP,2,Tier 2,16,0.510293,0.0340239,0.0252062,0.817136,opgg_scraped,26.10
Lux,lux,16.10,global,platinum_plus,MID,2,Tier 2,16,0.508578,0.0420622,0.0543575,0.321702,opgg_scraped,26.10
Brand,brand,16.10,global,platinum_plus,SUPPORT,2,Tier 2,16,0.504916,0.0430191,0.128753,0.444239,opgg_scraped,26.10
Shaco,shaco,16.10,global,platinum_plus,JUNGLE,2,Tier 2,16,0.503561,0.0508774,0.214973,0.759133,opgg_scraped,26.10
Vex,vex,16.10,global,platinum_plus,MID,2,Tier 2,17,0.519261,0.0274409,0.0334168,0.945808,opgg_scraped,26.10
Urgot,urgot,16.10,global,platinum_plus,TOP,2,Tier 2,17,0.514673,0.0249835,0.00891153,0.950294,opgg_scraped,26.10
Morgana,morgana,16.10,global,platinum_plus,SUPPORT,2,Tier 2,17,0.501314,0.051271,0.186942,0.852134,opgg_scraped,26.10
Lee Sin,leesin,16.10,global,platinum_plus,JUNGLE,2,Tier 2,17,0.487945,0.128287,0.18154,0.955861,opgg_scraped,26.10
Twisted Fate,twistedfate,16.10,global,platinum_plus,MID,2,Tier 2,18,0.506959,0.0481285,0.00882864,0.862661,opgg_scraped,26.10
Diana,diana,16.10,global,platinum_plus,JUNGLE,2,Tier 2,18,0.502795,0.04893990000000001,0.0634587,0.50852,opgg_scraped,26.10
Irelia,irelia,16.10,global,platinum_plus,TOP,2,Tier 2,18,0.502598,0.041401099999999996,0.134765,0.548772,opgg_scraped,26.10
Illaoi,illaoi,16.10,global,platinum_plus,TOP,2,Tier 2,19,0.509332,0.029399500000000002,0.0546117,0.965003,opgg_scraped,26.10
Vi,vi,16.10,global,platinum_plus,JUNGLE,2,Tier 2,19,0.501889,0.05417829999999999,0.0139397,0.93675,opgg_scraped,26.10
Akali,akali,16.10,global,platinum_plus,MID,2,Tier 2,19,0.493401,0.0619309,0.178067,0.696479,opgg_scraped,26.10
Olaf,olaf,16.10,global,platinum_plus,TOP,2,Tier 2,20,0.512158,0.023611800000000002,0.023689,0.835411,opgg_scraped,26.10
Ekko,ekko,16.10,global,platinum_plus,JUNGLE,2,Tier 2,20,0.50469,0.0387458,0.0183749,0.526261,opgg_scraped,26.10
Yasuo,yasuo,16.10,global,platinum_plus,MID,2,Tier 2,20,0.486524,0.0762731,0.169952,0.649762,opgg_scraped,26.10
Ekko,ekko,16.10,global,platinum_plus,MID,2,Tier 2,21,0.506463,0.0324906,0.0183627,0.43981,opgg_scraped,26.10
Mordekaiser,mordekaiser,16.10,global,platinum_plus,TOP,2,Tier 2,21,0.496928,0.0510779,0.0879188,0.902517,opgg_scraped,26.10
Yorick,yorick,16.10,global,platinum_plus,TOP,2,Tier 2,22,0.499355,0.04391949999999999,0.0924258,0.921577,opgg_scraped,26.10
Yone,yone,16.10,global,platinum_plus,MID,2,Tier 2,22,0.48686599999999997,0.0646704,0.0700842,0.478624,opgg_scraped,26.10
Warwick,warwick,16.10,global,platinum_plus,TOP,2,Tier 2,23,0.519884,0.013954200000000002,0.0275474,0.249142,opgg_scraped,26.10
Annie,annie,16.10,global,platinum_plus,MID,2,Tier 2,23,0.510554,0.0232925,0.00748996,0.826323,opgg_scraped,26.10
Renekton,renekton,16.10,global,platinum_plus,TOP,2,Tier 2,24,0.497695,0.046444200000000005,0.0355946,0.944265,opgg_scraped,26.10
Kai'Sa,kaisa,16.10,global,platinum_plus,ADC,3,Tier 3,12,0.4829510000000001,0.117658,0.0135693,0.965394,opgg_scraped,26.10
Ezreal,ezreal,16.10,global,platinum_plus,ADC,3,Tier 3,13,0.47229999999999994,0.15859,0.0717267,0.944531,opgg_scraped,26.10
Vayne,vayne,16.10,global,platinum_plus,ADC,3,Tier 3,14,0.495924,0.0564548,0.11867999999999998,0.618212,opgg_scraped,26.10
Xayah,xayah,16.10,global,platinum_plus,ADC,3,Tier 3,15,0.508559,0.0357605,0.00479795,0.993974,opgg_scraped,26.10
Samira,samira,16.10,global,platinum_plus,ADC,3,Tier 3,16,0.500179,0.0491865,0.0723718,0.989266,opgg_scraped,26.10
Lucian,lucian,16.10,global,platinum_plus,ADC,3,Tier 3,17,0.487203,0.0764484,0.0258697,0.967823,opgg_scraped,26.10
Veigar,veigar,16.10,global,platinum_plus,ADC,3,Tier 3,18,0.532591,0.00966155,0.0147985,0.172326,opgg_scraped,26.10
Vel'Koz,velkoz,16.10,global,platinum_plus,SUPPORT,3,Tier 3,18,0.506565,0.0394389,0.019425,0.644172,opgg_scraped,26.10
Hwei,hwei,16.10,global,platinum_plus,ADC,3,Tier 3,19,0.529375,0.010402500000000002,0.0253955,0.138838,opgg_scraped,26.10
Zilean,zilean,16.10,global,platinum_plus,SUPPORT,3,Tier 3,19,0.515994,0.0241925,0.0102136,0.861491,opgg_scraped,26.10
Janna,janna,16.10,global,platinum_plus,SUPPORT,3,Tier 3,20,0.511895,0.0285631,0.00496906,0.990242,opgg_scraped,26.10
Sivir,sivir,16.10,global,platinum_plus,ADC,3,Tier 3,20,0.496871,0.043000699999999996,0.017527,0.989926,opgg_scraped,26.10
Swain,swain,16.10,global,platinum_plus,ADC,3,Tier 3,21,0.527315,0.010625299999999999,0.0251838,0.199762,opgg_scraped,26.10
Talon,talon,16.10,global,platinum_plus,JUNGLE,3,Tier 3,21,0.49977199999999994,0.0447402,0.0637961,0.667083,opgg_scraped,26.10
Karma,karma,16.10,global,platinum_plus,SUPPORT,3,Tier 3,21,0.49223599999999995,0.0710026,0.0524546,0.952653,opgg_scraped,26.10
Kog'Maw,kogmaw,16.10,global,platinum_plus,ADC,3,Tier 3,22,0.517325,0.0167372,0.00355369,0.803181,opgg_scraped,26.10
Bel'Veth,belveth,16.10,global,platinum_plus,JUNGLE,3,Tier 3,22,0.512811,0.0195225,0.0252509,0.952889,opgg_scraped,26.10
Tahm Kench,tahmkench,16.10,global,platinum_plus,SUPPORT,3,Tier 3,22,0.508593,0.030611600000000003,0.0306136,0.548108,opgg_scraped,26.10
Taric,taric,16.10,global,platinum_plus,SUPPORT,3,Tier 3,23,0.527371,0.0123852,0.0029635,0.954614,opgg_scraped,26.10
Nilah,nilah,16.10,global,platinum_plus,ADC,3,Tier 3,23,0.523393,0.012471299999999998,0.0203329,0.98773,opgg_scraped,26.10
Fiddlesticks,fiddlesticks,16.10,global,platinum_plus,JUNGLE,3,Tier 3,23,0.510404,0.020801599999999996,0.0109396,0.676123,opgg_scraped,26.10
Gwen,gwen,16.10,global,platinum_plus,MID,3,Tier 3,24,0.533166,0.005929640000000001,0.024859399999999997,0.157391,opgg_scraped,26.10
Ziggs,ziggs,16.10,global,platinum_plus,ADC,3,Tier 3,24,0.512943,0.0191003,0.00606239,0.646228,opgg_scraped,26.10
Sejuani,sejuani,16.10,global,platinum_plus,JUNGLE,3,Tier 3,24,0.511519,0.019474,0.00198951,0.834821,opgg_scraped,26.10
Xerath,xerath,16.10,global,platinum_plus,SUPPORT,3,Tier 3,24,0.498466,0.0381923,0.101974,0.387816,opgg_scraped,26.10
Teemo,teemo,16.10,global,platinum_plus,ADC,3,Tier 3,25,0.527016,0.00828536,0.111005,0.111563,opgg_scraped,26.10
Udyr,udyr,16.10,global,platinum_plus,JUNGLE,3,Tier 3,25,0.510414,0.0202171,0.00890154,0.767884,opgg_scraped,26.10
Rakan,rakan,16.10,global,platinum_plus,SUPPORT,3,Tier 3,25,0.503793,0.0332048,0.00302953,0.989328,opgg_scraped,26.10
Akali,akali,16.10,global,platinum_plus,TOP,3,Tier 3,25,0.501145,0.0270058,0.177476,0.299357,opgg_scraped,26.10
Galio,galio,16.10,global,platinum_plus,MID,3,Tier 3,25,0.492423,0.040890899999999994,0.0168546,0.783633,opgg_scraped,26.10
Brand,brand,16.10,global,platinum_plus,MID,3,Tier 3,26,0.511736,0.0141173,0.127683,0.147546,opgg_scraped,26.10
Aatrox,aatrox,16.10,global,platinum_plus,JUNGLE,3,Tier 3,26,0.511079,0.0159863,0.08132500000000001,0.199914,opgg_scraped,26.10
Sona,sona,16.10,global,platinum_plus,SUPPORT,3,Tier 3,26,0.509067,0.0246398,0.0018148600000000002,0.989262,opgg_scraped,26.10
Nasus,nasus,16.10,global,platinum_plus,TOP,3,Tier 3,26,0.499759,0.0333832,0.0462975,0.561122,opgg_scraped,26.10
Zeri,zeri,16.10,global,platinum_plus,ADC,3,Tier 3,26,0.49698,0.0363063,0.00478144,0.954661,opgg_scraped,26.10
Vel'Koz,velkoz,16.10,global,platinum_plus,ADC,3,Tier 3,27,0.531864,0.00675625,0.0186613,0.113719,opgg_scraped,26.10
Evelynn,evelynn,16.10,global,platinum_plus,JUNGLE,3,Tier 3,27,0.505568,0.0247512,0.0227412,0.962086,opgg_scraped,26.10
Camille,camille,16.10,global,platinum_plus,TOP,3,Tier 3,27,0.504832,0.0239267,0.00874867,0.616164,opgg_scraped,26.10
Zyra,zyra,16.10,global,platinum_plus,SUPPORT,3,Tier 3,27,0.503409,0.031016399999999996,0.0289392,0.736223,opgg_scraped,26.10
Irelia,irelia,16.10,global,platinum_plus,MID,3,Tier 3,27,0.494036,0.0324599,0.13466,0.43651,opgg_scraped,26.10
Xerath,xerath,16.10,global,platinum_plus,ADC,3,Tier 3,28,0.526403,0.00731558,0.0977989,0.0765506,opgg_scraped,26.10
Lillia,lillia,16.10,global,platinum_plus,JUNGLE,3,Tier 3,28,0.504736,0.0260834,0.0158602,0.974299,opgg_scraped,26.10
Pantheon,pantheon,16.10,global,platinum_plus,TOP,3,Tier 3,28,0.502542,0.025651700000000003,0.0214038,0.321572,opgg_scraped,26.10
Akshan,akshan,16.10,global,platinum_plus,MID,3,Tier 3,28,0.502162,0.0228607,0.0206333,0.862817,opgg_scraped,26.10
Alistar,alistar,16.10,global,platinum_plus,SUPPORT,3,Tier 3,28,0.498598,0.037336,0.013830100000000001,0.96396,opgg_scraped,26.10
Wukong,monkeyking,16.10,global,platinum_plus,TOP,3,Tier 3,29,0.516382,0.0115765,0.0146669,0.183745,opgg_scraped,26.10
Maokai,maokai,16.10,global,platinum_plus,SUPPORT,3,Tier 3,29,0.508997,0.0186379,0.00204462,0.66847,opgg_scraped,26.10
Amumu,amumu,16.10,global,platinum_plus,JUNGLE,3,Tier 3,29,0.504238,0.0252335,0.0146797,0.822196,opgg_scraped,26.10
Aphelios,aphelios,16.10,global,platinum_plus,ADC,3,Tier 3,29,0.488709,0.0416974,0.0143055,0.987398,opgg_scraped,26.10
LeBlanc,leblanc,16.10,global,platinum_plus,MID,3,Tier 3,29,0.487526,0.0383266,0.128794,0.83102,opgg_scraped,26.10
Swain,swain,16.10,global,platinum_plus,MID,3,Tier 3,30,0.522572,0.007668900000000001,0.0250332,0.141603,opgg_scraped,26.10
Poppy,poppy,16.10,global,platinum_plus,SUPPORT,3,Tier 3,30,0.508432,0.0184731,0.023852,0.522298,opgg_scraped,26.10
Jax,jax,16.10,global,platinum_plus,JUNGLE,3,Tier 3,30,0.502506,0.0233256,0.109524,0.283343,opgg_scraped,26.10
Fiora,fiora,16.10,global,platinum_plus,TOP,3,Tier 3,30,0.49989400000000006,0.0293611,0.0388155,0.9295,opgg_scraped,26.10
Vel'Koz,velkoz,16.10,global,platinum_plus,MID,3,Tier 3,31,0.510833,0.0133553,0.0191271,0.220774,opgg_scraped,26.10
Zaahen,zaahen,16.10,global,platinum_plus,TOP,3,Tier 3,31,0.499591,0.0273373,0.0182973,0.822592,opgg_scraped,26.10
Xin Zhao,xinzhao,16.10,global,platinum_plus,JUNGLE,3,Tier 3,31,0.494548,0.0411897,0.0538145,0.612909,opgg_scraped,26.10
Heimerdinger,heimerdinger,16.10,global,platinum_plus,TOP,3,Tier 3,32,0.510724,0.0144384,0.0222615,0.683104,opgg_scraped,26.10
Anivia,anivia,16.10,global,platinum_plus,MID,3,Tier 3,32,0.495691,0.0255551,0.0329932,0.634149,opgg_scraped,26.10
Riven,riven,16.10,global,platinum_plus,MID,3,Tier 3,33,0.509812,0.0124749,0.0242831,0.263703,opgg_scraped,26.10
Kled,kled,16.10,global,platinum_plus,TOP,3,Tier 3,33,0.508645,0.014755899999999999,0.00780784,0.895726,opgg_scraped,26.10
Tahm Kench,tahmkench,16.10,global,platinum_plus,TOP,3,Tier 3,34,0.501449,0.021160899999999996,0.0305116,0.377978,opgg_scraped,26.10
Zoe,zoe,16.10,global,platinum_plus,MID,3,Tier 3,34,0.492497,0.027030099999999998,0.0409612,0.747119,opgg_scraped,26.10
Kassadin,kassadin,16.10,global,platinum_plus,MID,3,Tier 3,35,0.494595,0.0234538,0.0189238,0.952713,opgg_scraped,26.10
Jayce,jayce,16.10,global,platinum_plus,TOP,3,Tier 3,35,0.485695,0.047672,0.048796,0.623638,opgg_scraped,26.10
Riven,riven,16.10,global,platinum_plus,TOP,3,Tier 3,36,0.492872,0.0326584,0.0244597,0.680466,opgg_scraped,26.10
Aurora,aurora,16.10,global,platinum_plus,MID,3,Tier 3,36,0.492035,0.025591,0.018852,0.80297,opgg_scraped,26.10
Malphite,malphite,16.10,global,platinum_plus,MID,3,Tier 3,37,0.507856,0.00941993,0.186022,0.0990085,opgg_scraped,26.10
Cho'Gath,chogath,16.10,global,platinum_plus,TOP,3,Tier 3,37,0.497239,0.025221,0.00737098,0.664213,opgg_scraped,26.10
Talon,talon,16.10,global,platinum_plus,MID,3,Tier 3,38,0.493422,0.0214877,0.063603,0.319302,opgg_scraped,26.10
Yasuo,yasuo,16.10,global,platinum_plus,TOP,3,Tier 3,38,0.490275,0.0296541,0.169454,0.249001,opgg_scraped,26.10
Sion,sion,16.10,global,platinum_plus,MID,3,Tier 3,39,0.508728,0.010503099999999998,0.0147011,0.148159,opgg_scraped,26.10
Qiyana,qiyana,16.10,global,platinum_plus,MID,3,Tier 3,40,0.491954,0.0202411,0.012202,0.644405,opgg_scraped,26.10
Pantheon,pantheon,16.10,global,platinum_plus,MID,3,Tier 3,41,0.508397,0.00893544,0.0208539,0.113643,opgg_scraped,26.10
Yasuo,yasuo,16.10,global,platinum_plus,ADC,4,Tier 4,30,0.510988,0.0108949,0.16761100000000004,0.094501,opgg_scraped,26.10
Karthus,karthus,16.10,global,platinum_plus,ADC,4,Tier 4,31,0.53032,0.00544141,0.008679,0.262834,opgg_scraped,26.10
Pantheon,pantheon,16.10,global,platinum_plus,SUPPORT,4,Tier 4,31,0.489936,0.0334256,0.021465200000000004,0.420039,opgg_scraped,26.10
Kha'Zix,khazix,16.10,global,platinum_plus,JUNGLE,4,Tier 4,32,0.488667,0.0501062,0.0290231,0.994348,opgg_scraped,26.10
Draven,draven,16.10,global,platinum_plus,ADC,4,Tier 4,32,0.48572400000000004,0.0372937,0.105946,0.954,opgg_scraped,26.10
Yuumi,yuumi,16.10,global,platinum_plus,SUPPORT,4,Tier 4,32,0.474393,0.0544013,0.0659396,0.998782,opgg_scraped,26.10
Kindred,kindred,16.10,global,platinum_plus,JUNGLE,4,Tier 4,33,0.49945,0.023660400000000005,0.013100099999999998,0.962221,opgg_scraped,26.10
Swain,swain,16.10,global,platinum_plus,SUPPORT,4,Tier 4,33,0.485885,0.0311589,0.0256,0.568466,opgg_scraped,26.10
Yunara,yunara,16.10,global,platinum_plus,ADC,4,Tier 4,33,0.479471,0.0434051,0.0118708,0.993129,opgg_scraped,26.10
Katarina,katarina,16.10,global,platinum_plus,ADC,4,Tier 4,34,0.518835,0.00571504,0.09837389999999999,0.0747889,opgg_scraped,26.10
Darius,darius,16.10,global,platinum_plus,JUNGLE,4,Tier 4,34,0.513222,0.007798160000000001,0.141347,0.0979818,opgg_scraped,26.10
Shaco,shaco,16.10,global,platinum_plus,SUPPORT,4,Tier 4,34,0.49166699999999997,0.0146182,0.213191,0.214782,opgg_scraped,26.10
Nunu & Willump,nunu,16.10,global,platinum_plus,JUNGLE,4,Tier 4,35,0.500749,0.0194117,0.00618414,0.745384,opgg_scraped,26.10
Neeko,neeko,16.10,global,platinum_plus,SUPPORT,4,Tier 4,35,0.490385,0.0187872,0.00872632,0.78991,opgg_scraped,26.10
Varus,varus,16.10,global,platinum_plus,ADC,4,Tier 4,35,0.471922,0.0399213,0.0351004,0.730382,opgg_scraped,26.10
Amumu,amumu,16.10,global,platinum_plus,SUPPORT,4,Tier 4,36,0.512735,0.00531142,0.0138222,0.17042,opgg_scraped,26.10
Nidalee,nidalee,16.10,global,platinum_plus,JUNGLE,4,Tier 4,36,0.494368,0.0279147,0.0127712,0.879925,opgg_scraped,26.10
Ivern,ivern,16.10,global,platinum_plus,JUNGLE,4,Tier 4,37,0.509822,0.010003699999999999,0.00319075,0.793321,opgg_scraped,26.10
Elise,elise,16.10,global,platinum_plus,SUPPORT,4,Tier 4,37,0.507928,0.00588419,0.010281099999999998,0.232771,opgg_scraped,26.10
Renata Glasc,renata,16.10,global,platinum_plus,SUPPORT,4,Tier 4,38,0.497872,0.00974271,0.00138528,0.994761,opgg_scraped,26.10
Hecarim,hecarim,16.10,global,platinum_plus,JUNGLE,4,Tier 4,38,0.489925,0.0330812,0.025609900000000005,0.996295,opgg_scraped,26.10
Quinn,quinn,16.10,global,platinum_plus,TOP,4,Tier 4,39,0.513172,0.00936876,0.0124412,0.296105,opgg_scraped,26.10
Hwei,hwei,16.10,global,platinum_plus,SUPPORT,4,Tier 4,39,0.4983139999999999,0.00845567,0.0256302,0.109514,opgg_scraped,26.10
Zac,zac,16.10,global,platinum_plus,JUNGLE,4,Tier 4,39,0.495755,0.0213421,0.00783665,0.722921,opgg_scraped,26.10
Zyra,zyra,16.10,global,platinum_plus,JUNGLE,4,Tier 4,40,0.50727,0.00803857,0.0276722,0.193769,opgg_scraped,26.10
Galio,galio,16.10,global,platinum_plus,SUPPORT,4,Tier 4,40,0.497637,0.00866508,0.0162956,0.164074,opgg_scraped,26.10
Volibear,volibear,16.10,global,platinum_plus,TOP,4,Tier 4,40,0.492556,0.0295601,0.0174404,0.710471,opgg_scraped,26.10
Gwen,gwen,16.10,global,platinum_plus,TOP,4,Tier 4,41,0.495989,0.0229945,0.0276348,0.601601,opgg_scraped,26.10
Shen,shen,16.10,global,platinum_plus,SUPPORT,4,Tier 4,41,0.495398,0.0081089,0.0084393,0.162267,opgg_scraped,26.10
Elise,elise,16.10,global,platinum_plus,JUNGLE,4,Tier 4,41,0.494515,0.0179606,0.010744399999999998,0.721524,opgg_scraped,26.10
Trundle,trundle,16.10,global,platinum_plus,JUNGLE,4,Tier 4,42,0.505748,0.0076368700000000005,0.00396908,0.309369,opgg_scraped,26.10
Cassiopeia,cassiopeia,16.10,global,platinum_plus,MID,4,Tier 4,42,0.490076,0.0163339,0.0167352,0.661365,opgg_scraped,26.10
Vayne,vayne,16.10,global,platinum_plus,TOP,4,Tier 4,42,0.486736,0.0329239,0.118478,0.34902,opgg_scraped,26.10
Camille,camille,16.10,global,platinum_plus,SUPPORT,4,Tier 4,42,0.48395200000000005,0.0132265,0.0085835,0.341433,opgg_scraped,26.10
Cho'Gath,chogath,16.10,global,platinum_plus,MID,4,Tier 4,43,0.509257,0.00605819,0.00711359,0.161866,opgg_scraped,26.10
Volibear,volibear,16.10,global,platinum_plus,JUNGLE,4,Tier 4,43,0.498686,0.011074499999999998,0.0172395,0.270958,opgg_scraped,26.10
LeBlanc,leblanc,16.10,global,platinum_plus,SUPPORT,4,Tier 4,43,0.494513,0.00680165,0.12395399999999998,0.145716,opgg_scraped,26.10
Gnar,gnar,16.10,global,platinum_plus,TOP,4,Tier 4,43,0.488582,0.0318328,0.0105556,0.983119,opgg_scraped,26.10
Gragas,gragas,16.10,global,platinum_plus,TOP,4,Tier 4,44,0.49443799999999993,0.020926,0.00609807,0.592073,opgg_scraped,26.10
Teemo,teemo,16.10,global,platinum_plus,SUPPORT,4,Tier 4,44,0.490537,0.00632633,0.12314,0.0826628,opgg_scraped,26.10
Aurelion Sol,aurelionsol,16.10,global,platinum_plus,MID,4,Tier 4,44,0.485478,0.0172988,0.0071432200000000005,0.688666,opgg_scraped,26.10
Ziggs,ziggs,16.10,global,platinum_plus,MID,4,Tier 4,45,0.49825699999999995,0.00866707,0.00587749,0.287997,opgg_scraped,26.10
Fiddlesticks,fiddlesticks,16.10,global,platinum_plus,SUPPORT,4,Tier 4,45,0.49335999999999997,0.00550321,0.010380099999999998,0.17614,opgg_scraped,26.10
Ambessa,ambessa,16.10,global,platinum_plus,TOP,4,Tier 4,45,0.488777,0.0270598,0.0577136,0.60032,opgg_scraped,26.10
Poppy,poppy,16.10,global,platinum_plus,TOP,4,Tier 4,46,0.503008,0.0113998,0.023697,0.321536,opgg_scraped,26.10
Ryze,ryze,16.10,global,platinum_plus,MID,4,Tier 4,46,0.4707239999999999,0.027937599999999996,0.00652212,0.790992,opgg_scraped,26.10
Kennen,kennen,16.10,global,platinum_plus,TOP,4,Tier 4,47,0.49774700000000005,0.0149902,0.0107615,0.731287,opgg_scraped,26.10
Taliyah,taliyah,16.10,global,platinum_plus,MID,4,Tier 4,47,0.488063,0.0119699,0.00267925,0.616074,opgg_scraped,26.10
Naafiri,naafiri,16.10,global,platinum_plus,TOP,4,Tier 4,48,0.501335,0.007781399999999999,0.309026,0.0750237,opgg_scraped,26.10
Mel,mel,16.10,global,platinum_plus,MID,4,Tier 4,48,0.454976,0.0336245,0.24699400000000002,0.46991,opgg_scraped,26.10
Vladimir,vladimir,16.10,global,platinum_plus,TOP,4,Tier 4,49,0.495323,0.0142768,0.0620376,0.217697,opgg_scraped,26.10
Orianna,orianna,16.10,global,platinum_plus,MID,4,Tier 4,49,0.463753,0.0268314,0.00613119,0.953377,opgg_scraped,26.10
Jayce,jayce,16.10,global,platinum_plus,MID,4,Tier 4,50,0.488564,0.00763561,0.048075200000000005,0.10134,opgg_scraped,26.10
K'Sante,ksante,16.10,global,platinum_plus,TOP,4,Tier 4,50,0.475758,0.0446464,0.0308351,0.955434,opgg_scraped,26.10
Anivia,anivia,16.10,global,platinum_plus,TOP,4,Tier 4,51,0.505331,0.0074073,0.0321589,0.181178,opgg_scraped,26.10
Vladimir,vladimir,16.10,global,platinum_plus,ADC,5,Tier 5,36,0.506517,0.00505562,0.0598916,0.0796327,opgg_scraped,26.10
Kalista,kalista,16.10,global,platinum_plus,ADC,5,Tier 5,37,0.480691,0.0157599,0.00265798,0.888801,opgg_scraped,26.10
Mel,mel,16.10,global,platinum_plus,ADC,5,Tier 5,38,0.473153,0.0135552,0.24492900000000004,0.192884,opgg_scraped,26.10
Corki,corki,16.10,global,platinum_plus,ADC,5,Tier 5,39,0.475721,0.0122334,0.0028489799999999997,0.847008,opgg_scraped,26.10
Taliyah,taliyah,16.10,global,platinum_plus,JUNGLE,5,Tier 5,44,0.507529,0.00528793,0.00257309,0.273084,opgg_scraped,26.10
Jayce,jayce,16.10,global,platinum_plus,JUNGLE,5,Tier 5,45,0.486326,0.020063,0.0483393,0.267178,opgg_scraped,26.10
Gragas,gragas,16.10,global,platinum_plus,JUNGLE,5,Tier 5,46,0.502681,0.00704479,0.005826639999999999,0.202905,opgg_scraped,26.10
Anivia,anivia,16.10,global,platinum_plus,SUPPORT,5,Tier 5,46,0.477256,0.00652952,0.032152,0.160094,opgg_scraped,26.10
Quinn,quinn,16.10,global,platinum_plus,JUNGLE,5,Tier 5,47,0.487687,0.0179494,0.0125796,0.577495,opgg_scraped,26.10
Zoe,zoe,16.10,global,platinum_plus,SUPPORT,5,Tier 5,47,0.472391,0.00784766,0.0400867,0.21432,opgg_scraped,26.10
Skarner,skarner,16.10,global,platinum_plus,JUNGLE,5,Tier 5,48,0.49613300000000005,0.010229300000000002,0.00261358,0.636,opgg_scraped,26.10
Mel,mel,16.10,global,platinum_plus,SUPPORT,5,Tier 5,48,0.43137000000000003,0.0238135,0.246517,0.328824,opgg_scraped,26.10
Rengar,rengar,16.10,global,platinum_plus,JUNGLE,5,Tier 5,49,0.472586,0.0383181,0.063056,0.904438,opgg_scraped,26.10
Ashe,ashe,16.10,global,platinum_plus,SUPPORT,5,Tier 5,49,0.441342,0.00995004,0.078194,0.0739252,opgg_scraped,26.10
Teemo,teemo,16.10,global,platinum_plus,JUNGLE,5,Tier 5,50,0.496449,0.00689983,0.12363399999999998,0.0915556,opgg_scraped,26.10
Fizz,fizz,16.10,global,platinum_plus,JUNGLE,5,Tier 5,51,0.497635,0.00604335,0.0946469,0.0857108,opgg_scraped,26.10
Xin Zhao,xinzhao,16.10,global,platinum_plus,MID,5,Tier 5,51,0.48031199999999996,0.00807708,0.0525419,0.119782,opgg_scraped,26.10
Cassiopeia,cassiopeia,16.10,global,platinum_plus,TOP,5,Tier 5,52,0.506201,0.00590724,0.016073,0.235759,opgg_scraped,26.10
Karthus,karthus,16.10,global,platinum_plus,JUNGLE,5,Tier 5,52,0.487539,0.0129233,0.00955657,0.615151,opgg_scraped,26.10
Azir,azir,16.10,global,platinum_plus,MID,5,Tier 5,52,0.462281,0.0153772,0.00292834,0.917803,opgg_scraped,26.10
Poppy,poppy,16.10,global,platinum_plus,JUNGLE,5,Tier 5,53,0.49994900000000003,0.00503629,0.0229951,0.144603,opgg_scraped,26.10
Trundle,trundle,16.10,global,platinum_plus,TOP,5,Tier 5,53,0.48670699999999995,0.0161822,0.00407278,0.643963,opgg_scraped,26.10
Nunu & Willump,nunu,16.10,global,platinum_plus,MID,5,Tier 5,53,0.48491,0.00500624,0.005662080000000001,0.191584,opgg_scraped,26.10
Lissandra,lissandra,16.10,global,platinum_plus,TOP,5,Tier 5,54,0.502554,0.006000759999999999,0.028519699999999995,0.104854,opgg_scraped,26.10
Gwen,gwen,16.10,global,platinum_plus,JUNGLE,5,Tier 5,54,0.4909220000000001,0.00877102,0.0271275,0.233599,opgg_scraped,26.10
Tristana,tristana,16.10,global,platinum_plus,MID,5,Tier 5,54,0.466443,0.00655498,0.020496,0.0870609,opgg_scraped,26.10
Malphite,malphite,16.10,global,platinum_plus,JUNGLE,5,Tier 5,55,0.482821,0.00934422,0.18551599999999996,0.0985455,opgg_scraped,26.10
Rumble,rumble,16.10,global,platinum_plus,TOP,5,Tier 5,55,0.477582,0.0194691,0.010320000000000001,0.836515,opgg_scraped,26.10
Smolder,smolder,16.10,global,platinum_plus,MID,5,Tier 5,55,0.45306,0.00802484,0.123878,0.0936676,opgg_scraped,26.10
Malzahar,malzahar,16.10,global,platinum_plus,TOP,5,Tier 5,56,0.49467800000000006,0.00615093,0.130831,0.0785545,opgg_scraped,26.10
Ambessa,ambessa,16.10,global,platinum_plus,JUNGLE,5,Tier 5,56,0.477582,0.0150384,0.0575645,0.339623,opgg_scraped,26.10
Dr. Mundo,drmundo,16.10,global,platinum_plus,JUNGLE,5,Tier 5,57,0.493236,0.00532008,0.0342314,0.121939,opgg_scraped,26.10
Xin Zhao,xinzhao,16.10,global,platinum_plus,TOP,5,Tier 5,57,0.4748820000000001,0.0172624,0.0535246,0.252332,opgg_scraped,26.10
Ryze,ryze,16.10,global,platinum_plus,TOP,5,Tier 5,58,0.488667,0.00701449,0.00629943,0.195754,opgg_scraped,26.10
Pantheon,pantheon,16.10,global,platinum_plus,JUNGLE,5,Tier 5,58,0.479285,0.011051100000000001,0.0209863,0.141027,opgg_scraped,26.10
Varus,varus,16.10,global,platinum_plus,TOP,5,Tier 5,59,0.47884,0.01159,0.0347633,0.205273,opgg_scraped,26.10
Zed,zed,16.10,global,platinum_plus,JUNGLE,5,Tier 5,59,0.462868,0.0212033,0.256254,0.208932,opgg_scraped,26.10
Aurora,aurora,16.10,global,platinum_plus,TOP,5,Tier 5,60,0.486973,0.00548429,0.0179067,0.169615,opgg_scraped,26.10
Qiyana,qiyana,16.10,global,platinum_plus,JUNGLE,5,Tier 5,60,0.469972,0.00882206,0.0120034,0.281815,opgg_scraped,26.10
Master Yi,masteryi,16.10,global,platinum_plus,TOP,5,Tier 5,61,0.47614000000000006,0.00837322,0.160478,0.100849,opgg_scraped,26.10
Udyr,udyr,16.10,global,platinum_plus,TOP,5,Tier 5,62,0.484829,0.00575396,0.00865158,0.214687,opgg_scraped,26.10
Nocturne,nocturne,16.11,global,platinum_plus,JUNGLE,0,OP,1,0.520097,0.0879685,0.186467,0.980646,opgg_scraped,26.11
Senna,senna,16.11,global,platinum_plus,ADC,1,Tier 1,1,0.529642,0.0746016,0.0541085,0.502029,opgg_scraped,26.11
Fizz,fizz,16.11,global,platinum_plus,MID,1,Tier 1,1,0.520422,0.0628657,0.0946049,0.877822,opgg_scraped,26.11
Garen,garen,16.11,global,platinum_plus,TOP,1,Tier 1,1,0.517606,0.0842872,0.0758189,0.932156,opgg_scraped,26.11
Thresh,thresh,16.11,global,platinum_plus,SUPPORT,1,Tier 1,1,0.516553,0.128588,0.0692589,0.99591,opgg_scraped,26.11
Xerath,xerath,16.11,global,platinum_plus,MID,1,Tier 1,2,0.520553,0.0553107,0.10334099999999999,0.557183,opgg_scraped,26.11
Seraphine,seraphine,16.11,global,platinum_plus,SUPPORT,1,Tier 1,2,0.518488,0.112375,0.0809197,0.880015,opgg_scraped,26.11
Briar,briar,16.11,global,platinum_plus,JUNGLE,1,Tier 1,2,0.518483,0.052820200000000005,0.110198,0.894294,opgg_scraped,26.11
Jinx,jinx,16.11,global,platinum_plus,ADC,1,Tier 1,2,0.517359,0.125731,0.029386000000000002,0.996207,opgg_scraped,26.11
Malphite,malphite,16.11,global,platinum_plus,TOP,1,Tier 1,2,0.515842,0.0756779,0.190804,0.759816,opgg_scraped,26.11
Warwick,warwick,16.11,global,platinum_plus,JUNGLE,1,Tier 1,3,0.522497,0.0400045,0.0282332,0.725273,opgg_scraped,26.11
Ornn,ornn,16.11,global,platinum_plus,TOP,1,Tier 1,3,0.519004,0.0399831,0.00720932,0.954123,opgg_scraped,26.11
Senna,senna,16.11,global,platinum_plus,SUPPORT,1,Tier 1,3,0.518869,0.0744044,0.054117,0.485936,opgg_scraped,26.11
Ashe,ashe,16.11,global,platinum_plus,ADC,1,Tier 1,3,0.509744,0.140618,0.09062660000000002,0.921885,opgg_scraped,26.11
Ahri,ahri,16.11,global,platinum_plus,MID,1,Tier 1,3,0.508425,0.100353,0.0426178,0.967247,opgg_scraped,26.11
Brand,brand,16.11,global,platinum_plus,ADC,1,Tier 1,4,0.533199,0.0330173,0.125494,0.330432,opgg_scraped,26.11
Leona,leona,16.11,global,platinum_plus,SUPPORT,1,Tier 1,4,0.516815,0.0821181,0.079246,0.994903,opgg_scraped,26.11
Teemo,teemo,16.11,global,platinum_plus,TOP,1,Tier 1,4,0.509554,0.05906750000000001,0.133966,0.705994,opgg_scraped,26.11
Malzahar,malzahar,16.11,global,platinum_plus,MID,1,Tier 1,4,0.508271,0.0746568,0.138365,0.882609,opgg_scraped,26.11
Lee Sin,leesin,16.11,global,platinum_plus,JUNGLE,1,Tier 1,4,0.49989100000000003,0.143081,0.196837,0.955739,opgg_scraped,26.11
Shyvana,shyvana,16.11,global,platinum_plus,JUNGLE,1,Tier 1,5,0.518759,0.0454237,0.0684391,0.939172,opgg_scraped,26.11
Viktor,viktor,16.11,global,platinum_plus,MID,1,Tier 1,5,0.502477,0.095833,0.0926245,0.940845,opgg_scraped,26.11
Vladimir,vladimir,16.11,global,platinum_plus,MID,1,Tier 1,6,0.515599,0.048716600000000006,0.0616212,0.709248,opgg_scraped,26.11
Wukong,monkeyking,16.11,global,platinum_plus,JUNGLE,1,Tier 1,6,0.515587,0.0444923,0.01215,0.792393,opgg_scraped,26.11
Diana,diana,16.11,global,platinum_plus,MID,1,Tier 1,7,0.515103,0.0461377,0.0688348,0.419263,opgg_scraped,26.11
Kayn,kayn,16.11,global,platinum_plus,JUNGLE,1,Tier 1,7,0.503721,0.08517820000000001,0.0578371,0.951663,opgg_scraped,26.11
Lux,lux,16.11,global,platinum_plus,MID,1,Tier 1,8,0.514645,0.0442936,0.0542232,0.334576,opgg_scraped,26.11
Master Yi,masteryi,16.11,global,platinum_plus,JUNGLE,1,Tier 1,8,0.503843,0.074166,0.166867,0.859608,opgg_scraped,26.11
Rammus,rammus,16.11,global,platinum_plus,JUNGLE,1,Tier 1,9,0.523651,0.0214988,0.0493972,0.897483,opgg_scraped,26.11
Katarina,katarina,16.11,global,platinum_plus,MID,1,Tier 1,9,0.503191,0.0725363,0.102398,0.909806,opgg_scraped,26.11
Naafiri,naafiri,16.11,global,platinum_plus,MID,1,Tier 1,10,0.515366,0.0279709,0.310141,0.301457,opgg_scraped,26.11
Xin Zhao,xinzhao,16.11,global,platinum_plus,JUNGLE,1,Tier 1,10,0.506106,0.0611805,0.0825249,0.566336,opgg_scraped,26.11
Sett,sett,16.11,global,platinum_plus,TOP,2,Tier 2,5,0.509492,0.0543621,0.0277632,0.92368,opgg_scraped,26.11
Smolder,smolder,16.11,global,platinum_plus,ADC,2,Tier 2,5,0.508601,0.10393599999999999,0.257819,0.869426,opgg_scraped,26.11
Nautilus,nautilus,16.11,global,platinum_plus,SUPPORT,2,Tier 2,5,0.501539,0.104923,0.141373,0.97892,opgg_scraped,26.11
Bard,bard,16.11,global,platinum_plus,SUPPORT,2,Tier 2,6,0.510529,0.059441600000000004,0.027379699999999996,0.99479,opgg_scraped,26.11
Sion,sion,16.11,global,platinum_plus,TOP,2,Tier 2,6,0.507728,0.0557285,0.014297800000000001,0.783004,opgg_scraped,26.11
Caitlyn,caitlyn,16.11,global,platinum_plus,ADC,2,Tier 2,6,0.493191,0.18087,0.238537,0.981714,opgg_scraped,26.11
Braum,braum,16.11,global,platinum_plus,SUPPORT,2,Tier 2,7,0.513822,0.0456225,0.0535578,0.997346,opgg_scraped,26.11
Dr. Mundo,drmundo,16.11,global,platinum_plus,TOP,2,Tier 2,7,0.51261,0.0380742,0.0360504,0.838375,opgg_scraped,26.11
Jhin,jhin,16.11,global,platinum_plus,ADC,2,Tier 2,7,0.495926,0.16055600000000003,0.0175987,0.976576,opgg_scraped,26.11
Seraphine,seraphine,16.11,global,platinum_plus,ADC,2,Tier 2,8,0.541002,0.012243300000000002,0.0800949,0.0987913,opgg_scraped,26.11
Kayle,kayle,16.11,global,platinum_plus,TOP,2,Tier 2,8,0.518447,0.0274861,0.026600899999999997,0.818382,opgg_scraped,26.11
Blitzcrank,blitzcrank,16.11,global,platinum_plus,SUPPORT,2,Tier 2,8,0.51007,0.0526387,0.121318,0.99233,opgg_scraped,26.11
Shen,shen,16.11,global,platinum_plus,TOP,2,Tier 2,9,0.512279,0.0363686,0.00947073,0.740963,opgg_scraped,26.11
Milio,milio,16.11,global,platinum_plus,SUPPORT,2,Tier 2,9,0.506761,0.0631653,0.0461613,0.998676,opgg_scraped,26.11
Miss Fortune,missfortune,16.11,global,platinum_plus,ADC,2,Tier 2,9,0.505072,0.0857539,0.0152956,0.95733,opgg_scraped,26.11
Singed,singed,16.11,global,platinum_plus,TOP,2,Tier 2,10,0.518587,0.025475399999999995,0.0101009,0.832134,opgg_scraped,26.11
Soraka,soraka,16.11,global,platinum_plus,SUPPORT,2,Tier 2,10,0.511006,0.0492972,0.0234533,0.982285,opgg_scraped,26.11
Xin Zhao,xinzhao,16.11,global,platinum_plus,MID,2,Tier 2,11,0.527644,0.0181321,0.0823872,0.16716,opgg_scraped,26.11
Gangplank,gangplank,16.11,global,platinum_plus,TOP,2,Tier 2,11,0.505622,0.0512075,0.0504403,0.914587,opgg_scraped,26.11
Naafiri,naafiri,16.11,global,platinum_plus,JUNGLE,2,Tier 2,11,0.503157,0.0576536,0.310287,0.623909,opgg_scraped,26.11
Lulu,lulu,16.11,global,platinum_plus,SUPPORT,2,Tier 2,11,0.498055,0.08194410000000002,0.0726798,0.990569,opgg_scraped,26.11
Rell,rell,16.11,global,platinum_plus,SUPPORT,2,Tier 2,12,0.515219,0.0341808,0.0106399,0.991489,opgg_scraped,26.11
Yone,yone,16.11,global,platinum_plus,TOP,2,Tier 2,12,0.499564,0.0656474,0.0662769,0.510497,opgg_scraped,26.11
Zed,zed,16.11,global,platinum_plus,MID,2,Tier 2,12,0.495883,0.077245,0.271315,0.734376,opgg_scraped,26.11
Graves,graves,16.11,global,platinum_plus,JUNGLE,2,Tier 2,12,0.49461799999999995,0.110794,0.126893,0.970563,opgg_scraped,26.11
Lissandra,lissandra,16.11,global,platinum_plus,MID,2,Tier 2,13,0.5088,0.0460785,0.028862900000000004,0.87041,opgg_scraped,26.11
Irelia,irelia,16.11,global,platinum_plus,TOP,2,Tier 2,13,0.505995,0.0415384,0.13491,0.588599,opgg_scraped,26.11
Viego,viego,16.11,global,platinum_plus,JUNGLE,2,Tier 2,13,0.495907,0.0937062,0.0809207,0.964744,opgg_scraped,26.11
Nami,nami,16.11,global,platinum_plus,SUPPORT,2,Tier 2,13,0.495834,0.0882943,0.0197052,0.998927,opgg_scraped,26.11
Veigar,veigar,16.11,global,platinum_plus,MID,2,Tier 2,14,0.509747,0.04258979999999999,0.0149752,0.733449,opgg_scraped,26.11
Diana,diana,16.11,global,platinum_plus,JUNGLE,2,Tier 2,14,0.501796,0.061628600000000006,0.0688422,0.562326,opgg_scraped,26.11
Darius,darius,16.11,global,platinum_plus,TOP,2,Tier 2,14,0.495966,0.0717288,0.143818,0.883794,opgg_scraped,26.11
Vex,vex,16.11,global,platinum_plus,MID,2,Tier 2,15,0.517756,0.0273896,0.0322649,0.948229,opgg_scraped,26.11
Jarvan IV,jarvaniv,16.11,global,platinum_plus,JUNGLE,2,Tier 2,15,0.501111,0.0619383,0.012824900000000002,0.908353,opgg_scraped,26.11
Twisted Fate,twistedfate,16.11,global,platinum_plus,MID,2,Tier 2,16,0.504468,0.0494114,0.00955335,0.844195,opgg_scraped,26.11
Akali,akali,16.11,global,platinum_plus,MID,2,Tier 2,17,0.496102,0.06210990000000001,0.17999700000000002,0.698892,opgg_scraped,26.11
Ekko,ekko,16.11,global,platinum_plus,MID,2,Tier 2,18,0.508388,0.0318292,0.019638,0.423685,opgg_scraped,26.11
Yasuo,yasuo,16.11,global,platinum_plus,MID,2,Tier 2,19,0.48654,0.0774377,0.175125,0.653917,opgg_scraped,26.11
Annie,annie,16.11,global,platinum_plus,MID,2,Tier 2,20,0.508901,0.027073799999999995,0.008185,0.841824,opgg_scraped,26.11
Sylas,sylas,16.11,global,platinum_plus,MID,2,Tier 2,21,0.488284,0.0644335,0.111239,0.488587,opgg_scraped,26.11
Yone,yone,16.11,global,platinum_plus,MID,2,Tier 2,22,0.490377,0.0604889,0.0662812,0.476795,opgg_scraped,26.11
Twitch,twitch,16.11,global,platinum_plus,ADC,3,Tier 3,10,0.509558,0.0503299,0.0598612,0.866621,opgg_scraped,26.11
Swain,swain,16.11,global,platinum_plus,ADC,3,Tier 3,11,0.532918,0.012169099999999999,0.0268841,0.221891,opgg_scraped,26.11
Kog'Maw,kogmaw,16.11,global,platinum_plus,ADC,3,Tier 3,12,0.524562,0.0171791,0.00406889,0.815207,opgg_scraped,26.11
Xayah,xayah,16.11,global,platinum_plus,ADC,3,Tier 3,13,0.510762,0.0355642,0.0045533,0.993907,opgg_scraped,26.11
Samira,samira,16.11,global,platinum_plus,ADC,3,Tier 3,14,0.502804,0.05089350000000001,0.0719762,0.988714,opgg_scraped,26.11
Morgana,morgana,16.11,global,platinum_plus,SUPPORT,3,Tier 3,14,0.501778,0.0525273,0.18886299999999998,0.847446,opgg_scraped,26.11
Olaf,olaf,16.11,global,platinum_plus,TOP,3,Tier 3,15,0.51501,0.0249669,0.0247255,0.85312,opgg_scraped,26.11
Lux,lux,16.11,global,platinum_plus,SUPPORT,3,Tier 3,15,0.493947,0.08125149999999999,0.0542544,0.606583,opgg_scraped,26.11
Kai'Sa,kaisa,16.11,global,platinum_plus,ADC,3,Tier 3,15,0.48626,0.119563,0.013774700000000003,0.96561,opgg_scraped,26.11
Nasus,nasus,16.11,global,platinum_plus,JUNGLE,3,Tier 3,16,0.526754,0.00924568,0.0371887,0.197952,opgg_scraped,26.11
Xin Zhao,xinzhao,16.11,global,platinum_plus,TOP,3,Tier 3,16,0.510768,0.028076900000000002,0.0824413,0.255361,opgg_scraped,26.11
Pyke,pyke,16.11,global,platinum_plus,SUPPORT,3,Tier 3,16,0.49727400000000005,0.0643845,0.214635,0.986922,opgg_scraped,26.11
Ezreal,ezreal,16.11,global,platinum_plus,ADC,3,Tier 3,16,0.476453,0.16612400000000002,0.0771141,0.939573,opgg_scraped,26.11
Zilean,zilean,16.11,global,platinum_plus,SUPPORT,3,Tier 3,17,0.517645,0.0244591,0.010218,0.876156,opgg_scraped,26.11
Shaco,shaco,16.11,global,platinum_plus,JUNGLE,3,Tier 3,17,0.498944,0.0522506,0.212714,0.76302,opgg_scraped,26.11
Mordekaiser,mordekaiser,16.11,global,platinum_plus,TOP,3,Tier 3,17,0.498269,0.0543584,0.0925427,0.904713,opgg_scraped,26.11
Vayne,vayne,16.11,global,platinum_plus,ADC,3,Tier 3,17,0.49649,0.055746500000000004,0.120965,0.612501,opgg_scraped,26.11
Veigar,veigar,16.11,global,platinum_plus,ADC,3,Tier 3,18,0.530296,0.00920267,0.0147645,0.161392,opgg_scraped,26.11
Warwick,warwick,16.11,global,platinum_plus,TOP,3,Tier 3,18,0.52139,0.0147511,0.0281035,0.262761,opgg_scraped,26.11
Rek'Sai,reksai,16.11,global,platinum_plus,JUNGLE,3,Tier 3,18,0.515496,0.0197392,0.0141504,0.901843,opgg_scraped,26.11
Brand,brand,16.11,global,platinum_plus,SUPPORT,3,Tier 3,18,0.503382,0.043306399999999995,0.125605,0.420622,opgg_scraped,26.11
Ziggs,ziggs,16.11,global,platinum_plus,ADC,3,Tier 3,19,0.517581,0.0186141,0.00565266,0.639926,opgg_scraped,26.11
Vel'Koz,velkoz,16.11,global,platinum_plus,SUPPORT,3,Tier 3,19,0.507088,0.037855,0.0166821,0.621985,opgg_scraped,26.11
Yorick,yorick,16.11,global,platinum_plus,TOP,3,Tier 3,19,0.500568,0.0448149,0.09144429999999999,0.936012,opgg_scraped,26.11
Vi,vi,16.11,global,platinum_plus,JUNGLE,3,Tier 3,19,0.49922400000000006,0.0561191,0.0143958,0.929422,opgg_scraped,26.11
Janna,janna,16.11,global,platinum_plus,SUPPORT,3,Tier 3,20,0.512107,0.029183,0.00544559,0.990397,opgg_scraped,26.11
Fiddlesticks,fiddlesticks,16.11,global,platinum_plus,JUNGLE,3,Tier 3,20,0.51097,0.020829,0.011830200000000003,0.68959,opgg_scraped,26.11
Aatrox,aatrox,16.11,global,platinum_plus,TOP,3,Tier 3,20,0.496851,0.0538533,0.077402,0.81365,opgg_scraped,26.11
Varus,varus,16.11,global,platinum_plus,ADC,3,Tier 3,20,0.494416,0.0596685,0.0472752,0.757012,opgg_scraped,26.11
Sona,sona,16.11,global,platinum_plus,SUPPORT,3,Tier 3,21,0.514604,0.0257312,0.00217579,0.992742,opgg_scraped,26.11
Tryndamere,tryndamere,16.11,global,platinum_plus,TOP,3,Tier 3,21,0.505738,0.0325082,0.023671100000000004,0.822149,opgg_scraped,26.11
Talon,talon,16.11,global,platinum_plus,JUNGLE,3,Tier 3,21,0.498641,0.0443793,0.0657404,0.651129,opgg_scraped,26.11
Lucian,lucian,16.11,global,platinum_plus,ADC,3,Tier 3,21,0.488121,0.08372030000000001,0.0276818,0.967092,opgg_scraped,26.11
Nilah,nilah,16.11,global,platinum_plus,ADC,3,Tier 3,22,0.523795,0.012179600000000002,0.0210838,0.987131,opgg_scraped,26.11
Ekko,ekko,16.11,global,platinum_plus,JUNGLE,3,Tier 3,22,0.499992,0.0407938,0.0196536,0.545239,opgg_scraped,26.11
Jax,jax,16.11,global,platinum_plus,TOP,3,Tier 3,22,0.496873,0.049208600000000005,0.100342,0.675386,opgg_scraped,26.11
Karma,karma,16.11,global,platinum_plus,SUPPORT,3,Tier 3,22,0.492349,0.0750822,0.05986899999999999,0.953029,opgg_scraped,26.11
Karthus,karthus,16.11,global,platinum_plus,ADC,3,Tier 3,23,0.533636,0.006691249999999999,0.00966424,0.297897,opgg_scraped,26.11
Evelynn,evelynn,16.11,global,platinum_plus,JUNGLE,3,Tier 3,23,0.506965,0.025768,0.0239975,0.963979,opgg_scraped,26.11
Xerath,xerath,16.11,global,platinum_plus,SUPPORT,3,Tier 3,23,0.50025,0.0371995,0.103299,0.370365,opgg_scraped,26.11
Renekton,renekton,16.11,global,platinum_plus,TOP,3,Tier 3,23,0.49690200000000007,0.0481297,0.0345327,0.946108,opgg_scraped,26.11
Galio,galio,16.11,global,platinum_plus,MID,3,Tier 3,23,0.4965490000000001,0.0403904,0.015209000000000002,0.782417,opgg_scraped,26.11
Udyr,udyr,16.11,global,platinum_plus,JUNGLE,3,Tier 3,24,0.510333,0.020492200000000002,0.00907835,0.766899,opgg_scraped,26.11
Tahm Kench,tahmkench,16.11,global,platinum_plus,SUPPORT,3,Tier 3,24,0.506533,0.028760999999999995,0.0290808,0.515634,opgg_scraped,26.11
Illaoi,illaoi,16.11,global,platinum_plus,TOP,3,Tier 3,24,0.505975,0.0281731,0.0525168,0.965391,opgg_scraped,26.11
Zeri,zeri,16.11,global,platinum_plus,ADC,3,Tier 3,24,0.501268,0.0361987,0.00449956,0.961178,opgg_scraped,26.11
Anivia,anivia,16.11,global,platinum_plus,MID,3,Tier 3,24,0.500034,0.029795100000000005,0.0363292,0.639328,opgg_scraped,26.11
Vel'Koz,velkoz,16.11,global,platinum_plus,ADC,3,Tier 3,25,0.530093,0.006593470000000001,0.0162953,0.111627,opgg_scraped,26.11
Taric,taric,16.11,global,platinum_plus,SUPPORT,3,Tier 3,25,0.522838,0.011932999999999997,0.00252404,0.94644,opgg_scraped,26.11
Amumu,amumu,16.11,global,platinum_plus,JUNGLE,3,Tier 3,25,0.507065,0.0248819,0.0147204,0.818224,opgg_scraped,26.11
Hwei,hwei,16.11,global,platinum_plus,MID,3,Tier 3,25,0.497732,0.033716,0.0156052,0.734987,opgg_scraped,26.11
Bel'Veth,belveth,16.11,global,platinum_plus,JUNGLE,3,Tier 3,26,0.509821,0.0174088,0.0222141,0.929963,opgg_scraped,26.11
Zyra,zyra,16.11,global,platinum_plus,SUPPORT,3,Tier 3,26,0.502907,0.0309076,0.0290165,0.738363,opgg_scraped,26.11
Sivir,sivir,16.11,global,platinum_plus,ADC,3,Tier 3,26,0.49743200000000004,0.0401312,0.0172914,0.988216,opgg_scraped,26.11
Syndra,syndra,16.11,global,platinum_plus,MID,3,Tier 3,26,0.492699,0.0390397,0.0226351,0.914178,opgg_scraped,26.11
Maokai,maokai,16.11,global,platinum_plus,SUPPORT,3,Tier 3,27,0.513581,0.0181622,0.00181017,0.693954,opgg_scraped,26.11
Vel'Koz,velkoz,16.11,global,platinum_plus,MID,3,Tier 3,27,0.511862,0.0145489,0.016596,0.24187,opgg_scraped,26.11
Nunu & Willump,nunu,16.11,global,platinum_plus,JUNGLE,3,Tier 3,27,0.508046,0.0192097,0.005569769999999999,0.739449,opgg_scraped,26.11
Tristana,tristana,16.11,global,platinum_plus,ADC,3,Tier 3,27,0.496201,0.04237130000000001,0.0116682,0.895039,opgg_scraped,26.11
Sion,sion,16.11,global,platinum_plus,MID,3,Tier 3,28,0.520657,0.00919588,0.0141844,0.130966,opgg_scraped,26.11
Yasuo,yasuo,16.11,global,platinum_plus,ADC,3,Tier 3,28,0.515783,0.0108761,0.17358,0.0935298,opgg_scraped,26.11
Lillia,lillia,16.11,global,platinum_plus,JUNGLE,3,Tier 3,28,0.50338,0.0260673,0.0163469,0.970884,opgg_scraped,26.11
Alistar,alistar,16.11,global,platinum_plus,SUPPORT,3,Tier 3,28,0.498559,0.0371754,0.014168,0.958048,opgg_scraped,26.11
Rakan,rakan,16.11,global,platinum_plus,SUPPORT,3,Tier 3,29,0.499247,0.0326914,0.00279882,0.98762,opgg_scraped,26.11
Aphelios,aphelios,16.11,global,platinum_plus,ADC,3,Tier 3,29,0.493677,0.0408209,0.0149446,0.987092,opgg_scraped,26.11
LeBlanc,leblanc,16.11,global,platinum_plus,MID,3,Tier 3,29,0.49036900000000005,0.0383639,0.129359,0.844689,opgg_scraped,26.11
Zoe,zoe,16.11,global,platinum_plus,MID,3,Tier 3,30,0.497409,0.0286953,0.0417924,0.735414,opgg_scraped,26.11
Riven,riven,16.11,global,platinum_plus,MID,3,Tier 3,31,0.516384,0.0111356,0.0202689,0.262674,opgg_scraped,26.11
Irelia,irelia,16.11,global,platinum_plus,MID,3,Tier 3,32,0.495529,0.0276383,0.134843,0.396973,opgg_scraped,26.11
Brand,brand,16.11,global,platinum_plus,MID,3,Tier 3,33,0.506194,0.0151885,0.125131,0.149263,opgg_scraped,26.11
Aurora,aurora,16.11,global,platinum_plus,MID,3,Tier 3,34,0.496478,0.027664599999999998,0.0206007,0.809262,opgg_scraped,26.11
Kassadin,kassadin,16.11,global,platinum_plus,MID,3,Tier 3,35,0.49575899999999995,0.0251958,0.0209576,0.955738,opgg_scraped,26.11
Aurelion Sol,aurelionsol,16.11,global,platinum_plus,MID,3,Tier 3,36,0.501096,0.0194467,0.00794107,0.712079,opgg_scraped,26.11
Talon,talon,16.11,global,platinum_plus,MID,3,Tier 3,37,0.496051,0.0230267,0.0656824,0.336467,opgg_scraped,26.11
Swain,swain,16.11,global,platinum_plus,MID,3,Tier 3,38,0.518057,0.00786799,0.0268141,0.140877,opgg_scraped,26.11
Akshan,akshan,16.11,global,platinum_plus,MID,3,Tier 3,39,0.49646499999999993,0.022806000000000003,0.0212752,0.879383,opgg_scraped,26.11
Pantheon,pantheon,16.11,global,platinum_plus,MID,3,Tier 3,40,0.510134,0.00968187,0.0207256,0.118842,opgg_scraped,26.11
Malphite,malphite,16.11,global,platinum_plus,MID,3,Tier 3,41,0.505782,0.00961975,0.18948299999999998,0.0979002,opgg_scraped,26.11
Cassiopeia,cassiopeia,16.11,global,platinum_plus,MID,3,Tier 3,42,0.498583,0.0167779,0.0158572,0.674298,opgg_scraped,26.11
Ryze,ryze,16.11,global,platinum_plus,MID,3,Tier 3,43,0.483097,0.0335749,0.00771224,0.798086,opgg_scraped,26.11
Qiyana,qiyana,16.11,global,platinum_plus,MID,3,Tier 3,44,0.493145,0.0202359,0.0130254,0.639274,opgg_scraped,26.11
Kayle,kayle,16.11,global,platinum_plus,MID,3,Tier 3,45,0.517122,0.00511488,0.0260247,0.154368,opgg_scraped,26.11
Kled,kled,16.11,global,platinum_plus,TOP,4,Tier 4,25,0.515923,0.014612199999999999,0.00804651,0.899095,opgg_scraped,26.11
Urgot,urgot,16.11,global,platinum_plus,TOP,4,Tier 4,26,0.506443,0.0244856,0.00869101,0.954386,opgg_scraped,26.11
Tahm Kench,tahmkench,16.11,global,platinum_plus,TOP,4,Tier 4,27,0.506668,0.0227725,0.0290409,0.407534,opgg_scraped,26.11
Nasus,nasus,16.11,global,platinum_plus,TOP,4,Tier 4,28,0.499741,0.0333872,0.0381416,0.702337,opgg_scraped,26.11
Sejuani,sejuani,16.11,global,platinum_plus,JUNGLE,4,Tier 4,29,0.506171,0.0190381,0.00192048,0.83913,opgg_scraped,26.11
Cho'Gath,chogath,16.11,global,platinum_plus,TOP,4,Tier 4,29,0.505072,0.0248766,0.00730538,0.666882,opgg_scraped,26.11
Teemo,teemo,16.11,global,platinum_plus,ADC,4,Tier 4,30,0.515308,0.00820704,0.122752,0.101257,opgg_scraped,26.11
Poppy,poppy,16.11,global,platinum_plus,SUPPORT,4,Tier 4,30,0.505685,0.0170431,0.022452700000000003,0.503506,opgg_scraped,26.11
Pantheon,pantheon,16.11,global,platinum_plus,TOP,4,Tier 4,30,0.500557,0.0267209,0.0208726,0.32358,opgg_scraped,26.11
Kha'Zix,khazix,16.11,global,platinum_plus,JUNGLE,4,Tier 4,30,0.490023,0.0522502,0.0293299,0.993097,opgg_scraped,26.11
Akali,akali,16.11,global,platinum_plus,TOP,4,Tier 4,31,0.496522,0.0267682,0.17976200000000003,0.297159,opgg_scraped,26.11
Sylas,sylas,16.11,global,platinum_plus,JUNGLE,4,Tier 4,31,0.487058,0.0460359,0.111207,0.350512,opgg_scraped,26.11
Draven,draven,16.11,global,platinum_plus,ADC,4,Tier 4,31,0.487027,0.0388149,0.107653,0.950535,opgg_scraped,26.11
Pantheon,pantheon,16.11,global,platinum_plus,SUPPORT,4,Tier 4,31,0.485401,0.0330068,0.020899800000000003,0.400422,opgg_scraped,26.11
Hwei,hwei,16.11,global,platinum_plus,ADC,4,Tier 4,32,0.522068,0.00573812,0.0151663,0.127385,opgg_scraped,26.11
Darius,darius,16.11,global,platinum_plus,JUNGLE,4,Tier 4,32,0.512262,0.00778719,0.14262,0.097655,opgg_scraped,26.11
Fiora,fiora,16.11,global,platinum_plus,TOP,4,Tier 4,32,0.496972,0.0287878,0.0385872,0.935053,opgg_scraped,26.11
Shaco,shaco,16.11,global,platinum_plus,SUPPORT,4,Tier 4,32,0.493778,0.0146417,0.211923,0.210457,opgg_scraped,26.11
Vladimir,vladimir,16.11,global,platinum_plus,ADC,4,Tier 4,33,0.517689,0.00613761,0.0607881,0.0909967,opgg_scraped,26.11
Aatrox,aatrox,16.11,global,platinum_plus,JUNGLE,4,Tier 4,33,0.509483,0.0100576,0.076801,0.154659,opgg_scraped,26.11
Heimerdinger,heimerdinger,16.11,global,platinum_plus,TOP,4,Tier 4,33,0.507231,0.0157661,0.0227173,0.676225,opgg_scraped,26.11
Yuumi,yuumi,16.11,global,platinum_plus,SUPPORT,4,Tier 4,33,0.4730730000000001,0.0476212,0.0588789,0.998544,opgg_scraped,26.11
Ivern,ivern,16.11,global,platinum_plus,JUNGLE,4,Tier 4,34,0.509644,0.010167500000000001,0.00316423,0.790642,opgg_scraped,26.11
Volibear,volibear,16.11,global,platinum_plus,TOP,4,Tier 4,34,0.494843,0.0305277,0.0190783,0.706665,opgg_scraped,26.11
Swain,swain,16.11,global,platinum_plus,SUPPORT,4,Tier 4,34,0.481251,0.0303237,0.0270736,0.536618,opgg_scraped,26.11
Yunara,yunara,16.11,global,platinum_plus,ADC,4,Tier 4,34,0.477944,0.0445216,0.0129576,0.99342,opgg_scraped,26.11
Amumu,amumu,16.11,global,platinum_plus,SUPPORT,4,Tier 4,35,0.513461,0.00539421,0.0142295,0.1746,opgg_scraped,26.11
Camille,camille,16.11,global,platinum_plus,TOP,4,Tier 4,35,0.49979300000000004,0.023019400000000002,0.00811566,0.677873,opgg_scraped,26.11
Zac,zac,16.11,global,platinum_plus,JUNGLE,4,Tier 4,35,0.49892900000000007,0.0203356,0.0080056,0.71659,opgg_scraped,26.11
Renata Glasc,renata,16.11,global,platinum_plus,SUPPORT,4,Tier 4,36,0.498861,0.0100571,0.00144613,0.991898,opgg_scraped,26.11
Hecarim,hecarim,16.11,global,platinum_plus,JUNGLE,4,Tier 4,36,0.490709,0.0346884,0.0247973,0.996113,opgg_scraped,26.11
Vayne,vayne,16.11,global,platinum_plus,TOP,4,Tier 4,36,0.489969,0.0332468,0.120872,0.353878,opgg_scraped,26.11
Wukong,monkeyking,16.11,global,platinum_plus,TOP,4,Tier 4,37,0.513236,0.0099357,0.012025700000000002,0.173859,opgg_scraped,26.11
Jax,jax,16.11,global,platinum_plus,JUNGLE,4,Tier 4,37,0.495106,0.021516700000000003,0.100221,0.300568,opgg_scraped,26.11
Neeko,neeko,16.11,global,platinum_plus,SUPPORT,4,Tier 4,37,0.48658699999999994,0.0181863,0.00894069,0.771815,opgg_scraped,26.11
Galio,galio,16.11,global,platinum_plus,SUPPORT,4,Tier 4,38,0.49794199999999994,0.00865384,0.014994,0.165681,opgg_scraped,26.11
Nidalee,nidalee,16.11,global,platinum_plus,JUNGLE,4,Tier 4,38,0.494668,0.0244421,0.0103635,0.858547,opgg_scraped,26.11
Riven,riven,16.11,global,platinum_plus,TOP,4,Tier 4,38,0.492993,0.0293461,0.020376400000000003,0.682927,opgg_scraped,26.11
Elise,elise,16.11,global,platinum_plus,SUPPORT,4,Tier 4,39,0.504652,0.006048180000000001,0.0109151,0.239086,opgg_scraped,26.11
Elise,elise,16.11,global,platinum_plus,JUNGLE,4,Tier 4,39,0.499315,0.0177576,0.0111361,0.713158,opgg_scraped,26.11
Zaahen,zaahen,16.11,global,platinum_plus,TOP,4,Tier 4,39,0.497304,0.0228525,0.0195507,0.773019,opgg_scraped,26.11
Shen,shen,16.11,global,platinum_plus,SUPPORT,4,Tier 4,40,0.49969700000000006,0.007108100000000001,0.00931016,0.14508,opgg_scraped,26.11
Kindred,kindred,16.11,global,platinum_plus,JUNGLE,4,Tier 4,40,0.49359499999999995,0.0232066,0.0129703,0.962037,opgg_scraped,26.11
Jayce,jayce,16.11,global,platinum_plus,TOP,4,Tier 4,40,0.48387299999999994,0.0452557,0.0445919,0.648478,opgg_scraped,26.11
Zyra,zyra,16.11,global,platinum_plus,JUNGLE,4,Tier 4,41,0.506305,0.0075453,0.0283261,0.183127,opgg_scraped,26.11
Gnar,gnar,16.11,global,platinum_plus,TOP,4,Tier 4,41,0.489023,0.0334348,0.0101899,0.982971,opgg_scraped,26.11
Volibear,volibear,16.11,global,platinum_plus,JUNGLE,4,Tier 4,42,0.499742,0.011679299999999998,0.0189699,0.275165,opgg_scraped,26.11
K'Sante,ksante,16.11,global,platinum_plus,TOP,4,Tier 4,42,0.483502,0.0433689,0.0265189,0.954855,opgg_scraped,26.11
Zaahen,zaahen,16.11,global,platinum_plus,JUNGLE,4,Tier 4,43,0.511172,0.00532808,0.0188715,0.183435,opgg_scraped,26.11
Quinn,quinn,16.11,global,platinum_plus,TOP,4,Tier 4,43,0.505534,0.0123844,0.0193402,0.293153,opgg_scraped,26.11
Trundle,trundle,16.11,global,platinum_plus,JUNGLE,4,Tier 4,44,0.505764,0.00722657,0.00424488,0.292853,opgg_scraped,26.11
Gragas,gragas,16.11,global,platinum_plus,TOP,4,Tier 4,44,0.49552300000000005,0.0218837,0.00612838,0.608566,opgg_scraped,26.11
Poppy,poppy,16.11,global,platinum_plus,TOP,4,Tier 4,45,0.505529,0.011594,0.0223878,0.341905,opgg_scraped,26.11
Gwen,gwen,16.11,global,platinum_plus,MID,4,Tier 4,46,0.515299,0.005203910000000001,0.0223001,0.172065,opgg_scraped,26.11
Anivia,anivia,16.11,global,platinum_plus,TOP,4,Tier 4,46,0.509469,0.00889455,0.0360026,0.188288,opgg_scraped,26.11
Ambessa,ambessa,16.11,global,platinum_plus,TOP,4,Tier 4,47,0.4889859999999999,0.027977099999999998,0.0648417,0.592808,opgg_scraped,26.11
Orianna,orianna,16.11,global,platinum_plus,MID,4,Tier 4,47,0.475937,0.0343029,0.00748859,0.963593,opgg_scraped,26.11
Ziggs,ziggs,16.11,global,platinum_plus,MID,4,Tier 4,48,0.501884,0.00868904,0.005569679999999999,0.293328,opgg_scraped,26.11
Yasuo,yasuo,16.11,global,platinum_plus,TOP,4,Tier 4,48,0.484901,0.0294861,0.174948,0.245645,opgg_scraped,26.11
Cho'Gath,chogath,16.11,global,platinum_plus,MID,4,Tier 4,49,0.506815,0.006104799999999999,0.00717054,0.165886,opgg_scraped,26.11
Jayce,jayce,16.11,global,platinum_plus,MID,4,Tier 4,50,0.497095,0.0076056000000000006,0.0443273,0.110468,opgg_scraped,26.11
Taliyah,taliyah,16.11,global,platinum_plus,MID,4,Tier 4,51,0.488019,0.0124942,0.0027526,0.625088,opgg_scraped,26.11
Morgana,morgana,16.11,global,platinum_plus,MID,4,Tier 4,52,0.499276,0.00511039,0.183987,0.0834212,opgg_scraped,26.11
Mel,mel,16.11,global,platinum_plus,MID,4,Tier 4,53,0.45787700000000003,0.0356853,0.253725,0.483461,opgg_scraped,26.11
Mel,mel,16.11,global,platinum_plus,ADC,5,Tier 5,35,0.47822,0.0137258,0.25252,0.189372,opgg_scraped,26.11
Kalista,kalista,16.11,global,platinum_plus,ADC,5,Tier 5,36,0.480471,0.0136615,0.00233355,0.879305,opgg_scraped,26.11
Corki,corki,16.11,global,platinum_plus,ADC,5,Tier 5,37,0.47691,0.0140868,0.0031945000000000003,0.86124,opgg_scraped,26.11
LeBlanc,leblanc,16.11,global,platinum_plus,SUPPORT,5,Tier 5,41,0.494337,0.00611013,0.126606,0.132962,opgg_scraped,26.11
Fiddlesticks,fiddlesticks,16.11,global,platinum_plus,SUPPORT,5,Tier 5,42,0.497986,0.005519470000000001,0.0115333,0.179866,opgg_scraped,26.11
Hwei,hwei,16.11,global,platinum_plus,SUPPORT,5,Tier 5,43,0.494584,0.005718480000000001,0.015379399999999998,0.123205,opgg_scraped,26.11
Sylas,sylas,16.11,global,platinum_plus,SUPPORT,5,Tier 5,44,0.478075,0.0101996,0.109757,0.0764395,opgg_scraped,26.11
Taliyah,taliyah,16.11,global,platinum_plus,JUNGLE,5,Tier 5,45,0.504561,0.00531333,0.00271167,0.266917,opgg_scraped,26.11
Camille,camille,16.11,global,platinum_plus,SUPPORT,5,Tier 5,45,0.482548,0.00920547,0.00798116,0.271572,opgg_scraped,26.11
Teemo,teemo,16.11,global,platinum_plus,SUPPORT,5,Tier 5,46,0.486303,0.00645277,0.132128,0.0772652,opgg_scraped,26.11
Rengar,rengar,16.11,global,platinum_plus,JUNGLE,5,Tier 5,46,0.47342600000000007,0.037163,0.060335,0.91254,opgg_scraped,26.11
Skarner,skarner,16.11,global,platinum_plus,JUNGLE,5,Tier 5,47,0.493306,0.00960997,0.00254515,0.609839,opgg_scraped,26.11
Anivia,anivia,16.11,global,platinum_plus,SUPPORT,5,Tier 5,47,0.475563,0.00716869,0.0359016,0.152028,opgg_scraped,26.11
Fizz,fizz,16.11,global,platinum_plus,JUNGLE,5,Tier 5,48,0.497761,0.00628559,0.0930529,0.0881283,opgg_scraped,26.11
Zoe,zoe,16.11,global,platinum_plus,SUPPORT,5,Tier 5,48,0.468982,0.00881518,0.041442,0.223284,opgg_scraped,26.11
Sylas,sylas,16.11,global,platinum_plus,TOP,5,Tier 5,49,0.495944,0.0109582,0.110277,0.0819766,opgg_scraped,26.11
Quinn,quinn,16.11,global,platinum_plus,JUNGLE,5,Tier 5,49,0.476882,0.024728,0.0194365,0.59575,opgg_scraped,26.11
Mel,mel,16.11,global,platinum_plus,SUPPORT,5,Tier 5,49,0.433596,0.0237409,0.253502,0.317888,opgg_scraped,26.11
Gragas,gragas,16.11,global,platinum_plus,JUNGLE,5,Tier 5,50,0.495852,0.00702734,0.00601715,0.1989,opgg_scraped,26.11
Kennen,kennen,16.11,global,platinum_plus,TOP,5,Tier 5,50,0.491957,0.015092600000000001,0.0107768,0.782094,opgg_scraped,26.11
Varus,varus,16.11,global,platinum_plus,TOP,5,Tier 5,51,0.490261,0.0150089,0.04710879999999999,0.184468,opgg_scraped,26.11
Jayce,jayce,16.11,global,platinum_plus,JUNGLE,5,Tier 5,51,0.482342,0.016013,0.0443985,0.233536,opgg_scraped,26.11
Trundle,trundle,16.11,global,platinum_plus,TOP,5,Tier 5,52,0.489619,0.016434,0.00431094,0.654342,opgg_scraped,26.11
Teemo,teemo,16.11,global,platinum_plus,JUNGLE,5,Tier 5,52,0.48804400000000003,0.00725739,0.1324,0.0882856,opgg_scraped,26.11
Dr. Mundo,drmundo,16.11,global,platinum_plus,JUNGLE,5,Tier 5,53,0.49348,0.00554986,0.035449,0.124379,opgg_scraped,26.11
Vladimir,vladimir,16.11,global,platinum_plus,TOP,5,Tier 5,53,0.49077799999999994,0.013816600000000002,0.061350600000000005,0.198446,opgg_scraped,26.11
Cassiopeia,cassiopeia,16.11,global,platinum_plus,TOP,5,Tier 5,54,0.507303,0.0056654,0.0155237,0.224628,opgg_scraped,26.11
Nunu & Willump,nunu,16.11,global,platinum_plus,MID,5,Tier 5,54,0.489487,0.00527994,0.00519803,0.202414,opgg_scraped,26.11
Karthus,karthus,16.11,global,platinum_plus,JUNGLE,5,Tier 5,54,0.481153,0.0129828,0.0100476,0.569901,opgg_scraped,26.11
Malphite,malphite,16.11,global,platinum_plus,JUNGLE,5,Tier 5,55,0.48393200000000003,0.00836813,0.188901,0.0855115,opgg_scraped,26.11
Gwen,gwen,16.11,global,platinum_plus,TOP,5,Tier 5,55,0.4814550000000001,0.0192331,0.0243761,0.62738,opgg_scraped,26.11
Azir,azir,16.11,global,platinum_plus,MID,5,Tier 5,55,0.462963,0.0161011,0.00293354,0.923324,opgg_scraped,26.11
Rumble,rumble,16.11,global,platinum_plus,TOP,5,Tier 5,56,0.479789,0.0208303,0.0109058,0.839036,opgg_scraped,26.11
Pantheon,pantheon,16.11,global,platinum_plus,JUNGLE,5,Tier 5,56,0.478255,0.0124287,0.0207135,0.153183,opgg_scraped,26.11
Smolder,smolder,16.11,global,platinum_plus,MID,5,Tier 5,56,0.450108,0.00976328,0.25581,0.0801967,opgg_scraped,26.11
Aurora,aurora,16.11,global,platinum_plus,TOP,5,Tier 5,57,0.500788,0.00576951,0.0200957,0.166504,opgg_scraped,26.11
Ambessa,ambessa,16.11,global,platinum_plus,JUNGLE,5,Tier 5,57,0.473515,0.0163016,0.0646905,0.351558,opgg_scraped,26.11
Ryze,ryze,16.11,global,platinum_plus,TOP,5,Tier 5,58,0.494331,0.00808073,0.00761914,0.189498,opgg_scraped,26.11
Zed,zed,16.11,global,platinum_plus,JUNGLE,5,Tier 5,58,0.464056,0.021913300000000004,0.270416,0.209186,opgg_scraped,26.11
Malzahar,malzahar,16.11,global,platinum_plus,TOP,5,Tier 5,59,0.493758,0.00648286,0.1357,0.0756111,opgg_scraped,26.11
Gwen,gwen,16.11,global,platinum_plus,JUNGLE,5,Tier 5,59,0.482637,0.00574351,0.0238868,0.190685,opgg_scraped,26.11
Swain,swain,16.11,global,platinum_plus,TOP,5,Tier 5,60,0.49507200000000007,0.00567404,0.0265759,0.100228,opgg_scraped,26.11
Qiyana,qiyana,16.11,global,platinum_plus,JUNGLE,5,Tier 5,60,0.4655560000000001,0.0092535,0.0129331,0.293526,opgg_scraped,26.11
Master Yi,masteryi,16.11,global,platinum_plus,TOP,5,Tier 5,61,0.48199,0.00918894,0.165174,0.104642,opgg_scraped,26.11
Udyr,udyr,16.11,global,platinum_plus,TOP,5,Tier 5,62,0.492046,0.00581611,0.00897825,0.213859,opgg_scraped,26.11
Twisted Fate,twistedfate,16.11,global,platinum_plus,TOP,5,Tier 5,63,0.464704,0.00523621,0.00939042,0.0882576,opgg_scraped,26.11
