combo_size,composition,team_has_op,combo_contains_op,games,wins,example_matches,op_champions,win_rate,smoothed_win_rate,op_status_baseline_win_rate,lift_vs_op_status_baseline,lift_vs_global_50
2,Bard + Nocturne,True,True,6,6,"LCS/2026 Season/Spring Playoffs_Round 1_4_2, EMEA Masters/2026 Season/Spring Play-In_Round 5_2_1, EMEA Masters/2026 Season/Spring Main Event_Groups Day 2_6_1",Nocturne,1.0,0.7727272727272727,0.5314685314685315,0.24125874125874125,0.2727272727272727
2,Akali + Senna,True,True,4,4,"Rift Legends/2026 Season/Spring Split_Week 5_2_1, LIT/2026 Season/Spring Playoffs_Round 5_1_3, LCP/2026 Season/Split 2_Week 7_3_1",Senna,1.0,0.7222222222222222,0.5314685314685315,0.19075369075369075,0.2222222222222222
2,Nocturne + Rumble,True,True,4,4,"EMEA Masters/2026 Season/Spring Play-In_Round 3_4_1, EMEA Masters/2026 Season/Spring Play-In_Round 5_2_1, EMEA Masters/2026 Season/Spring Main Event_Groups Day 1_2_1",Nocturne,1.0,0.7222222222222222,0.5314685314685315,0.19075369075369075,0.2222222222222222
3,Bard + Caitlyn + Nocturne,True,True,4,4,"LCS/2026 Season/Spring Playoffs_Round 1_4_2, EMEA Masters/2026 Season/Spring Main Event_Quarterfinals_3_2, EMEA Masters/2026 Season/Spring Main Event_Semifinals_2_1",Nocturne,1.0,0.7222222222222222,0.5314685314685315,0.19075369075369075,0.2222222222222222
2,Aatrox + Nocturne,True,True,3,3,"CBLOL/2026 Season/Split 1 Playoffs_Round 4_2_1, EMEA Masters/2026 Season/Spring Play-In_Round 2_8_1, EMEA Masters/2026 Season/Spring Play-In_Round 4_3_1",Nocturne,1.0,0.6875,0.5314685314685315,0.15603146853146854,0.1875
3,Nocturne + Rakan + Ryze,True,True,3,3,"CBLOL/2026 Season/Split 1 Playoffs_Round 4_2_1, Benelux Ascend Series/2026 Season/Spring Playoffs_Semifinals_2_3, EMEA Masters/2026 Season/Spring Main Event_Groups Day 3_3_1",Nocturne,1.0,0.6875,0.5314685314685315,0.15603146853146854,0.1875
2,Nocturne + Yunara,True,True,6,5,"NLC/2026 Season/Spring Playoffs_Round 3_1_3, Benelux Ascend Series/2026 Season/Spring Playoffs_Finals_1_2, Road Of Legends/2026 Season/Spring Playoffs_Finals_1_3",Nocturne,0.8333333333333334,0.6818181818181818,0.5314685314685315,0.1503496503496503,0.18181818181818177
2,Caitlyn + Nocturne,True,True,11,8,"LCS/2026 Season/Spring Playoffs_Round 1_4_2, EMEA Masters/2026 Season/Spring Play-In_Round 2_4_1, EMEA Masters/2026 Season/Spring Play-In_Round 3_6_1",Nocturne,0.7272727272727273,0.65625,0.5314685314685315,0.12478146853146854,0.15625
2,Alistar + Nocturne,True,True,5,4,"Arabian League/2026 Season/Summer Promotion_Round 2_1_1, Circuito Desafiante/2026 Season/Split 2 Promotion_Round 2_2_1, EMEA Masters/2026 Season/Spring Play-In_Round 3_4_1",Nocturne,0.8,0.65,0.5314685314685315,0.11853146853146856,0.15000000000000002
2,Aurora + Senna,True,True,5,4,"Road Of Legends/2026 Season/Spring Split_Week 6_2_3, LES/2026 Season/Spring Split_Week 5_2_1, North American Challengers League/2026 Season/Spring Playoffs_Round 2_3_4",Senna,0.8,0.65,0.5314685314685315,0.11853146853146856,0.15000000000000002
2,Leona + Senna,True,True,5,4,"North American Challengers League/2026 Season/Spring Season_Week 7_4_3, LIT/2026 Season/Spring Playoffs_Round 5_1_3, Comic Con Baltics 2026_Finals_1_4",Senna,0.8,0.65,0.5314685314685315,0.11853146853146856,0.15000000000000002
2,Senna + Xin Zhao,True,True,5,4,"Rift Legends/2026 Season/Spring Split_Week 5_4_2, LCS/2026 Season/Spring Season_Week 6_3_2, LPL/2026 Season/Split 2_Week 7_3_1",Senna,0.8,0.65,0.5314685314685315,0.11853146853146856,0.15000000000000002
3,Jayce + Nautilus + Senna,True,True,5,4,"Liga Regional Sur/2026 Season/Split 1 Playoffs_Round 1_4_3, LCS/2026 Season/Spring Season_Week 7_4_1, Esports Balkan League/2026 Season/Spring Playoffs_Round 3_1_1",Senna,0.8,0.65,0.5314685314685315,0.11853146853146856,0.15000000000000002
3,Nautilus + Senna + Wukong,True,True,5,4,"Liga Regional Sur/2026 Season/Split 1 Playoffs_Round 1_4_3, LIT/2026 Season/Summer Promotion_Round 4_1_1, LIT/2026 Season/Summer Promotion_Finals_1_1",Senna,0.8,0.65,0.5314685314685315,0.11853146853146856,0.15000000000000002
3,Aatrox + Ashe + Nocturne,True,True,2,2,"EMEA Masters/2026 Season/Spring Play-In_Round 2_8_1, EMEA Masters/2026 Season/Spring Play-In_Round 4_3_1",Nocturne,1.0,0.6428571428571429,0.5314685314685315,0.11138861138861145,0.1428571428571429
3,Aatrox + Aurora + Senna,True,True,2,2,"Road Of Legends/2026 Season/Spring Split_Week 6_2_3, North American Challengers League/2026 Season/Spring Playoffs_Round 2_3_4",Senna,1.0,0.6428571428571429,0.5314685314685315,0.11138861138861145,0.1428571428571429
3,Ahri + Ambessa + Nocturne,True,True,2,2,"Road Of Legends/2026 Season/Summer Promotion_Round 1_1_3, EMEA Masters/2026 Season/Spring Main Event_Quarterfinals_1_1",Nocturne,1.0,0.6428571428571429,0.5314685314685315,0.11138861138861145,0.1428571428571429
3,Akali + Jarvan IV + Senna,True,True,2,2,"LIT/2026 Season/Spring Playoffs_Round 5_1_3, LCP/2026 Season/Split 2_Week 7_3_1",Senna,1.0,0.6428571428571429,0.5314685314685315,0.11138861138861145,0.1428571428571429
3,Akali + Senna + Seraphine,True,True,2,2,"Rift Legends/2026 Season/Spring Split_Week 5_2_1, LCP/2026 Season/Split 2_Week 7_3_1",Senna,1.0,0.6428571428571429,0.5314685314685315,0.11138861138861145,0.1428571428571429
3,Alistar + Jayce + Senna,True,True,2,2,"Esports World Cup 2026/Online Qualifiers/Korea_Round 4_2_2, LPL/2026 Season/Split 2 Playoffs_Round 3_1_2",Senna,1.0,0.6428571428571429,0.5314685314685315,0.11138861138861145,0.1428571428571429
3,Anivia + Jarvan IV + Senna,True,True,2,2,"Rift Legends/2026 Season/Spring Split_Week 6_4_2, PCS/2026 Season/Spring Season_Playoffs Round 4_1_1",Senna,1.0,0.6428571428571429,0.5314685314685315,0.11138861138861145,0.1428571428571429
3,Anivia + Nocturne + Ornn,True,True,2,2,"EMEA Masters/2026 Season/Spring Main Event_Quarterfinals_4_1, EMEA Masters/2026 Season/Spring Main Event_Quarterfinals_3_2",Nocturne,1.0,0.6428571428571429,0.5314685314685315,0.11138861138861145,0.1428571428571429
3,Aurora + Ezreal + Nocturne,True,True,2,2,"EMEA Masters/2026 Season/Spring Play-In_Qualification Round_3_1, EMEA Masters/2026 Season/Spring Main Event_Groups Day 2_6_1",Nocturne,1.0,0.6428571428571429,0.5314685314685315,0.11138861138861145,0.1428571428571429
3,Aurora + Nocturne + Yunara,True,True,2,2,"Benelux Ascend Series/2026 Season/Spring Playoffs_Finals_1_2, Road Of Legends/2026 Season/Spring Playoffs_Finals_1_3",Nocturne,1.0,0.6428571428571429,0.5314685314685315,0.11138861138861145,0.1428571428571429
3,Bard + K'Sante + Nocturne,True,True,2,2,"EMEA Masters/2026 Season/Spring Main Event_Semifinals_2_1, EMEA Masters/2026 Season/Spring Main Event_Finals_1_1",Nocturne,1.0,0.6428571428571429,0.5314685314685315,0.11138861138861145,0.1428571428571429
3,Caitlyn + K'Sante + Nocturne,True,True,2,2,"EMEA Masters/2026 Season/Spring Main Event_Semifinals_2_1, EMEA Masters/2026 Season/Spring Main Event_Finals_1_1",Nocturne,1.0,0.6428571428571429,0.5314685314685315,0.11138861138861145,0.1428571428571429
3,Ezreal + Nocturne + Rakan,True,True,2,2,"EMEA Masters/2026 Season/Spring Main Event_Groups Day 1_6_3, EMEA Masters/2026 Season/Spring Main Event_Groups Day 3_3_1",Nocturne,1.0,0.6428571428571429,0.5314685314685315,0.11138861138861145,0.1428571428571429
3,Ezreal + Nocturne + Rell,True,True,2,2,"EMEA Masters/2026 Season/Spring Play-In_Round 1_5_1, EMEA Masters/2026 Season/Spring Play-In_Qualification Round_3_1",Nocturne,1.0,0.6428571428571429,0.5314685314685315,0.11138861138861145,0.1428571428571429
3,Ezreal + Nocturne + Ryze,True,True,2,2,"EMEA Masters/2026 Season/Spring Play-In_Round 1_5_1, EMEA Masters/2026 Season/Spring Main Event_Groups Day 3_3_1",Nocturne,1.0,0.6428571428571429,0.5314685314685315,0.11138861138861145,0.1428571428571429
3,Fiora + Senna + Wukong,True,True,2,2,"North American Challengers League/2026 Season/Spring Season_Week 7_4_3, LES/2026 Season/Spring Playoffs_Finals_1_3",Senna,1.0,0.6428571428571429,0.5314685314685315,0.11138861138861145,0.1428571428571429
3,Jarvan IV + Senna + Vayne,True,True,2,2,"Rift Legends/2026 Season/Spring Split_Week 6_4_2, Prime League 1st Division/2026 Season/Spring Playoffs_Semifinals_2_3",Senna,1.0,0.6428571428571429,0.5314685314685315,0.11138861138861145,0.1428571428571429
3,Jayce + Orianna + Senna,True,True,2,2,"Liga Regional Sur/2026 Season/Split 1 Playoffs_Round 1_4_3, LCS/2026 Season/Spring Season_Week 7_4_1",Senna,1.0,0.6428571428571429,0.5314685314685315,0.11138861138861145,0.1428571428571429
3,Jayce + Ryze + Senna,True,True,2,2,"Esports World Cup 2026/Online Qualifiers/Korea_Round 4_2_2, LPL/2026 Season/Split 2 Playoffs_Round 3_1_2",Senna,1.0,0.6428571428571429,0.5314685314685315,0.11138861138861145,0.1428571428571429
3,K'Sante + Senna + Xin Zhao,True,True,2,2,"LPL/2026 Season/Split 2_Week 7_3_1, North American Challengers League/2026 Season/Spring Season_Week 8_1_2",Senna,1.0,0.6428571428571429,0.5314685314685315,0.11138861138861145,0.1428571428571429
3,Nautilus + Orianna + Senna,True,True,2,2,"Liga Regional Sur/2026 Season/Split 1 Playoffs_Round 1_4_3, LCS/2026 Season/Spring Season_Week 7_4_1",Senna,1.0,0.6428571428571429,0.5314685314685315,0.11138861138861145,0.1428571428571429
3,Nautilus + Senna + Shyvana,True,True,2,2,"Prime League 1st Division/2026 Season/Spring Playoffs_Finals_1_3, Nexus League/2026 Season/Spring Playoffs_Finals_1_2",Senna,1.0,0.6428571428571429,0.5314685314685315,0.11138861138861145,0.1428571428571429
3,Nautilus + Senna + Trundle,True,True,2,2,"Esports World Cup 2026/Online Qualifiers/EMEA_Round 4_1_2, Prime League 1st Division/2026 Season/Spring Playoffs_Finals_1_3",Senna,1.0,0.6428571428571429,0.5314685314685315,0.11138861138861145,0.1428571428571429
3,Nautilus + Senna + Xin Zhao,True,True,2,2,"North American Challengers League/2026 Season/Spring Season_Week 8_1_2, LPL/2026 Season/Split 2 Playoffs_Play-In_2_2",Senna,1.0,0.6428571428571429,0.5314685314685315,0.11138861138861145,0.1428571428571429
3,Nocturne + Rumble + Sivir,True,True,2,2,"EMEA Masters/2026 Season/Spring Play-In_Round 3_4_1, EMEA Masters/2026 Season/Spring Play-In_Round 5_2_1",Nocturne,1.0,0.6428571428571429,0.5314685314685315,0.11138861138861145,0.1428571428571429
3,Nocturne + Ryze + Sivir,True,True,2,2,"CBLOL/2026 Season/Split 1 Playoffs_Round 4_2_1, Benelux Ascend Series/2026 Season/Spring Playoffs_Semifinals_2_3",Nocturne,1.0,0.6428571428571429,0.5314685314685315,0.11138861138861145,0.1428571428571429
3,Pantheon + Senna + Seraphine,True,True,2,2,"CBLOL/2026 Season/Split 1 Playoffs_Round 2_1_2, LPL/2026 Season/Split 2 Playoffs_Finals_1_3",Senna,1.0,0.6428571428571429,0.5314685314685315,0.11138861138861145,0.1428571428571429
3,Ryze + Senna + Wukong,True,True,2,2,"LIT/2026 Season/Summer Promotion_Round 4_1_1, LES/2026 Season/Spring Playoffs_Finals_1_3",Senna,1.0,0.6428571428571429,0.5314685314685315,0.11138861138861145,0.1428571428571429
3,Senna + Seraphine + Viktor,True,True,2,2,"LCS/2026 Season/Spring Season_Week 6_3_2, LPL/2026 Season/Split 2 Playoffs_Finals_1_3",Senna,1.0,0.6428571428571429,0.5314685314685315,0.11138861138861145,0.1428571428571429
2,Galio + Nocturne,True,True,4,3,"Esports World Cup 2026/Online Qualifiers/South America_Round 2_1_3, EMEA Masters/2026 Season/Spring Play-In_Qualification Round_4_2, EMEA Masters/2026 Season/Spring Main Event_Groups Day 3_3_1",Nocturne,0.75,0.6111111111111112,0.5314685314685315,0.0796425796425797,0.11111111111111116
2,Senna + Sion,True,True,4,3,"Esports Balkan League/2026 Season/Spring Playoffs_Round 3_1_1, NLC/2026 Season/Spring Split_Day 1_4_1, LPL/2026 Season/Split 2 Playoffs_Round 1_1_3",Senna,0.75,0.6111111111111112,0.5314685314685315,0.0796425796425797,0.11111111111111116
3,Nautilus + Rumble + Senna,True,True,4,3,"Esports World Cup 2026/Online Qualifiers/EMEA_Round 4_1_2, LES/2026 Season/Spring Split_Week 7_2_2, LCS/2026 Season/Spring Playoffs_Round 1_2_2",Senna,0.75,0.6111111111111112,0.5314685314685315,0.0796425796425797,0.11111111111111116
3,Nocturne + Rakan + Sivir,True,True,4,3,"CBLOL/2026 Season/Split 1 Playoffs_Round 4_2_1, Benelux Ascend Series/2026 Season/Spring Playoffs_Semifinals_2_3, NLC/2026 Season/Spring Playoffs_Finals_1_2",Nocturne,0.75,0.6111111111111112,0.5314685314685315,0.0796425796425797,0.11111111111111116
2,Aurora + Nocturne,True,True,9,6,"Hitpoint Masters/2026 Season/Spring Playoffs_Round 3_2_3, NLC/2026 Season/Spring Playoffs_Finals_1_2, Benelux Ascend Series/2026 Season/Spring Playoffs_Finals_1_2",Nocturne,0.6666666666666666,0.6071428571428571,0.5314685314685315,0.07567432567432564,0.1071428571428571
2,Nocturne + Rakan,True,True,9,6,"CBLOL/2026 Season/Split 1 Playoffs_Round 4_2_1, Benelux Ascend Series/2026 Season/Spring Playoffs_Semifinals_2_3, NLC/2026 Season/Spring Playoffs_Finals_1_2",Nocturne,0.6666666666666666,0.6071428571428571,0.5314685314685315,0.07567432567432564,0.1071428571428571
2,Nocturne + Sivir,True,True,9,6,"CBLOL/2026 Season/Split 1 Playoffs_Round 4_2_1, Hitpoint Masters/2026 Season/Spring Playoffs_Round 3_2_3, Benelux Ascend Series/2026 Season/Spring Playoffs_Semifinals_2_3",Nocturne,0.6666666666666666,0.6071428571428571,0.5314685314685315,0.07567432567432564,0.1071428571428571
2,Ryze + Senna,True,True,11,7,"Rift Legends/2026 Season/Spring Split_Week 5_2_1, LCK/2026 Season/Rounds 1-2_Week 6_2_2, North American Challengers League/2026 Season/Spring Season_Week 8_1_2",Senna,0.6363636363636364,0.59375,0.5314685314685315,0.06228146853146854,0.09375
2,Anivia + Nocturne,True,True,6,4,"Circuito Desafiante/2026 Season/Split 1 Playoffs_Finals_1_1, NLC/2026 Season/Spring Playoffs_Round 3_1_3, Liga Regional Sur/2026 Season/Split 1 Playoffs_Finals_1_1",Nocturne,0.6666666666666666,0.5909090909090909,0.5314685314685315,0.05944055944055948,0.09090909090909094
5,Aatrox + Ashe + Cassiopeia + Nocturne + Seraphine,True,True,1,1,EMEA Masters/2026 Season/Spring Play-In_Round 4_3_1,Nocturne,1.0,0.5833333333333334,0.5314685314685315,0.05186480186480191,0.08333333333333337
5,Aatrox + Ashe + Milio + Nocturne + Syndra,True,True,1,1,EMEA Masters/2026 Season/Spring Play-In_Round 2_8_1,Nocturne,1.0,0.5833333333333334,0.5314685314685315,0.05186480186480191,0.08333333333333337
5,Aatrox + Aurora + Bard + Senna + Zaahen,True,True,1,1,Road Of Legends/2026 Season/Spring Split_Week 6_2_3,Senna,1.0,0.5833333333333334,0.5314685314685315,0.05186480186480191,0.08333333333333337
5,Aatrox + Aurora + Leona + Senna + Yone,True,True,1,1,North American Challengers League/2026 Season/Spring Playoffs_Round 2_3_4,Senna,1.0,0.5833333333333334,0.5314685314685315,0.05186480186480191,0.08333333333333337
5,Aatrox + Nocturne + Rakan + Ryze + Sivir,True,True,1,1,CBLOL/2026 Season/Split 1 Playoffs_Round 4_2_1,Nocturne,1.0,0.5833333333333334,0.5314685314685315,0.05186480186480191,0.08333333333333337
5,Ahri + Ambessa + Kai'Sa + Nautilus + Nocturne,True,True,1,1,EMEA Masters/2026 Season/Spring Main Event_Quarterfinals_1_1,Nocturne,1.0,0.5833333333333334,0.5314685314685315,0.05186480186480191,0.08333333333333337
5,Ahri + Ambessa + Neeko + Nocturne + Xayah,True,True,1,1,Road Of Legends/2026 Season/Summer Promotion_Round 1_1_3,Nocturne,1.0,0.5833333333333334,0.5314685314685315,0.05186480186480191,0.08333333333333337
5,Ahri + Caitlyn + Lux + Nocturne + Rumble,True,True,1,1,EMEA Masters/2026 Season/Spring Main Event_Groups Day 1_2_1,Nocturne,1.0,0.5833333333333334,0.5314685314685315,0.05186480186480191,0.08333333333333337
5,Akali + Alistar + Ezreal + Irelia + Nocturne,True,True,1,1,2026 Asian Games/Qualifier_Day 3_2_1,Nocturne,1.0,0.5833333333333334,0.5314685314685315,0.05186480186480191,0.08333333333333337
5,Akali + Alistar + Kai'Sa + Nocturne + Sion,True,True,1,1,Arabian League/2026 Season/Summer Promotion_Round 2_1_1,Nocturne,1.0,0.5833333333333334,0.5314685314685315,0.05186480186480191,0.08333333333333337
5,Akali + Bard + Caitlyn + K'Sante + Nocturne,True,True,1,1,EMEA Masters/2026 Season/Spring Main Event_Semifinals_2_1,Nocturne,1.0,0.5833333333333334,0.5314685314685315,0.05186480186480191,0.08333333333333337
5,Akali + Jarvan IV + Leona + Senna + Shyvana,True,True,1,1,LIT/2026 Season/Spring Playoffs_Round 5_1_3,Senna,1.0,0.5833333333333334,0.5314685314685315,0.05186480186480191,0.08333333333333337
5,Akali + Jarvan IV + Rumble + Senna + Seraphine,True,True,1,1,LCP/2026 Season/Split 2_Week 7_3_1,Senna,1.0,0.5833333333333334,0.5314685314685315,0.05186480186480191,0.08333333333333337
5,Akali + Jayce + Nautilus + Senna + Xin Zhao,True,True,1,1,LPL/2026 Season/Split 2 Playoffs_Play-In_2_2,Senna,1.0,0.5833333333333334,0.5314685314685315,0.05186480186480191,0.08333333333333337
5,Akali + Ryze + Senna + Seraphine + Skarner,True,True,1,1,Rift Legends/2026 Season/Spring Split_Week 5_2_1,Senna,1.0,0.5833333333333334,0.5314685314685315,0.05186480186480191,0.08333333333333337
5,Alistar + Ambessa + Ezreal + Nocturne + Viktor,True,True,1,1,Circuito Desafiante/2026 Season/Split 2 Promotion_Round 2_2_1,Nocturne,1.0,0.5833333333333334,0.5314685314685315,0.05186480186480191,0.08333333333333337
5,Alistar + Anivia + Kled + Nasus + Senna,True,True,1,1,LEC/2026 Season/Spring Playoffs_Finals_1_5,Senna,1.0,0.5833333333333334,0.5314685314685315,0.05186480186480191,0.08333333333333337
5,Alistar + Hwei + Senna + Yorick + Zaahen,True,True,1,1,Nexus League/2026 Season/Spring Playoffs_Round 2_1_3,Senna,1.0,0.5833333333333334,0.5314685314685315,0.05186480186480191,0.08333333333333337
5,Alistar + Jayce + Lee Sin + Ryze + Senna,True,True,1,1,LPL/2026 Season/Split 2 Playoffs_Round 3_1_2,Senna,1.0,0.5833333333333334,0.5314685314685315,0.05186480186480191,0.08333333333333337
5,Alistar + Jayce + Ryze + Senna + Trundle,True,True,1,1,Esports World Cup 2026/Online Qualifiers/Korea_Round 4_2_2,Senna,1.0,0.5833333333333334,0.5314685314685315,0.05186480186480191,0.08333333333333337
5,Alistar + Nocturne + Orianna + Rumble + Sivir,True,True,1,1,EMEA Masters/2026 Season/Spring Play-In_Round 3_4_1,Nocturne,1.0,0.5833333333333334,0.5314685314685315,0.05186480186480191,0.08333333333333337
5,Ambessa + Jayce + Nautilus + Orianna + Senna,True,True,1,1,LCS/2026 Season/Spring Season_Week 7_4_1,Senna,1.0,0.5833333333333334,0.5314685314685315,0.05186480186480191,0.08333333333333337
5,Ambessa + Lissandra + Nocturne + Rakan + Sivir,True,True,1,1,LCK/2026 Season/Road to MSI_Round 3_1_2,Nocturne,1.0,0.5833333333333334,0.5314685314685315,0.05186480186480191,0.08333333333333337
5,Ambessa + Malphite + Rell + Senna + Syndra,True,True,1,1,Benelux Ascend Series/2026 Season/Spring Split_Week 7_3_3,Senna,1.0,0.5833333333333334,0.5314685314685315,0.05186480186480191,0.08333333333333337
5,Anivia + Ashe + Nocturne + Ornn + Seraphine,True,True,1,1,EMEA Masters/2026 Season/Spring Main Event_Quarterfinals_4_1,Nocturne,1.0,0.5833333333333334,0.5314685314685315,0.05186480186480191,0.08333333333333337
5,Anivia + Bard + Caitlyn + Nocturne + Ornn,True,True,1,1,EMEA Masters/2026 Season/Spring Main Event_Quarterfinals_3_2,Nocturne,1.0,0.5833333333333334,0.5314685314685315,0.05186480186480191,0.08333333333333337
5,Anivia + Jarvan IV + K'Sante + Poppy + Senna,True,True,1,1,PCS/2026 Season/Spring Season_Playoffs Round 4_1_1,Senna,1.0,0.5833333333333334,0.5314685314685315,0.05186480186480191,0.08333333333333337
5,Anivia + Jarvan IV + Mel + Senna + Vayne,True,True,1,1,Rift Legends/2026 Season/Spring Split_Week 6_4_2,Senna,1.0,0.5833333333333334,0.5314685314685315,0.05186480186480191,0.08333333333333337
5,Anivia + K'Sante + Nocturne + Soraka + Yunara,True,True,1,1,NLC/2026 Season/Spring Playoffs_Round 3_1_3,Nocturne,1.0,0.5833333333333334,0.5314685314685315,0.05186480186480191,0.08333333333333337
5,Anivia + Lucian + Nocturne + Sion + Yuumi,True,True,1,1,Circuito Desafiante/2026 Season/Split 1 Playoffs_Finals_1_1,Nocturne,1.0,0.5833333333333334,0.5314685314685315,0.05186480186480191,0.08333333333333337
5,Annie + Bard + Caitlyn + K'Sante + Nocturne,True,True,1,1,EMEA Masters/2026 Season/Spring Main Event_Finals_1_1,Nocturne,1.0,0.5833333333333334,0.5314685314685315,0.05186480186480191,0.08333333333333337
5,Annie + K'Sante + Karma + Senna + Xin Zhao,True,True,1,1,LPL/2026 Season/Split 2_Week 7_3_1,Senna,1.0,0.5833333333333334,0.5314685314685315,0.05186480186480191,0.08333333333333337
5,Aurora + Bard + Ezreal + Nocturne + Sion,True,True,1,1,EMEA Masters/2026 Season/Spring Main Event_Groups Day 2_6_1,Nocturne,1.0,0.5833333333333334,0.5314685314685315,0.05186480186480191,0.08333333333333337
5,Aurora + Braum + Camille + Nocturne + Yunara,True,True,1,1,Benelux Ascend Series/2026 Season/Spring Playoffs_Finals_1_2,Nocturne,1.0,0.5833333333333334,0.5314685314685315,0.05186480186480191,0.08333333333333337
5,Aurora + Ezreal + Nocturne + Rell + Renekton,True,True,1,1,EMEA Masters/2026 Season/Spring Play-In_Qualification Round_3_1,Nocturne,1.0,0.5833333333333334,0.5314685314685315,0.05186480186480191,0.08333333333333337
5,Aurora + Fiora + Lucian + Milio + Nocturne,True,True,1,1,2026 Asian Games/Qualifier_Day 1_7_1,Nocturne,1.0,0.5833333333333334,0.5314685314685315,0.05186480186480191,0.08333333333333337
5,Aurora + Jax + Nautilus + Senna + Skarner,True,True,1,1,PCS/2026 Season/Spring Season_Finals_1_3,Senna,1.0,0.5833333333333334,0.5314685314685315,0.05186480186480191,0.08333333333333337
5,Aurora + Jax + Neeko + Nocturne + Yunara,True,True,1,1,Road Of Legends/2026 Season/Spring Playoffs_Finals_1_3,Nocturne,1.0,0.5833333333333334,0.5314685314685315,0.05186480186480191,0.08333333333333337
5,Aurora + Nautilus + Rumble + Senna + Wukong,True,True,1,1,NLC/2026 Season/Spring Playoffs_Round 1_2_2,Senna,1.0,0.5833333333333334,0.5314685314685315,0.05186480186480191,0.08333333333333337
5,Aurora + Neeko + Nocturne + Sivir + Yasuo,True,True,1,1,Hitpoint Masters/2026 Season/Spring Playoffs_Round 3_2_3,Nocturne,1.0,0.5833333333333334,0.5314685314685315,0.05186480186480191,0.08333333333333337
5,Bard + Caitlyn + Nocturne + Ryze + Shen,True,True,1,1,LCS/2026 Season/Spring Playoffs_Round 1_4_2,Nocturne,1.0,0.5833333333333334,0.5314685314685315,0.05186480186480191,0.08333333333333337
5,Bard + Gnar + Nocturne + Orianna + Senna,True,True,1,1,NLC/2026 Season/Spring Split_Day 1_5_1,Senna,1.0,0.5833333333333334,0.5314685314685315,0.05186480186480191,0.08333333333333337
5,Bard + Nocturne + Rumble + Sivir + Yone,True,True,1,1,EMEA Masters/2026 Season/Spring Play-In_Round 5_2_1,Nocturne,1.0,0.5833333333333334,0.5314685314685315,0.05186480186480191,0.08333333333333337
5,Caitlyn + Cassiopeia + Neeko + Nocturne + Sion,True,True,1,1,Hitpoint 2nd Division Challengers/2026 Season/Spring Playoffs_Round 3_2_1,Nocturne,1.0,0.5833333333333334,0.5314685314685315,0.05186480186480191,0.08333333333333337
5,Caitlyn + Galio + Jayce + Neeko + Nocturne,True,True,1,1,EMEA Masters/2026 Season/Spring Play-In_Qualification Round_4_2,Nocturne,1.0,0.5833333333333334,0.5314685314685315,0.05186480186480191,0.08333333333333337
5,Caitlyn + Illaoi + Nocturne + Rell + Ziggs,True,True,1,1,2026 Asian Games/Qualifier_Day 3_9_1,Nocturne,1.0,0.5833333333333334,0.5314685314685315,0.05186480186480191,0.08333333333333337
5,Cassiopeia + Karma + Nocturne + Shen + Varus,True,True,1,1,2026 Asia Masters_Day 4_1_1,Nocturne,1.0,0.5833333333333334,0.5314685314685315,0.05186480186480191,0.08333333333333337
5,Cassiopeia + Lee Sin + Leona + Senna + Varus,True,True,1,1,NLC/2026 Season/Spring Split_Day 1_13_1,Senna,1.0,0.5833333333333334,0.5314685314685315,0.05186480186480191,0.08333333333333337
5,Cassiopeia + Senna + Sion + Soraka + Vi,True,True,1,1,NLC/2026 Season/Spring Split_Day 1_4_1,Senna,1.0,0.5833333333333334,0.5314685314685315,0.05186480186480191,0.08333333333333337
5,Ezreal + Galio + Nocturne + Rakan + Ryze,True,True,1,1,EMEA Masters/2026 Season/Spring Main Event_Groups Day 3_3_1,Nocturne,1.0,0.5833333333333334,0.5314685314685315,0.05186480186480191,0.08333333333333337
5,Ezreal + Nocturne + Rakan + Sylas + Yorick,True,True,1,1,EMEA Masters/2026 Season/Spring Main Event_Groups Day 1_6_3,Nocturne,1.0,0.5833333333333334,0.5314685314685315,0.05186480186480191,0.08333333333333337
5,Ezreal + Nocturne + Rell + Ryze + Vayne,True,True,1,1,EMEA Masters/2026 Season/Spring Play-In_Round 1_5_1,Nocturne,1.0,0.5833333333333334,0.5314685314685315,0.05186480186480191,0.08333333333333337
5,Fiora + Leona + Senna + Viktor + Wukong,True,True,1,1,North American Challengers League/2026 Season/Spring Season_Week 7_4_3,Senna,1.0,0.5833333333333334,0.5314685314685315,0.05186480186480191,0.08333333333333337
5,Fiora + Nautilus + Ryze + Senna + Wukong,True,True,1,1,LES/2026 Season/Spring Playoffs_Finals_1_3,Senna,1.0,0.5833333333333334,0.5314685314685315,0.05186480186480191,0.08333333333333337
5,Galio + Lulu + Nocturne + Rumble + Yunara,True,True,1,1,LCS/2026 Season/Spring Playoffs_Finals_1_3,Nocturne,1.0,0.5833333333333334,0.5314685314685315,0.05186480186480191,0.08333333333333337
5,Gnar + Senna + Seraphine + Skarner + Taliyah,True,True,1,1,Nexus League/2026 Season/Spring Split_Week 7_6_1,Senna,1.0,0.5833333333333334,0.5314685314685315,0.05186480186480191,0.08333333333333337
5,Gwen + Pantheon + Senna + Seraphine + Taliyah,True,True,1,1,CBLOL/2026 Season/Split 1 Playoffs_Round 2_1_2,Senna,1.0,0.5833333333333334,0.5314685314685315,0.05186480186480191,0.08333333333333337
5,Hwei + Leona + Mel + Nocturne + Olaf,True,True,1,1,LJL/2026 Season/Spring Series_Finals_1_5,Nocturne,1.0,0.5833333333333334,0.5314685314685315,0.05186480186480191,0.08333333333333337
5,Hwei + Nautilus + Senna + Shyvana + Trundle,True,True,1,1,Prime League 1st Division/2026 Season/Spring Playoffs_Finals_1_3,Senna,1.0,0.5833333333333334,0.5314685314685315,0.05186480186480191,0.08333333333333337
5,Jarvan IV + Nautilus + Senna + Sylas + Vayne,True,True,1,1,Prime League 1st Division/2026 Season/Spring Playoffs_Semifinals_2_3,Senna,1.0,0.5833333333333334,0.5314685314685315,0.05186480186480191,0.08333333333333337
5,Jayce + Jhin + LeBlanc + Nocturne + Rakan,True,True,1,1,VCS/2026 Season/Summer Playoffs_Round 1_2_3,Nocturne,1.0,0.5833333333333334,0.5314685314685315,0.05186480186480191,0.08333333333333337
5,Jayce + Nautilus + Orianna + Senna + Wukong,True,True,1,1,Liga Regional Sur/2026 Season/Split 1 Playoffs_Round 1_4_3,Senna,1.0,0.5833333333333334,0.5314685314685315,0.05186480186480191,0.08333333333333337
5,Jayce + Nautilus + Senna + Sion + Syndra,True,True,1,1,Esports Balkan League/2026 Season/Spring Playoffs_Round 3_1_1,Senna,1.0,0.5833333333333334,0.5314685314685315,0.05186480186480191,0.08333333333333337
5,K'Sante + Nautilus + Ryze + Senna + Xin Zhao,True,True,1,1,North American Challengers League/2026 Season/Spring Season_Week 8_1_2,Senna,1.0,0.5833333333333334,0.5314685314685315,0.05186480186480191,0.08333333333333337
5,Lee Sin + Olaf + Ryze + Senna + Seraphine,True,True,1,1,Prime League 1st Division/2026 Season/Spring Playoffs_Quarterfinals_2_3,Senna,1.0,0.5833333333333334,0.5314685314685315,0.05186480186480191,0.08333333333333337
5,Lulu + Nocturne + Renekton + Yunara + Zoe,True,True,1,1,LCK/2026 Season/Road to MSI_Round 2_1_3,Nocturne,1.0,0.5833333333333334,0.5314685314685315,0.05186480186480191,0.08333333333333337
5,Nautilus + Renekton + Senna + Shyvana + Taliyah,True,True,1,1,Nexus League/2026 Season/Spring Playoffs_Finals_1_2,Senna,1.0,0.5833333333333334,0.5314685314685315,0.05186480186480191,0.08333333333333337
5,Nautilus + Rumble + Sejuani + Senna + Yone,True,True,1,1,LCS/2026 Season/Spring Playoffs_Round 1_2_2,Senna,1.0,0.5833333333333334,0.5314685314685315,0.05186480186480191,0.08333333333333337
5,Nautilus + Rumble + Senna + Taliyah + Trundle,True,True,1,1,Esports World Cup 2026/Online Qualifiers/EMEA_Round 4_1_2,Senna,1.0,0.5833333333333334,0.5314685314685315,0.05186480186480191,0.08333333333333337
5,Nautilus + Ryze + Senna + Varus + Wukong,True,True,1,1,LIT/2026 Season/Summer Promotion_Round 4_1_1,Senna,1.0,0.5833333333333334,0.5314685314685315,0.05186480186480191,0.08333333333333337
5,Nocturne + Rakan + Ryze + Sivir + Varus,True,True,1,1,Benelux Ascend Series/2026 Season/Spring Playoffs_Semifinals_2_3,Nocturne,1.0,0.5833333333333334,0.5314685314685315,0.05186480186480191,0.08333333333333337
5,Nocturne + Rell + Senna + Shen + Viktor,True,True,1,1,Liga Regional Sur/2026 Season/Split 1 Playoffs_Round 3_1_4,Senna,1.0,0.5833333333333334,0.5314685314685315,0.05186480186480191,0.08333333333333337
5,Olaf + Sejuani + Senna + Seraphine + Sylas,True,True,1,1,LCP/2026 Season/Split 2 Playoffs_Finals_1_4,Senna,1.0,0.5833333333333334,0.5314685314685315,0.05186480186480191,0.08333333333333337
5,Pantheon + Senna + Seraphine + Sion + Viktor,True,True,1,1,LPL/2026 Season/Split 2 Playoffs_Finals_1_3,Senna,1.0,0.5833333333333334,0.5314685314685315,0.05186480186480191,0.08333333333333337
5,Renekton + Senna + Seraphine + Viktor + Xin Zhao,True,True,1,1,LCS/2026 Season/Spring Season_Week 6_3_2,Senna,1.0,0.5833333333333334,0.5314685314685315,0.05186480186480191,0.08333333333333337
2,Jayce + Senna,True,True,10,6,"Rift Legends/2026 Season/Spring Split_Week 5_4_2, Liga Regional Sur/2026 Season/Split 1 Playoffs_Round 1_4_3, LCS/2026 Season/Spring Season_Week 7_4_1",Senna,0.6,0.5666666666666667,0.5314685314685315,0.035198135198135194,0.06666666666666665
2,Bard + Senna,True,True,3,2,"Road Of Legends/2026 Season/Spring Split_Week 6_2_3, NLC/2026 Season/Spring Split_Day 1_5_1, Hitpoint 2nd Division Challengers/2026 Season/Spring Playoffs_Round 2_1_3",Senna,0.6666666666666666,0.5625,0.5314685314685315,0.031031468531468542,0.0625
2,Kai'Sa + Nocturne,True,True,3,2,"Arabian League/2026 Season/Summer Promotion_Round 1_3_1, Arabian League/2026 Season/Summer Promotion_Round 2_1_1, EMEA Masters/2026 Season/Spring Main Event_Quarterfinals_1_1",Nocturne,0.6666666666666666,0.5625,0.5314685314685315,0.031031468531468542,0.0625
2,Lucian + Nocturne,True,True,3,2,"Circuito Desafiante/2026 Season/Split 1 Playoffs_Finals_1_1, Circuito Desafiante/2026 Season/Split 2 Promotion_Round 1_3_1, 2026 Asian Games/Qualifier_Day 1_7_1",Nocturne,0.6666666666666666,0.5625,0.5314685314685315,0.031031468531468542,0.0625
2,Milio + Nocturne,True,True,3,2,"EMEA Masters/2026 Season/Spring Play-In_Round 2_8_1, EMEA Masters/2026 Season/Spring Main Event_Groups Day 2_8_2, 2026 Asian Games/Qualifier_Day 1_7_1",Nocturne,0.6666666666666666,0.5625,0.5314685314685315,0.031031468531468542,0.0625
2,Nocturne + Ornn,True,True,3,2,"CBLOL/2026 Season/Split 1 Playoffs_Round 3_1_2, EMEA Masters/2026 Season/Spring Main Event_Quarterfinals_4_1, EMEA Masters/2026 Season/Spring Main Event_Quarterfinals_3_2",Nocturne,0.6666666666666666,0.5625,0.5314685314685315,0.031031468531468542,0.0625
2,Nocturne + Renekton,True,True,3,2,"LCK/2026 Season/Road to MSI_Round 2_1_3, EMEA Masters/2026 Season/Spring Play-In_Qualification Round_3_1, VCS/2026 Season/Summer Playoffs_Round 1_3_1",Nocturne,0.6666666666666666,0.5625,0.5314685314685315,0.031031468531468542,0.0625
2,Nocturne + Shen,True,True,3,2,"LCS/2026 Season/Spring Playoffs_Round 1_4_2, Liga Regional Sur/2026 Season/Split 1 Playoffs_Finals_1_1, 2026 Asia Masters_Day 4_1_1",Nocturne,0.6666666666666666,0.5625,0.5314685314685315,0.031031468531468542,0.0625
2,Pantheon + Senna,True,True,3,2,"CBLOL/2026 Season/Split 1 Playoffs_Round 2_1_2, Hitpoint 2nd Division Challengers/2026 Season/Spring Playoffs_Round 2_1_3, LPL/2026 Season/Split 2 Playoffs_Finals_1_3",Senna,0.6666666666666666,0.5625,0.5314685314685315,0.031031468531468542,0.0625
2,Senna + Varus,True,True,3,2,"LIT/2026 Season/Summer Promotion_Round 4_1_1, NLC/2026 Season/Spring Split_Day 1_13_1, NLC/2026 Season/Spring Split_Day 2_2_1",Senna,0.6666666666666666,0.5625,0.5314685314685315,0.031031468531468542,0.0625
2,Senna + Yone,True,True,3,2,"LCS/2026 Season/Spring Playoffs_Round 1_2_2, North American Challengers League/2026 Season/Spring Playoffs_Round 2_3_4, LJL/2026 Season/Spring Series_Week 6_2_3",Senna,0.6666666666666666,0.5625,0.5314685314685315,0.031031468531468542,0.0625
2,Senna + Zaahen,True,True,3,2,"Road Of Legends/2026 Season/Spring Split_Week 6_2_3, LEC/2026 Season/Spring Playoffs_Round 3_1_5, Nexus League/2026 Season/Spring Playoffs_Round 2_1_3",Senna,0.6666666666666666,0.5625,0.5314685314685315,0.031031468531468542,0.0625
3,Akali + Alistar + Nocturne,True,True,3,2,"Arabian League/2026 Season/Summer Promotion_Round 2_1_1, EMEA Masters/2026 Season/Spring Main Event_Groups Day 2_2_3, 2026 Asian Games/Qualifier_Day 3_2_1",Nocturne,0.6666666666666666,0.5625,0.5314685314685315,0.031031468531468542,0.0625
3,Alistar + Ezreal + Nocturne,True,True,3,2,"Circuito Desafiante/2026 Season/Split 2 Promotion_Round 2_2_1, EMEA Masters/2026 Season/Spring Main Event_Groups Day 2_2_3, 2026 Asian Games/Qualifier_Day 3_2_1",Nocturne,0.6666666666666666,0.5625,0.5314685314685315,0.031031468531468542,0.0625
3,Alistar + Ryze + Senna,True,True,3,2,"Esports World Cup 2026/Online Qualifiers/Korea_Round 4_2_2, LCK/2026 Season/Rounds 1-2_Week 9_1_2, LPL/2026 Season/Split 2 Playoffs_Round 3_1_2",Senna,0.6666666666666666,0.5625,0.5314685314685315,0.031031468531468542,0.0625
3,Aurora + Nautilus + Senna,True,True,3,2,"LES/2026 Season/Spring Split_Week 5_2_1, NLC/2026 Season/Spring Playoffs_Round 1_2_2, PCS/2026 Season/Spring Season_Finals_1_3",Senna,0.6666666666666666,0.5625,0.5314685314685315,0.031031468531468542,0.0625
3,Caitlyn + Neeko + Nocturne,True,True,3,2,"EMEA Masters/2026 Season/Spring Play-In_Round 2_4_1, EMEA Masters/2026 Season/Spring Play-In_Qualification Round_4_2, Hitpoint 2nd Division Challengers/2026 Season/Spring Playoffs_Round 3_2_1",Nocturne,0.6666666666666666,0.5625,0.5314685314685315,0.031031468531468542,0.0625
3,Lee Sin + Ryze + Senna,True,True,3,2,"Prime League 1st Division/2026 Season/Spring Playoffs_Quarterfinals_2_3, VCS/2026 Season/Summer Season_Week 2_5_2, LPL/2026 Season/Split 2 Playoffs_Round 3_1_2",Senna,0.6666666666666666,0.5625,0.5314685314685315,0.031031468531468542,0.0625
3,Lulu + Nocturne + Yunara,True,True,3,2,"LCK/2026 Season/Road to MSI_Round 2_1_3, LCK/2026 Season/Road to MSI_Round 4_1_4, LCS/2026 Season/Spring Playoffs_Finals_1_3",Nocturne,0.6666666666666666,0.5625,0.5314685314685315,0.031031468531468542,0.0625
3,Nautilus + Senna + Taliyah,True,True,3,2,"Esports World Cup 2026/Online Qualifiers/EMEA_Round 4_1_2, NLC/2026 Season/Spring Playoffs_Round 1_1_3, Nexus League/2026 Season/Spring Playoffs_Finals_1_2",Senna,0.6666666666666666,0.5625,0.5314685314685315,0.031031468531468542,0.0625
3,Olaf + Senna + Seraphine,True,True,3,2,"Prime League 1st Division/2026 Season/Spring Playoffs_Quarterfinals_2_3, NLC/2026 Season/Spring Split_Day 2_2_1, LCP/2026 Season/Split 2 Playoffs_Finals_1_4",Senna,0.6666666666666666,0.5625,0.5314685314685315,0.031031468531468542,0.0625
3,Ryze + Senna + Seraphine,True,True,3,2,"Rift Legends/2026 Season/Spring Split_Week 5_2_1, Prime League 1st Division/2026 Season/Spring Playoffs_Quarterfinals_2_3, NLC/2026 Season/Spring Split_Day 2_2_1",Senna,0.6666666666666666,0.5625,0.5314685314685315,0.031031468531468542,0.0625
3,Senna + Seraphine + Skarner,True,True,3,2,"Rift Legends/2026 Season/Spring Split_Week 5_2_1, Rift Legends/2026 Season/Spring Split_Week 5_6_2, Nexus League/2026 Season/Spring Split_Week 7_6_1",Senna,0.6666666666666666,0.5625,0.5314685314685315,0.031031468531468542,0.0625
3,Senna + Seraphine + Taliyah,True,True,3,2,"CBLOL/2026 Season/Split 1 Playoffs_Round 2_1_2, Nexus League/2026 Season/Spring Split_Week 7_6_1, Benelux Ascend Series/2026 Season/Spring Playoffs_Round 2_1_4",Senna,0.6666666666666666,0.5625,0.5314685314685315,0.031031468531468542,0.0625
2,Ezreal + Nocturne,True,True,12,7,"Circuito Desafiante/2026 Season/Split 2 Promotion_Round 1_2_1, Circuito Desafiante/2026 Season/Split 2 Promotion_Round 2_2_1, LCS/2026 Season/Spring Playoffs_Round 2_1_1",Nocturne,0.5833333333333334,0.5588235294117647,0.5314685314685315,0.02735499794323326,0.05882352941176472
2,Anivia + Senna,True,True,5,3,"Rift Legends/2026 Season/Spring Split_Week 5_6_2, Rift Legends/2026 Season/Spring Split_Week 6_4_2, PCS/2026 Season/Spring Season_Playoffs Round 4_1_1",Senna,0.6,0.55,0.5314685314685315,0.018531468531468587,0.050000000000000044
2,Ashe + Nocturne,True,True,5,3,"EMEA Masters/2026 Season/Spring Play-In_Round 2_8_1, EMEA Masters/2026 Season/Spring Play-In_Round 4_3_1, EMEA Masters/2026 Season/Spring Main Event_Quarterfinals_4_1",Nocturne,0.6,0.55,0.5314685314685315,0.018531468531468587,0.050000000000000044
2,Cassiopeia + Nocturne,True,True,5,3,"LCS/2026 Season/Spring Playoffs_Round 2_1_1, EMEA Masters/2026 Season/Spring Play-In_Round 4_3_1, 2026 Asia Masters_Day 4_1_1",Nocturne,0.6,0.55,0.5314685314685315,0.018531468531468587,0.050000000000000044
2,K'Sante + Senna,True,True,5,3,"LCK/2026 Season/Rounds 1-2_Week 6_2_2, LPL/2026 Season/Split 2_Week 7_3_1, North American Challengers League/2026 Season/Spring Season_Week 8_1_2",Senna,0.6,0.55,0.5314685314685315,0.018531468531468587,0.050000000000000044
2,Nocturne + Rell,True,True,5,3,"Circuito Desafiante/2026 Season/Split 2 Promotion_Round 1_3_1, EMEA Masters/2026 Season/Spring Play-In_Round 1_5_1, EMEA Masters/2026 Season/Spring Play-In_Qualification Round_3_1",Nocturne,0.6,0.55,0.5314685314685315,0.018531468531468587,0.050000000000000044
2,Orianna + Senna,True,True,5,3,"North American Challengers League/2026 Season/Spring Season_Week 7_6_2, Liga Regional Sur/2026 Season/Split 1 Playoffs_Round 1_4_3, LCS/2026 Season/Spring Season_Week 7_4_1",Senna,0.6,0.55,0.5314685314685315,0.018531468531468587,0.050000000000000044
2,Senna + Shyvana,True,True,5,3,"LPL/2026 Season/Split 2_Week 6_7_2, LIT/2026 Season/Spring Playoffs_Round 5_1_3, LIT/2026 Season/Summer Promotion_Semifinals_2_3",Senna,0.6,0.55,0.5314685314685315,0.018531468531468587,0.050000000000000044
2,Senna + Skarner,True,True,5,3,"Rift Legends/2026 Season/Spring Split_Week 5_2_1, Rift Legends/2026 Season/Spring Split_Week 5_6_2, Hitpoint Masters/2026 Season/Spring Split_Week 4_4_1",Senna,0.6,0.55,0.5314685314685315,0.018531468531468587,0.050000000000000044
2,Senna + Trundle,True,True,5,3,"North American Challengers League/2026 Season/Spring Season_Week 7_6_2, Esports World Cup 2026/Online Qualifiers/EMEA_Round 4_1_2, Esports World Cup 2026/Online Qualifiers/Korea_Round 4_2_2",Senna,0.6,0.55,0.5314685314685315,0.018531468531468587,0.050000000000000044
3,Nautilus + Ryze + Senna,True,True,5,3,"LCK/2026 Season/Rounds 1-2_Week 6_2_2, North American Challengers League/2026 Season/Spring Season_Week 8_1_2, LIT/2026 Season/Summer Promotion_Round 4_1_1",Senna,0.6,0.55,0.5314685314685315,0.018531468531468587,0.050000000000000044
2,Senna + Taliyah,True,True,7,4,"Esports World Cup 2026/Online Qualifiers/EMEA_Round 4_1_2, CBLOL/2026 Season/Split 1 Playoffs_Round 2_1_2, Nexus League/2026 Season/Spring Split_Week 7_6_1",Senna,0.5714285714285714,0.5416666666666666,0.5314685314685315,0.010198135198135172,0.04166666666666663
2,Nocturne + Ryze,True,True,9,5,"CBLOL/2026 Season/Split 1 Playoffs_Round 4_2_1, LCS/2026 Season/Spring Playoffs_Round 1_4_2, Benelux Ascend Series/2026 Season/Spring Playoffs_Semifinals_2_3",Nocturne,0.5555555555555556,0.5357142857142857,0.5314685314685315,0.004245754245754241,0.0357142857142857
2,Nautilus + Senna,True,True,29,15,"LCK/2026 Season/Rounds 1-2_Week 6_2_2, LES/2026 Season/Spring Split_Week 5_2_1, Liga Regional Sur/2026 Season/Split 1 Playoffs_Round 1_4_3",Senna,0.5172413793103449,0.5147058823529411,0.5314685314685315,-0.016762649115590333,0.014705882352941124
2,Senna + Seraphine,True,True,16,8,"Rift Legends/2026 Season/Spring Split_Week 5_2_1, Rift Legends/2026 Season/Spring Split_Week 5_4_2, Rift Legends/2026 Season/Spring Split_Week 5_6_2",Senna,0.5,0.5,0.5314685314685315,-0.03146853146853146,0.0
2,Jarvan IV + Senna,True,True,10,5,"LES/2026 Season/Spring Split_Week 5_2_1, TCL/2026 Season/Spring Split_Week 6_2_2, LFL/2026 Season/Spring Playoffs_Round 1_5_2",Senna,0.5,0.5,0.5314685314685315,-0.03146853146853146,0.0
2,Neeko + Nocturne,True,True,10,5,"Hitpoint Masters/2026 Season/Spring Playoffs_Round 3_2_3, Arabian League/2026 Season/Summer Promotion_Round 1_3_1, Road Of Legends/2026 Season/Spring Playoffs_Finals_1_3",Nocturne,0.5,0.5,0.5314685314685315,-0.03146853146853146,0.0
2,Senna + Wukong,True,True,10,5,"North American Challengers League/2026 Season/Spring Season_Week 7_4_3, Liga Regional Sur/2026 Season/Split 1 Playoffs_Round 1_4_3, LFL/2026 Season/Spring Playoffs_Round 2_3_2",Senna,0.5,0.5,0.5314685314685315,-0.03146853146853146,0.0
2,Alistar + Senna,True,True,8,4,"LPL/2026 Season/Split 2_Week 7_9_1, North American Challengers League/2026 Season/Spring Playoffs_Round 2_1_2, LEC/2026 Season/Spring Playoffs_Round 3_1_5",Senna,0.5,0.5,0.5314685314685315,-0.03146853146853146,0.0
2,Ambessa + Nocturne,True,True,8,4,"Arabian League/2026 Season/Summer Promotion_Round 1_3_1, Circuito Desafiante/2026 Season/Split 2 Promotion_Round 2_2_1, EMEA Masters/2026 Season/Spring Main Event_Groups Day 2_2_3",Nocturne,0.5,0.5,0.5314685314685315,-0.03146853146853146,0.0
2,Lee Sin + Senna,True,True,8,4,"Nexus League/2026 Season/Spring Split_Week 6_8_1, Prime League 1st Division/2026 Season/Spring Playoffs_Quarterfinals_2_3, VCS/2026 Season/Summer Season_Week 2_5_2",Senna,0.5,0.5,0.5314685314685315,-0.03146853146853146,0.0
2,Ahri + Nocturne,True,True,6,3,"EMEA Masters/2026 Season/Spring Main Event_Groups Day 1_2_1, Road Of Legends/2026 Season/Summer Promotion_Round 1_1_3, EMEA Masters/2026 Season/Spring Main Event_Groups Day 2_8_2",Nocturne,0.5,0.5,0.5314685314685315,-0.03146853146853146,0.0
2,Akali + Nocturne,True,True,6,3,"Arabian League/2026 Season/Summer Promotion_Round 2_1_1, EMEA Masters/2026 Season/Spring Play-In_Round 3_6_1, EMEA Masters/2026 Season/Spring Main Event_Groups Day 2_2_3",Nocturne,0.5,0.5,0.5314685314685315,-0.03146853146853146,0.0
2,K'Sante + Nocturne,True,True,6,3,"NLC/2026 Season/Spring Playoffs_Round 3_1_3, EMEA Masters/2026 Season/Spring Play-In_Round 1_1_1, EMEA Masters/2026 Season/Spring Play-In_Round 3_3_1",Nocturne,0.5,0.5,0.5314685314685315,-0.03146853146853146,0.0
2,Hwei + Senna,True,True,4,2,"LCS/2026 Season/Spring Playoffs_Round 1_1_3, Streamers Clash/Season 4_Day 7_5_1, Prime League 1st Division/2026 Season/Spring Playoffs_Finals_1_3",Senna,0.5,0.5,0.5314685314685315,-0.03146853146853146,0.0
2,Lulu + Nocturne,True,True,4,2,"LCK/2026 Season/Road to MSI_Round 2_1_3, EMEA Masters/2026 Season/Spring Main Event_Quarterfinals_2_3, LCK/2026 Season/Road to MSI_Round 4_1_4",Nocturne,0.5,0.5,0.5314685314685315,-0.03146853146853146,0.0
2,Nocturne + Senna,True,True,4,2,"NLC/2026 Season/Spring Split_Day 1_5_1, Liga Regional Sur/2026 Season/Split 1 Playoffs_Round 3_1_4, CBLOL/2026 Season/Split 1 Playoffs_Round 3_1_2","Nocturne, Senna",0.5,0.5,0.5314685314685315,-0.03146853146853146,0.0
2,Nocturne + Seraphine,True,True,4,2,"EMEA Masters/2026 Season/Spring Play-In_Round 4_3_1, EMEA Masters/2026 Season/Spring Main Event_Quarterfinals_4_1, Esports World Cup 2026/Online Qualifiers/South America_Round 4_2_2",Nocturne,0.5,0.5,0.5314685314685315,-0.03146853146853146,0.0
2,Olaf + Senna,True,True,4,2,"Prime League 1st Division/2026 Season/Spring Playoffs_Quarterfinals_2_3, NLC/2026 Season/Spring Split_Day 2_2_1, LES/2026 Season/Spring Playoffs_Semifinals_2_4",Senna,0.5,0.5,0.5314685314685315,-0.03146853146853146,0.0
2,Rell + Senna,True,True,4,2,"Benelux Ascend Series/2026 Season/Spring Split_Week 7_3_3, Hitpoint Masters/2026 Season/Spring Split_Week 4_4_1, Benelux Ascend Series/2026 Season/Spring Playoffs_Round 1_4_2",Senna,0.5,0.5,0.5314685314685315,-0.03146853146853146,0.0
2,Senna + Sylas,True,True,4,2,"Prime League 1st Division/2026 Season/Spring Playoffs_Semifinals_2_3, Streamers Clash/Season 4_Day 7_5_1, LPL/2026 Season/Split 2 Playoffs_Round 1_1_3",Senna,0.5,0.5,0.5314685314685315,-0.03146853146853146,0.0
2,Senna + Syndra,True,True,4,2,"Benelux Ascend Series/2026 Season/Spring Split_Week 7_3_3, Esports Balkan League/2026 Season/Spring Playoffs_Round 3_1_1, LIT/2026 Season/Summer Promotion_Semifinals_2_3",Senna,0.5,0.5,0.5314685314685315,-0.03146853146853146,0.0
3,Ashe + Nocturne + Seraphine,True,True,4,2,"EMEA Masters/2026 Season/Spring Play-In_Round 4_3_1, EMEA Masters/2026 Season/Spring Main Event_Quarterfinals_4_1, Esports World Cup 2026/Online Qualifiers/South America_Round 4_2_2",Nocturne,0.5,0.5,0.5314685314685315,-0.03146853146853146,0.0
3,Aurora + Neeko + Nocturne,True,True,4,2,"Hitpoint Masters/2026 Season/Spring Playoffs_Round 3_2_3, Road Of Legends/2026 Season/Spring Playoffs_Finals_1_3, EMEA Masters/2026 Season/Spring Play-In_Round 2_4_1",Nocturne,0.5,0.5,0.5314685314685315,-0.03146853146853146,0.0
3,Ahri + Neeko + Nocturne,True,True,2,1,"Road Of Legends/2026 Season/Summer Promotion_Round 1_1_3, EMEA Masters/2026 Season/Spring Main Event_Semifinals_1_1",Nocturne,0.5,0.5,0.5314685314685315,-0.03146853146853146,0.0
3,Akali + Caitlyn + Nocturne,True,True,2,1,"EMEA Masters/2026 Season/Spring Play-In_Round 3_6_1, EMEA Masters/2026 Season/Spring Main Event_Semifinals_2_1",Nocturne,0.5,0.5,0.5314685314685315,-0.03146853146853146,0.0
3,Akali + Ezreal + Nocturne,True,True,2,1,"EMEA Masters/2026 Season/Spring Main Event_Groups Day 2_2_3, 2026 Asian Games/Qualifier_Day 3_2_1",Nocturne,0.5,0.5,0.5314685314685315,-0.03146853146853146,0.0
3,Akali + Irelia + Nocturne,True,True,2,1,"EMEA Masters/2026 Season/Spring Play-In_Round 3_6_1, 2026 Asian Games/Qualifier_Day 3_2_1",Nocturne,0.5,0.5,0.5314685314685315,-0.03146853146853146,0.0
3,Alistar + Ambessa + Nocturne,True,True,2,1,"Circuito Desafiante/2026 Season/Split 2 Promotion_Round 2_2_1, EMEA Masters/2026 Season/Spring Main Event_Groups Day 2_2_3",Nocturne,0.5,0.5,0.5314685314685315,-0.03146853146853146,0.0
3,Alistar + Senna + Trundle,True,True,2,1,"Esports World Cup 2026/Online Qualifiers/Korea_Round 4_2_2, LCK/2026 Season/Rounds 1-2_Week 9_1_2",Senna,0.5,0.5,0.5314685314685315,-0.03146853146853146,0.0
3,Alistar + Senna + Zaahen,True,True,2,1,"LEC/2026 Season/Spring Playoffs_Round 3_1_5, Nexus League/2026 Season/Spring Playoffs_Round 2_1_3",Senna,0.5,0.5,0.5314685314685315,-0.03146853146853146,0.0
3,Ambessa + Ezreal + Nocturne,True,True,2,1,"Circuito Desafiante/2026 Season/Split 2 Promotion_Round 2_2_1, EMEA Masters/2026 Season/Spring Main Event_Groups Day 2_2_3",Nocturne,0.5,0.5,0.5314685314685315,-0.03146853146853146,0.0
3,Ambessa + Kai'Sa + Nocturne,True,True,2,1,"Arabian League/2026 Season/Summer Promotion_Round 1_3_1, EMEA Masters/2026 Season/Spring Main Event_Quarterfinals_1_1",Nocturne,0.5,0.5,0.5314685314685315,-0.03146853146853146,0.0
3,Ambessa + Nocturne + Sivir,True,True,2,1,"LCK/2026 Season/Road to MSI_Round 3_1_2, Hitpoint 2nd Division Challengers/2026 Season/Spring Playoffs_Finals_1_4",Nocturne,0.5,0.5,0.5314685314685315,-0.03146853146853146,0.0
3,Ambessa + Nocturne + Viktor,True,True,2,1,"Circuito Desafiante/2026 Season/Split 2 Promotion_Round 2_2_1, LJL/2026 Season/Spring Series_Semifinals_1_2",Nocturne,0.5,0.5,0.5314685314685315,-0.03146853146853146,0.0
3,Ambessa + Rell + Senna,True,True,2,1,"Benelux Ascend Series/2026 Season/Spring Split_Week 7_3_3, Hitpoint Masters/2026 Season/Spring Split_Week 4_4_1",Senna,0.5,0.5,0.5314685314685315,-0.03146853146853146,0.0
3,Anivia + Ashe + Nocturne,True,True,2,1,"EMEA Masters/2026 Season/Spring Main Event_Quarterfinals_4_1, LCS/2026 Season/Spring Playoffs_Round 3_1_1",Nocturne,0.5,0.5,0.5314685314685315,-0.03146853146853146,0.0
3,Anivia + Nocturne + Seraphine,True,True,2,1,"EMEA Masters/2026 Season/Spring Main Event_Quarterfinals_4_1, LCS/2026 Season/Spring Playoffs_Round 3_1_1",Nocturne,0.5,0.5,0.5314685314685315,-0.03146853146853146,0.0
3,Anivia + Nocturne + Sion,True,True,2,1,"Circuito Desafiante/2026 Season/Split 1 Playoffs_Finals_1_1, LCS/2026 Season/Spring Playoffs_Round 3_1_1",Nocturne,0.5,0.5,0.5314685314685315,-0.03146853146853146,0.0
3,Caitlyn + Cassiopeia + Nocturne,True,True,2,1,"VCS/2026 Season/Summer Playoffs_Round 2_1_1, Hitpoint 2nd Division Challengers/2026 Season/Spring Playoffs_Round 3_2_1",Nocturne,0.5,0.5,0.5314685314685315,-0.03146853146853146,0.0
3,Caitlyn + Lux + Nocturne,True,True,2,1,"EMEA Masters/2026 Season/Spring Main Event_Groups Day 1_2_1, VCS/2026 Season/Summer Playoffs_Round 2_1_1",Nocturne,0.5,0.5,0.5314685314685315,-0.03146853146853146,0.0
3,Caitlyn + Nocturne + Sion,True,True,2,1,"VCS/2026 Season/Summer Playoffs_Round 2_1_1, Hitpoint 2nd Division Challengers/2026 Season/Spring Playoffs_Round 3_2_1",Nocturne,0.5,0.5,0.5314685314685315,-0.03146853146853146,0.0
3,Cassiopeia + Neeko + Nocturne,True,True,2,1,"LCS/2026 Season/Spring Playoffs_Round 2_1_1, Hitpoint 2nd Division Challengers/2026 Season/Spring Playoffs_Round 3_2_1",Nocturne,0.5,0.5,0.5314685314685315,-0.03146853146853146,0.0
3,Cassiopeia + Nocturne + Sion,True,True,2,1,"VCS/2026 Season/Summer Playoffs_Round 2_1_1, Hitpoint 2nd Division Challengers/2026 Season/Spring Playoffs_Round 3_2_1",Nocturne,0.5,0.5,0.5314685314685315,-0.03146853146853146,0.0
3,Cassiopeia + Senna + Vi,True,True,2,1,"LPL/2026 Season/Split 2_Week 7_9_1, NLC/2026 Season/Spring Split_Day 1_4_1",Senna,0.5,0.5,0.5314685314685315,-0.03146853146853146,0.0
3,Galio + Jayce + Nocturne,True,True,2,1,"Esports World Cup 2026/Online Qualifiers/South America_Round 2_1_3, EMEA Masters/2026 Season/Spring Play-In_Qualification Round_4_2",Nocturne,0.5,0.5,0.5314685314685315,-0.03146853146853146,0.0
3,Gwen + Senna + Seraphine,True,True,2,1,"Rift Legends/2026 Season/Spring Split_Week 5_4_2, CBLOL/2026 Season/Split 1 Playoffs_Round 2_1_2",Senna,0.5,0.5,0.5314685314685315,-0.03146853146853146,0.0
3,Hwei + Nautilus + Senna,True,True,2,1,"LCS/2026 Season/Spring Playoffs_Round 1_1_3, Prime League 1st Division/2026 Season/Spring Playoffs_Finals_1_3",Senna,0.5,0.5,0.5314685314685315,-0.03146853146853146,0.0
3,Jayce + Senna + Xin Zhao,True,True,2,1,"Rift Legends/2026 Season/Spring Split_Week 5_4_2, LPL/2026 Season/Split 2 Playoffs_Play-In_2_2",Senna,0.5,0.5,0.5314685314685315,-0.03146853146853146,0.0
3,K'Sante + Nautilus + Senna,True,True,2,1,"LCK/2026 Season/Rounds 1-2_Week 6_2_2, North American Challengers League/2026 Season/Spring Season_Week 8_1_2",Senna,0.5,0.5,0.5314685314685315,-0.03146853146853146,0.0
3,K'Sante + Ryze + Senna,True,True,2,1,"LCK/2026 Season/Rounds 1-2_Week 6_2_2, North American Challengers League/2026 Season/Spring Season_Week 8_1_2",Senna,0.5,0.5,0.5314685314685315,-0.03146853146853146,0.0
3,Karma + Nocturne + Varus,True,True,2,1,"2026 Asia Masters_Day 4_1_1, 2026 Asian Games/Qualifier_Day 2_1_1",Nocturne,0.5,0.5,0.5314685314685315,-0.03146853146853146,0.0
3,Leona + Senna + Wukong,True,True,2,1,"North American Challengers League/2026 Season/Spring Season_Week 7_4_3, Comic Con Baltics 2026_Finals_1_4",Senna,0.5,0.5,0.5314685314685315,-0.03146853146853146,0.0
3,Lucian + Nocturne + Sion,True,True,2,1,"Circuito Desafiante/2026 Season/Split 1 Playoffs_Finals_1_1, Circuito Desafiante/2026 Season/Split 2 Promotion_Round 1_3_1",Nocturne,0.5,0.5,0.5314685314685315,-0.03146853146853146,0.0
3,Nautilus + Renekton + Senna,True,True,2,1,"VCS/2026 Season/Summer Season_Week 2_5_2, Nexus League/2026 Season/Spring Playoffs_Finals_1_2",Senna,0.5,0.5,0.5314685314685315,-0.03146853146853146,0.0
3,Neeko + Nocturne + Sivir,True,True,2,1,"Hitpoint Masters/2026 Season/Spring Playoffs_Round 3_2_3, Hitpoint 2nd Division Challengers/2026 Season/Spring Playoffs_Finals_1_4",Nocturne,0.5,0.5,0.5314685314685315,-0.03146853146853146,0.0
3,Nocturne + Rakan + Varus,True,True,2,1,"Benelux Ascend Series/2026 Season/Spring Playoffs_Semifinals_2_3, 2026 Asian Games/Qualifier_Day 1_1_1",Nocturne,0.5,0.5,0.5314685314685315,-0.03146853146853146,0.0
3,Nocturne + Rell + Renekton,True,True,2,1,"EMEA Masters/2026 Season/Spring Play-In_Qualification Round_3_1, VCS/2026 Season/Summer Playoffs_Round 1_3_1",Nocturne,0.5,0.5,0.5314685314685315,-0.03146853146853146,0.0
3,Nocturne + Ryze + Varus,True,True,2,1,"Benelux Ascend Series/2026 Season/Spring Playoffs_Semifinals_2_3, VCS/2026 Season/Summer Playoffs_Round 1_3_1",Nocturne,0.5,0.5,0.5314685314685315,-0.03146853146853146,0.0
3,Nocturne + Shen + Varus,True,True,2,1,"Liga Regional Sur/2026 Season/Split 1 Playoffs_Finals_1_1, 2026 Asia Masters_Day 4_1_1",Nocturne,0.5,0.5,0.5314685314685315,-0.03146853146853146,0.0
3,Olaf + Ryze + Senna,True,True,2,1,"Prime League 1st Division/2026 Season/Spring Playoffs_Quarterfinals_2_3, NLC/2026 Season/Spring Split_Day 2_2_1",Senna,0.5,0.5,0.5314685314685315,-0.03146853146853146,0.0
3,Orianna + Senna + Wukong,True,True,2,1,"Liga Regional Sur/2026 Season/Split 1 Playoffs_Round 1_4_3, North American Challengers League/2026 Season/Spring Playoffs_Round 2_1_2",Senna,0.5,0.5,0.5314685314685315,-0.03146853146853146,0.0
3,Pantheon + Senna + Taliyah,True,True,2,1,"CBLOL/2026 Season/Split 1 Playoffs_Round 2_1_2, Hitpoint 2nd Division Challengers/2026 Season/Spring Playoffs_Round 2_1_3",Senna,0.5,0.5,0.5314685314685315,-0.03146853146853146,0.0
3,Rell + Senna + Viktor,True,True,2,1,"Benelux Ascend Series/2026 Season/Spring Playoffs_Round 1_4_2, Liga Regional Sur/2026 Season/Split 1 Playoffs_Round 3_1_4",Senna,0.5,0.5,0.5314685314685315,-0.03146853146853146,0.0
3,Renekton + Senna + Seraphine,True,True,2,1,"LCS/2026 Season/Spring Season_Week 6_3_2, CBLOL/2026 Season/Split 1 Playoffs_Round 4_1_2",Senna,0.5,0.5,0.5314685314685315,-0.03146853146853146,0.0
3,Renekton + Senna + Viktor,True,True,2,1,"LCS/2026 Season/Spring Season_Week 6_3_2, LCP/2026 Season/Split 2 Playoffs_Round 1_1_2",Senna,0.5,0.5,0.5314685314685315,-0.03146853146853146,0.0
3,Rumble + Senna + Trundle,True,True,2,1,"Esports World Cup 2026/Online Qualifiers/EMEA_Round 4_1_2, LCK/2026 Season/Rounds 1-2_Week 9_1_2",Senna,0.5,0.5,0.5314685314685315,-0.03146853146853146,0.0
3,Rumble + Senna + Wukong,True,True,2,1,"North American Challengers League/2026 Season/Spring Playoffs_Round 2_1_2, NLC/2026 Season/Spring Playoffs_Round 1_2_2",Senna,0.5,0.5,0.5314685314685315,-0.03146853146853146,0.0
3,Ryze + Senna + Trundle,True,True,2,1,"Esports World Cup 2026/Online Qualifiers/Korea_Round 4_2_2, LCK/2026 Season/Rounds 1-2_Week 9_1_2",Senna,0.5,0.5,0.5314685314685315,-0.03146853146853146,0.0
3,Ryze + Senna + Varus,True,True,2,1,"LIT/2026 Season/Summer Promotion_Round 4_1_1, NLC/2026 Season/Spring Split_Day 2_2_1",Senna,0.5,0.5,0.5314685314685315,-0.03146853146853146,0.0
3,Senna + Seraphine + Sion,True,True,2,1,"LPL/2026 Season/Split 2 Playoffs_Round 1_1_3, LPL/2026 Season/Split 2 Playoffs_Finals_1_3",Senna,0.5,0.5,0.5314685314685315,-0.03146853146853146,0.0
3,Senna + Seraphine + Sylas,True,True,2,1,"LPL/2026 Season/Split 2 Playoffs_Round 1_1_3, LCP/2026 Season/Split 2 Playoffs_Finals_1_4",Senna,0.5,0.5,0.5314685314685315,-0.03146853146853146,0.0
3,Senna + Seraphine + Xin Zhao,True,True,2,1,"Rift Legends/2026 Season/Spring Split_Week 5_4_2, LCS/2026 Season/Spring Season_Week 6_3_2",Senna,0.5,0.5,0.5314685314685315,-0.03146853146853146,0.0
2,Rumble + Senna,True,True,9,4,"Esports World Cup 2026/Online Qualifiers/EMEA_Round 4_1_2, LPL/2026 Season/Split 2_Week 7_9_1, LCP/2026 Season/Split 2_Week 7_3_1",Senna,0.4444444444444444,0.4642857142857143,0.5314685314685315,-0.06718281718281716,-0.0357142857142857
2,Ambessa + Senna,True,True,5,2,"Benelux Ascend Series/2026 Season/Spring Split_Week 7_3_3, Hitpoint Masters/2026 Season/Spring Split_Week 4_4_1, LCS/2026 Season/Spring Season_Week 7_4_1",Senna,0.4,0.45,0.5314685314685315,-0.08146853146853145,-0.04999999999999999
2,Renekton + Senna,True,True,5,2,"LCS/2026 Season/Spring Season_Week 6_3_2, VCS/2026 Season/Summer Season_Week 2_5_2, LCP/2026 Season/Split 2 Playoffs_Round 1_1_2",Senna,0.4,0.45,0.5314685314685315,-0.08146853146853145,-0.04999999999999999
2,Annie + Nocturne,True,True,3,1,"CBLOL/2026 Season/Split 1 Playoffs_Round 3_1_2, Esports World Cup 2026/Online Qualifiers/South America_Round 3_1_2, EMEA Masters/2026 Season/Spring Main Event_Finals_1_1",Nocturne,0.3333333333333333,0.4375,0.5314685314685315,-0.09396853146853146,-0.0625
2,Gwen + Senna,True,True,3,1,"Rift Legends/2026 Season/Spring Split_Week 5_4_2, TCL/2026 Season/Spring Split_Week 6_2_2, CBLOL/2026 Season/Split 1 Playoffs_Round 2_1_2",Senna,0.3333333333333333,0.4375,0.5314685314685315,-0.09396853146853146,-0.0625
2,Senna + Shen,True,True,3,1,"Liga Regional Sur/2026 Season/Split 1 Playoffs_Round 3_1_4, LJL/2026 Season/Spring Series_Week 6_2_3, Hitpoint 2nd Division Challengers/2026 Season/Spring Playoffs_Round 2_1_3",Senna,0.3333333333333333,0.4375,0.5314685314685315,-0.09396853146853146,-0.0625
2,Senna + Vi,True,True,3,1,"LPL/2026 Season/Split 2_Week 7_9_1, NLC/2026 Season/Spring Split_Day 1_4_1, Benelux Ascend Series/2026 Season/Spring Playoffs_Round 2_1_4",Senna,0.3333333333333333,0.4375,0.5314685314685315,-0.09396853146853146,-0.0625
3,Ambessa + Nautilus + Senna,True,True,3,1,"LCS/2026 Season/Spring Season_Week 7_4_1, LCS/2026 Season/Spring Playoffs_Round 1_1_3, North American Challengers League/2026 Season/Spring Playoffs_Round 3_1_3",Senna,0.3333333333333333,0.4375,0.5314685314685315,-0.09396853146853146,-0.0625
3,Ambessa + Neeko + Nocturne,True,True,3,1,"Arabian League/2026 Season/Summer Promotion_Round 1_3_1, Road Of Legends/2026 Season/Summer Promotion_Round 1_1_3, Hitpoint 2nd Division Challengers/2026 Season/Spring Playoffs_Finals_1_4",Nocturne,0.3333333333333333,0.4375,0.5314685314685315,-0.09396853146853146,-0.0625
3,Aurora + Nocturne + Sivir,True,True,3,1,"Hitpoint Masters/2026 Season/Spring Playoffs_Round 3_2_3, NLC/2026 Season/Spring Playoffs_Finals_1_2, Hitpoint 2nd Division Challengers/2026 Season/Spring Playoffs_Finals_1_4",Nocturne,0.3333333333333333,0.4375,0.5314685314685315,-0.09396853146853146,-0.0625
3,Ezreal + Nocturne + Viktor,True,True,3,1,"Circuito Desafiante/2026 Season/Split 2 Promotion_Round 1_2_1, Circuito Desafiante/2026 Season/Split 2 Promotion_Round 2_2_1, EMEA Masters/2026 Season/Spring Play-In_Round 1_1_1",Nocturne,0.3333333333333333,0.4375,0.5314685314685315,-0.09396853146853146,-0.0625
3,Gnar + Lee Sin + Senna,True,True,3,1,"LCP/2026 Season/Split 2 Playoffs_Round 3_1_3, LPL/2026 Season/Split 2 Playoffs_Round 1_5_3, LES/2026 Season/Spring Playoffs_Semifinals_1_2",Senna,0.3333333333333333,0.4375,0.5314685314685315,-0.09396853146853146,-0.0625
3,Gnar + Nautilus + Senna,True,True,3,1,"LCP/2026 Season/Split 2 Playoffs_Round 3_1_3, LPL/2026 Season/Split 2 Playoffs_Round 1_5_3, LES/2026 Season/Spring Playoffs_Semifinals_1_2",Senna,0.3333333333333333,0.4375,0.5314685314685315,-0.09396853146853146,-0.0625
3,Gnar + Senna + Seraphine,True,True,3,1,"LPL/2026 Season/Split 2_Week 6_7_2, LIT/2026 Season/Summer Promotion_Semifinals_2_3, Nexus League/2026 Season/Spring Split_Week 7_6_1",Senna,0.3333333333333333,0.4375,0.5314685314685315,-0.09396853146853146,-0.0625
3,Jayce + Neeko + Nocturne,True,True,3,1,"LCS/2026 Season/Spring Playoffs_Round 2_1_1, EMEA Masters/2026 Season/Spring Play-In_Qualification Round_4_2, EMEA Masters/2026 Season/Spring Main Event_Semifinals_1_1",Nocturne,0.3333333333333333,0.4375,0.5314685314685315,-0.09396853146853146,-0.0625
3,Nocturne + Rell + Ryze,True,True,3,1,"Circuito Desafiante/2026 Season/Split 2 Promotion_Round 1_3_1, EMEA Masters/2026 Season/Spring Play-In_Round 1_5_1, VCS/2026 Season/Summer Playoffs_Round 1_3_1",Nocturne,0.3333333333333333,0.4375,0.5314685314685315,-0.09396853146853146,-0.0625
5,Annie + Gnar + Lee Sin + Nautilus + Senna,True,True,3,1,"LCP/2026 Season/Split 2 Playoffs_Round 3_1_3, LPL/2026 Season/Split 2 Playoffs_Round 1_5_3, LES/2026 Season/Spring Playoffs_Semifinals_1_2",Senna,0.3333333333333333,0.4375,0.5314685314685315,-0.09396853146853146,-0.0625
2,Nocturne + Sion,True,True,10,4,"Circuito Desafiante/2026 Season/Split 1 Playoffs_Finals_1_1, Arabian League/2026 Season/Summer Promotion_Round 2_1_1, Circuito Desafiante/2026 Season/Split 2 Promotion_Round 1_3_1",Nocturne,0.4,0.43333333333333335,0.5314685314685315,-0.09813519813519811,-0.06666666666666665
2,Gnar + Senna,True,True,8,3,"LPL/2026 Season/Split 2_Week 6_7_2, LIT/2026 Season/Summer Promotion_Semifinals_2_3, Nexus League/2026 Season/Spring Split_Week 7_6_1",Senna,0.375,0.4230769230769231,0.5314685314685315,-0.10839160839160839,-0.07692307692307693
5,Aatrox + Annie + Lee Sin + Nautilus + Senna,True,True,1,0,Nexus League/2026 Season/Spring Split_Week 6_8_1,Senna,0.0,0.4166666666666667,0.5314685314685315,-0.11480186480186477,-0.08333333333333331
5,Aatrox + Annie + Nautilus + Rumble + Senna,True,True,1,0,LES/2026 Season/Spring Split_Week 7_2_2,Senna,0.0,0.4166666666666667,0.5314685314685315,-0.11480186480186477,-0.08333333333333331
5,Aatrox + Cassiopeia + Renekton + Senna + Seraphine,True,True,1,0,CBLOL/2026 Season/Split 1 Playoffs_Round 4_1_2,Senna,0.0,0.4166666666666667,0.5314685314685315,-0.11480186480186477,-0.08333333333333331
5,Aatrox + Nautilus + Senna + Taliyah + Viktor,True,True,1,0,NLC/2026 Season/Spring Playoffs_Round 1_1_3,Senna,0.0,0.4166666666666667,0.5314685314685315,-0.11480186480186477,-0.08333333333333331
5,Ahri + Aphelios + Milio + Nocturne + Vayne,True,True,1,0,EMEA Masters/2026 Season/Spring Main Event_Groups Day 2_8_2,Nocturne,0.0,0.4166666666666667,0.5314685314685315,-0.11480186480186477,-0.08333333333333331
5,Ahri + Ezreal + Jayce + Neeko + Nocturne,True,True,1,0,EMEA Masters/2026 Season/Spring Main Event_Semifinals_1_1,Nocturne,0.0,0.4166666666666667,0.5314685314685315,-0.11480186480186477,-0.08333333333333331
5,Ahri + K'Sante + Karma + Nocturne + Varus,True,True,1,0,2026 Asian Games/Qualifier_Day 2_1_1,Nocturne,0.0,0.4166666666666667,0.5314685314685315,-0.11480186480186477,-0.08333333333333331
5,Akali + Alistar + Ambessa + Ezreal + Nocturne,True,True,1,0,EMEA Masters/2026 Season/Spring Main Event_Groups Day 2_2_3,Nocturne,0.0,0.4166666666666667,0.5314685314685315,-0.11480186480186477,-0.08333333333333331
5,Akali + Caitlyn + Irelia + Nautilus + Nocturne,True,True,1,0,EMEA Masters/2026 Season/Spring Play-In_Round 3_6_1,Nocturne,0.0,0.4166666666666667,0.5314685314685315,-0.11480186480186477,-0.08333333333333331
5,Akali + Nocturne + Olaf + Rakan + Varus,True,True,1,0,2026 Asian Games/Qualifier_Day 1_1_1,Nocturne,0.0,0.4166666666666667,0.5314685314685315,-0.11480186480186477,-0.08333333333333331
5,Alistar + Azir + Gnar + Senna + Zaahen,True,True,1,0,LEC/2026 Season/Spring Playoffs_Round 3_1_5,Senna,0.0,0.4166666666666667,0.5314685314685315,-0.11480186480186477,-0.08333333333333331
5,Alistar + Cassiopeia + Rumble + Senna + Vi,True,True,1,0,LPL/2026 Season/Split 2_Week 7_9_1,Senna,0.0,0.4166666666666667,0.5314685314685315,-0.11480186480186477,-0.08333333333333331
5,Alistar + Orianna + Rumble + Senna + Wukong,True,True,1,0,North American Challengers League/2026 Season/Spring Playoffs_Round 2_1_2,Senna,0.0,0.4166666666666667,0.5314685314685315,-0.11480186480186477,-0.08333333333333331
5,Alistar + Rumble + Ryze + Senna + Trundle,True,True,1,0,LCK/2026 Season/Rounds 1-2_Week 9_1_2,Senna,0.0,0.4166666666666667,0.5314685314685315,-0.11480186480186477,-0.08333333333333331
5,Ambessa + Aurora + Neeko + Nocturne + Sivir,True,True,1,0,Hitpoint 2nd Division Challengers/2026 Season/Spring Playoffs_Finals_1_4,Nocturne,0.0,0.4166666666666667,0.5314685314685315,-0.11480186480186477,-0.08333333333333331
5,Ambessa + Brand + Leona + Nocturne + Viktor,True,True,1,0,LJL/2026 Season/Spring Series_Semifinals_1_2,Nocturne,0.0,0.4166666666666667,0.5314685314685315,-0.11480186480186477,-0.08333333333333331
5,Ambessa + Cassiopeia + Rell + Senna + Skarner,True,True,1,0,Hitpoint Masters/2026 Season/Spring Split_Week 4_4_1,Senna,0.0,0.4166666666666667,0.5314685314685315,-0.11480186480186477,-0.08333333333333331
5,Ambessa + Hwei + Nautilus + Senna + Twisted Fate,True,True,1,0,LCS/2026 Season/Spring Playoffs_Round 1_1_3,Senna,0.0,0.4166666666666667,0.5314685314685315,-0.11480186480186477,-0.08333333333333331
5,Ambessa + Ivern + Nautilus + Senna + Viktor,True,True,1,0,North American Challengers League/2026 Season/Spring Playoffs_Round 3_1_3,Senna,0.0,0.4166666666666667,0.5314685314685315,-0.11480186480186477,-0.08333333333333331
5,Ambessa + Kai'Sa + Neeko + Nocturne + Sylas,True,True,1,0,Arabian League/2026 Season/Summer Promotion_Round 1_3_1,Nocturne,0.0,0.4166666666666667,0.5314685314685315,-0.11480186480186477,-0.08333333333333331
5,Anivia + Ashe + Nocturne + Seraphine + Sion,True,True,1,0,LCS/2026 Season/Spring Playoffs_Round 3_1_1,Nocturne,0.0,0.4166666666666667,0.5314685314685315,-0.11480186480186477,-0.08333333333333331
5,Anivia + Hecarim + Senna + Shen + Yone,True,True,1,0,LJL/2026 Season/Spring Series_Week 6_2_3,Senna,0.0,0.4166666666666667,0.5314685314685315,-0.11480186480186477,-0.08333333333333331
5,Anivia + Leona + Nocturne + Shen + Varus,True,True,1,0,Liga Regional Sur/2026 Season/Split 1 Playoffs_Finals_1_1,Nocturne,0.0,0.4166666666666667,0.5314685314685315,-0.11480186480186477,-0.08333333333333331
5,Anivia + Senna + Seraphine + Skarner + Swain,True,True,1,0,Rift Legends/2026 Season/Spring Split_Week 5_6_2,Senna,0.0,0.4166666666666667,0.5314685314685315,-0.11480186480186477,-0.08333333333333331
5,Annie + Gnar + Senna + Seraphine + Shyvana,True,True,1,0,LPL/2026 Season/Split 2_Week 6_7_2,Senna,0.0,0.4166666666666667,0.5314685314685315,-0.11480186480186477,-0.08333333333333331
5,Annie + Jayce + Nocturne + Ornn + Senna,True,True,1,0,CBLOL/2026 Season/Split 1 Playoffs_Round 3_1_2,Nocturne,0.0,0.4166666666666667,0.5314685314685315,-0.11480186480186477,-0.08333333333333331
5,Annie + Kalista + Nocturne + Renata Glasc + Sion,True,True,1,0,Esports World Cup 2026/Online Qualifiers/South America_Round 3_1_2,Nocturne,0.0,0.4166666666666667,0.5314685314685315,-0.11480186480186477,-0.08333333333333331
5,Aphelios + Lulu + Nocturne + Ryze + Yorick,True,True,1,0,EMEA Masters/2026 Season/Spring Main Event_Quarterfinals_2_3,Nocturne,0.0,0.4166666666666667,0.5314685314685315,-0.11480186480186477,-0.08333333333333331
5,Ashe + Nocturne + Seraphine + Sion + Sylas,True,True,1,0,Esports World Cup 2026/Online Qualifiers/South America_Round 4_2_2,Nocturne,0.0,0.4166666666666667,0.5314685314685315,-0.11480186480186477,-0.08333333333333331
5,Aurora + Caitlyn + Neeko + Nocturne + Varus,True,True,1,0,EMEA Masters/2026 Season/Spring Play-In_Round 2_4_1,Nocturne,0.0,0.4166666666666667,0.5314685314685315,-0.11480186480186477,-0.08333333333333331
5,Aurora + Jarvan IV + Nautilus + Senna + Viktor,True,True,1,0,LES/2026 Season/Spring Split_Week 5_2_1,Senna,0.0,0.4166666666666667,0.5314685314685315,-0.11480186480186477,-0.08333333333333331
5,Aurora + Kassadin + Nocturne + Rakan + Sivir,True,True,1,0,NLC/2026 Season/Spring Playoffs_Finals_1_2,Nocturne,0.0,0.4166666666666667,0.5314685314685315,-0.11480186480186477,-0.08333333333333331
5,Azir + Mordekaiser + Nautilus + Senna + Wukong,True,True,1,0,LIT/2026 Season/Summer Promotion_Finals_1_1,Senna,0.0,0.4166666666666667,0.5314685314685315,-0.11480186480186477,-0.08333333333333331
5,Bard + Pantheon + Senna + Shen + Taliyah,True,True,1,0,Hitpoint 2nd Division Challengers/2026 Season/Spring Playoffs_Round 2_1_3,Senna,0.0,0.4166666666666667,0.5314685314685315,-0.11480186480186477,-0.08333333333333331
5,Bel'Veth + Hwei + Malphite + Senna + Sylas,True,True,1,0,Streamers Clash/Season 4_Day 7_5_1,Senna,0.0,0.4166666666666667,0.5314685314685315,-0.11480186480186477,-0.08333333333333331
5,Brand + Ekko + Hecarim + Senna + Yasuo,True,True,1,0,TCL/2026 Season/Spring Split_Week 6_5_1,Senna,0.0,0.4166666666666667,0.5314685314685315,-0.11480186480186477,-0.08333333333333331
5,Caitlyn + Cassiopeia + Lux + Nocturne + Sion,True,True,1,0,VCS/2026 Season/Summer Playoffs_Round 2_1_1,Nocturne,0.0,0.4166666666666667,0.5314685314685315,-0.11480186480186477,-0.08333333333333331
5,Caitlyn + Gwen + Jarvan IV + Senna + Viktor,True,True,1,0,TCL/2026 Season/Spring Split_Week 6_2_2,Senna,0.0,0.4166666666666667,0.5314685314685315,-0.11480186480186477,-0.08333333333333331
5,Camille + Jarvan IV + Nautilus + Senna + Viktor,True,True,1,0,LFL/2026 Season/Spring Playoffs_Round 1_5_2,Senna,0.0,0.4166666666666667,0.5314685314685315,-0.11480186480186477,-0.08333333333333331
5,Camille + Senna + Seraphine + Taliyah + Vi,True,True,1,0,Benelux Ascend Series/2026 Season/Spring Playoffs_Round 2_1_4,Senna,0.0,0.4166666666666667,0.5314685314685315,-0.11480186480186477,-0.08333333333333331
5,Cassiopeia + Ezreal + Jayce + Neeko + Nocturne,True,True,1,0,LCS/2026 Season/Spring Playoffs_Round 2_1_1,Nocturne,0.0,0.4166666666666667,0.5314685314685315,-0.11480186480186477,-0.08333333333333331
5,Cassiopeia + Nami + Ornn + Senna + Wukong,True,True,1,0,LFL/2026 Season/Spring Playoffs_Round 2_3_2,Senna,0.0,0.4166666666666667,0.5314685314685315,-0.11480186480186477,-0.08333333333333331
5,Ezreal + Gnar + Nautilus + Nocturne + Viktor,True,True,1,0,Circuito Desafiante/2026 Season/Split 2 Promotion_Round 1_2_1,Nocturne,0.0,0.4166666666666667,0.5314685314685315,-0.11480186480186477,-0.08333333333333331
5,Ezreal + K'Sante + Leona + Nocturne + Viktor,True,True,1,0,EMEA Masters/2026 Season/Spring Play-In_Round 1_1_1,Nocturne,0.0,0.4166666666666667,0.5314685314685315,-0.11480186480186477,-0.08333333333333331
5,Galio + Jayce + Mel + Nocturne + Pyke,True,True,1,0,Esports World Cup 2026/Online Qualifiers/South America_Round 2_1_3,Nocturne,0.0,0.4166666666666667,0.5314685314685315,-0.11480186480186477,-0.08333333333333331
5,Galio + Jayce + Mordekaiser + Nautilus + Senna,True,True,1,0,Esports Balkan League/2026 Season/Spring Playoffs_Round 4_2_4,Senna,0.0,0.4166666666666667,0.5314685314685315,-0.11480186480186477,-0.08333333333333331
5,Gnar + Lissandra + Lulu + Nocturne + Yunara,True,True,1,0,LCK/2026 Season/Road to MSI_Round 4_1_4,Nocturne,0.0,0.4166666666666667,0.5314685314685315,-0.11480186480186477,-0.08333333333333331
5,Gnar + Nocturne + Rakan + Viktor + Xayah,True,True,1,0,Esports World Cup 2026/Online Qualifiers/South America_Round 2_4_1,Nocturne,0.0,0.4166666666666667,0.5314685314685315,-0.11480186480186477,-0.08333333333333331
5,Gnar + Senna + Seraphine + Shyvana + Syndra,True,True,1,0,LIT/2026 Season/Summer Promotion_Semifinals_2_3,Senna,0.0,0.4166666666666667,0.5314685314685315,-0.11480186480186477,-0.08333333333333331
5,Gwen + Jayce + Senna + Seraphine + Xin Zhao,True,True,1,0,Rift Legends/2026 Season/Spring Split_Week 5_4_2,Senna,0.0,0.4166666666666667,0.5314685314685315,-0.11480186480186477,-0.08333333333333331
5,Jarvan IV + Karma + Renekton + Senna + Viktor,True,True,1,0,LCP/2026 Season/Split 2 Playoffs_Round 1_1_2,Senna,0.0,0.4166666666666667,0.5314685314685315,-0.11480186480186477,-0.08333333333333331
5,Jarvan IV + LeBlanc + Nautilus + Olaf + Senna,True,True,1,0,LES/2026 Season/Spring Playoffs_Semifinals_2_4,Senna,0.0,0.4166666666666667,0.5314685314685315,-0.11480186480186477,-0.08333333333333331
5,Jax + Orianna + Rakan + Senna + Trundle,True,True,1,0,North American Challengers League/2026 Season/Spring Season_Week 7_6_2,Senna,0.0,0.4166666666666667,0.5314685314685315,-0.11480186480186477,-0.08333333333333331
5,Jayce + K'Sante + Rell + Senna + Viktor,True,True,1,0,Benelux Ascend Series/2026 Season/Spring Playoffs_Round 1_4_2,Senna,0.0,0.4166666666666667,0.5314685314685315,-0.11480186480186477,-0.08333333333333331
5,Jayce + Nocturne + Sivir + Sylas + Tahm Kench,True,True,1,0,2026 Asia Masters_Day 2_2_2,Nocturne,0.0,0.4166666666666667,0.5314685314685315,-0.11480186480186477,-0.08333333333333331
5,Jayce + Rumble + Senna + Tahm Kench + Viktor,True,True,1,0,LJL/2026 Season/Spring Series_Week 4_2_1,Senna,0.0,0.4166666666666667,0.5314685314685315,-0.11480186480186477,-0.08333333333333331
5,Jhin + K'Sante + Nautilus + Nocturne + Ryze,True,True,1,0,EMEA Masters/2026 Season/Spring Play-In_Round 3_3_1,Nocturne,0.0,0.4166666666666667,0.5314685314685315,-0.11480186480186477,-0.08333333333333331
5,K'Sante + Naafiri + Nautilus + Ryze + Senna,True,True,1,0,LCK/2026 Season/Rounds 1-2_Week 6_2_2,Senna,0.0,0.4166666666666667,0.5314685314685315,-0.11480186480186477,-0.08333333333333331
5,Lee Sin + Nautilus + Renekton + Ryze + Senna,True,True,1,0,VCS/2026 Season/Summer Season_Week 2_5_2,Senna,0.0,0.4166666666666667,0.5314685314685315,-0.11480186480186477,-0.08333333333333331
5,Leona + Senna + Syndra + Urgot + Wukong,True,True,1,0,Comic Con Baltics 2026_Finals_1_4,Senna,0.0,0.4166666666666667,0.5314685314685315,-0.11480186480186477,-0.08333333333333331
5,Lucian + Nocturne + Rell + Ryze + Sion,True,True,1,0,Circuito Desafiante/2026 Season/Split 2 Promotion_Round 1_3_1,Nocturne,0.0,0.4166666666666667,0.5314685314685315,-0.11480186480186477,-0.08333333333333331
5,Nautilus + Nocturne + Senna + Sion + Ziggs,True,True,1,0,LCS/2026 Season/Spring Playoffs_Round 2_2_1,Nocturne,0.0,0.4166666666666667,0.5314685314685315,-0.11480186480186477,-0.08333333333333331
5,Nocturne + Rell + Renekton + Ryze + Varus,True,True,1,0,VCS/2026 Season/Summer Playoffs_Round 1_3_1,Nocturne,0.0,0.4166666666666667,0.5314685314685315,-0.11480186480186477,-0.08333333333333331
5,Olaf + Ryze + Senna + Seraphine + Varus,True,True,1,0,NLC/2026 Season/Spring Split_Day 2_2_1,Senna,0.0,0.4166666666666667,0.5314685314685315,-0.11480186480186477,-0.08333333333333331
5,Senna + Seraphine + Sion + Sylas + Wukong,True,True,1,0,LPL/2026 Season/Split 2 Playoffs_Round 1_1_3,Senna,0.0,0.4166666666666667,0.5314685314685315,-0.11480186480186477,-0.08333333333333331
2,Aatrox + Senna,True,True,6,2,"Road Of Legends/2026 Season/Spring Split_Week 6_2_3, Nexus League/2026 Season/Spring Split_Week 6_8_1, LES/2026 Season/Spring Split_Week 7_2_2",Senna,0.3333333333333333,0.4090909090909091,0.5314685314685315,-0.12237762237762234,-0.09090909090909088
2,Cassiopeia + Senna,True,True,6,2,"LPL/2026 Season/Split 2_Week 7_9_1, Hitpoint Masters/2026 Season/Spring Split_Week 4_4_1, LFL/2026 Season/Spring Playoffs_Round 2_3_2",Senna,0.3333333333333333,0.4090909090909091,0.5314685314685315,-0.12237762237762234,-0.09090909090909088
2,Leona + Nocturne,True,True,4,1,"EMEA Masters/2026 Season/Spring Play-In_Round 1_1_1, Liga Regional Sur/2026 Season/Split 1 Playoffs_Finals_1_1, LJL/2026 Season/Spring Series_Semifinals_1_2",Nocturne,0.25,0.3888888888888889,0.5314685314685315,-0.14257964257964256,-0.1111111111111111
2,Nocturne + Sylas,True,True,4,1,"Arabian League/2026 Season/Summer Promotion_Round 1_3_1, 2026 Asia Masters_Day 2_2_2, EMEA Masters/2026 Season/Spring Main Event_Groups Day 1_6_3",Nocturne,0.25,0.3888888888888889,0.5314685314685315,-0.14257964257964256,-0.1111111111111111
3,Annie + Gnar + Senna,True,True,4,1,"LPL/2026 Season/Split 2_Week 6_7_2, LCP/2026 Season/Split 2 Playoffs_Round 3_1_3, LPL/2026 Season/Split 2 Playoffs_Round 1_5_3",Senna,0.25,0.3888888888888889,0.5314685314685315,-0.14257964257964256,-0.1111111111111111
3,Annie + Lee Sin + Senna,True,True,4,1,"Nexus League/2026 Season/Spring Split_Week 6_8_1, LCP/2026 Season/Split 2 Playoffs_Round 3_1_3, LPL/2026 Season/Split 2 Playoffs_Round 1_5_3",Senna,0.25,0.3888888888888889,0.5314685314685315,-0.14257964257964256,-0.1111111111111111
3,Jarvan IV + Nautilus + Senna,True,True,4,1,"LES/2026 Season/Spring Split_Week 5_2_1, LFL/2026 Season/Spring Playoffs_Round 1_5_2, Prime League 1st Division/2026 Season/Spring Playoffs_Semifinals_2_3",Senna,0.25,0.3888888888888889,0.5314685314685315,-0.14257964257964256,-0.1111111111111111
2,Senna + Viktor,True,True,12,4,"LES/2026 Season/Spring Split_Week 5_2_1, North American Challengers League/2026 Season/Spring Season_Week 7_4_3, LCS/2026 Season/Spring Season_Week 6_3_2",Senna,0.3333333333333333,0.38235294117647056,0.5314685314685315,-0.1491155902920609,-0.11764705882352944
2,Annie + Senna,True,True,7,2,"LPL/2026 Season/Split 2_Week 6_7_2, LPL/2026 Season/Split 2_Week 7_3_1, Nexus League/2026 Season/Spring Split_Week 6_8_1",Senna,0.2857142857142857,0.375,0.5314685314685315,-0.15646853146853146,-0.125
2,Jayce + Nocturne,True,True,7,2,"CBLOL/2026 Season/Split 1 Playoffs_Round 3_1_2, LCS/2026 Season/Spring Playoffs_Round 2_1_1, Esports World Cup 2026/Online Qualifiers/South America_Round 2_1_3",Nocturne,0.2857142857142857,0.375,0.5314685314685315,-0.15646853146853146,-0.125
2,Nocturne + Varus,True,True,7,2,"Benelux Ascend Series/2026 Season/Spring Playoffs_Semifinals_2_3, EMEA Masters/2026 Season/Spring Play-In_Round 2_4_1, Liga Regional Sur/2026 Season/Split 1 Playoffs_Finals_1_1",Nocturne,0.2857142857142857,0.375,0.5314685314685315,-0.15646853146853146,-0.125
3,Aatrox + Annie + Senna,True,True,2,0,"Nexus League/2026 Season/Spring Split_Week 6_8_1, LES/2026 Season/Spring Split_Week 7_2_2",Senna,0.0,0.35714285714285715,0.5314685314685315,-0.1743256743256743,-0.14285714285714285
3,Ashe + Nocturne + Sion,True,True,2,0,"Esports World Cup 2026/Online Qualifiers/South America_Round 4_2_2, LCS/2026 Season/Spring Playoffs_Round 3_1_1",Nocturne,0.0,0.35714285714285715,0.5314685314685315,-0.1743256743256743,-0.14285714285714285
3,Ezreal + Jayce + Nocturne,True,True,2,0,"LCS/2026 Season/Spring Playoffs_Round 2_1_1, EMEA Masters/2026 Season/Spring Main Event_Semifinals_1_1",Nocturne,0.0,0.35714285714285715,0.5314685314685315,-0.1743256743256743,-0.14285714285714285
3,Ezreal + Neeko + Nocturne,True,True,2,0,"LCS/2026 Season/Spring Playoffs_Round 2_1_1, EMEA Masters/2026 Season/Spring Main Event_Semifinals_1_1",Nocturne,0.0,0.35714285714285715,0.5314685314685315,-0.1743256743256743,-0.14285714285714285
3,Gnar + Nocturne + Viktor,True,True,2,0,"Circuito Desafiante/2026 Season/Split 2 Promotion_Round 1_2_1, Esports World Cup 2026/Online Qualifiers/South America_Round 2_4_1",Nocturne,0.0,0.35714285714285715,0.5314685314685315,-0.1743256743256743,-0.14285714285714285
3,Gnar + Senna + Shyvana,True,True,2,0,"LPL/2026 Season/Split 2_Week 6_7_2, LIT/2026 Season/Summer Promotion_Semifinals_2_3",Senna,0.0,0.35714285714285715,0.5314685314685315,-0.1743256743256743,-0.14285714285714285
3,Jayce + Senna + Viktor,True,True,2,0,"LJL/2026 Season/Spring Series_Week 4_2_1, Benelux Ascend Series/2026 Season/Spring Playoffs_Round 1_4_2",Senna,0.0,0.35714285714285715,0.5314685314685315,-0.1743256743256743,-0.14285714285714285
3,Leona + Nocturne + Viktor,True,True,2,0,"EMEA Masters/2026 Season/Spring Play-In_Round 1_1_1, LJL/2026 Season/Spring Series_Semifinals_1_2",Nocturne,0.0,0.35714285714285715,0.5314685314685315,-0.1743256743256743,-0.14285714285714285
3,Mordekaiser + Nautilus + Senna,True,True,2,0,"LIT/2026 Season/Summer Promotion_Finals_1_1, Esports Balkan League/2026 Season/Spring Playoffs_Round 4_2_4",Senna,0.0,0.35714285714285715,0.5314685314685315,-0.1743256743256743,-0.14285714285714285
3,Nocturne + Seraphine + Sion,True,True,2,0,"Esports World Cup 2026/Online Qualifiers/South America_Round 4_2_2, LCS/2026 Season/Spring Playoffs_Round 3_1_1",Nocturne,0.0,0.35714285714285715,0.5314685314685315,-0.1743256743256743,-0.14285714285714285
3,Senna + Seraphine + Shyvana,True,True,2,0,"LPL/2026 Season/Split 2_Week 6_7_2, LIT/2026 Season/Summer Promotion_Semifinals_2_3",Senna,0.0,0.35714285714285715,0.5314685314685315,-0.1743256743256743,-0.14285714285714285
2,Nautilus + Nocturne,True,True,5,1,"Circuito Desafiante/2026 Season/Split 2 Promotion_Round 1_2_1, LCS/2026 Season/Spring Playoffs_Round 2_2_1, EMEA Masters/2026 Season/Spring Play-In_Round 3_3_1",Nocturne,0.2,0.35,0.5314685314685315,-0.18146853146853148,-0.15000000000000002
2,Nocturne + Viktor,True,True,5,1,"Circuito Desafiante/2026 Season/Split 2 Promotion_Round 1_2_1, Circuito Desafiante/2026 Season/Split 2 Promotion_Round 2_2_1, EMEA Masters/2026 Season/Spring Play-In_Round 1_1_1",Nocturne,0.2,0.35,0.5314685314685315,-0.18146853146853148,-0.15000000000000002
3,Annie + Nautilus + Senna,True,True,5,1,"Nexus League/2026 Season/Spring Split_Week 6_8_1, LES/2026 Season/Spring Split_Week 7_2_2, LCP/2026 Season/Split 2 Playoffs_Round 3_1_3",Senna,0.2,0.35,0.5314685314685315,-0.18146853146853148,-0.15000000000000002
3,Lee Sin + Nautilus + Senna,True,True,5,1,"Nexus League/2026 Season/Spring Split_Week 6_8_1, VCS/2026 Season/Summer Season_Week 2_5_2, LCP/2026 Season/Split 2 Playoffs_Round 3_1_3",Senna,0.2,0.35,0.5314685314685315,-0.18146853146853148,-0.15000000000000002
2,Gnar + Nocturne,True,True,3,0,"Circuito Desafiante/2026 Season/Split 2 Promotion_Round 1_2_1, Esports World Cup 2026/Online Qualifiers/South America_Round 2_4_1, LCK/2026 Season/Road to MSI_Round 4_1_4",Nocturne,0.0,0.3125,0.5314685314685315,-0.21896853146853146,-0.1875
3,Aatrox + Nautilus + Senna,True,True,3,0,"Nexus League/2026 Season/Spring Split_Week 6_8_1, LES/2026 Season/Spring Split_Week 7_2_2, NLC/2026 Season/Spring Playoffs_Round 1_1_3",Senna,0.0,0.3125,0.5314685314685315,-0.21896853146853146,-0.1875
3,Alistar + Rumble + Senna,True,True,3,0,"LPL/2026 Season/Split 2_Week 7_9_1, North American Challengers League/2026 Season/Spring Playoffs_Round 2_1_2, LCK/2026 Season/Rounds 1-2_Week 9_1_2",Senna,0.0,0.3125,0.5314685314685315,-0.21896853146853146,-0.1875
3,Jarvan IV + Senna + Viktor,True,True,4,0,"LES/2026 Season/Spring Split_Week 5_2_1, TCL/2026 Season/Spring Split_Week 6_2_2, LFL/2026 Season/Spring Playoffs_Round 1_5_2",Senna,0.0,0.2777777777777778,0.5314685314685315,-0.25369075369075367,-0.2222222222222222
3,Nautilus + Senna + Viktor,True,True,4,0,"LES/2026 Season/Spring Split_Week 5_2_1, LFL/2026 Season/Spring Playoffs_Round 1_5_2, North American Challengers League/2026 Season/Spring Playoffs_Round 3_1_3",Senna,0.0,0.2777777777777778,0.5314685314685315,-0.25369075369075367,-0.2222222222222222
