champion,synergy_degree,synergy_degree_centrality,synergy_weighted_degree,synergy_betweenness,synergy_closeness,synergy_eigenvector,synergy_pagerank,counter_in_degree,counter_out_degree,counter_weighted_in_degree,counter_weighted_out_degree,counter_in_degree_centrality,counter_out_degree_centrality,counter_pagerank,counter_betweenness,counter_hits_hub,counter_hits_authority
Ashe,43.0,0.3307692307692308,91.26856552277872,0.015636221799096964,0.5726872246696035,0.3648635187718329,0.031701770882257216,26.0,59.0,21.154091013956283,102.23151034475147,0.17687074829931973,0.4013605442176871,0.006750629876178684,0.011009393931162004,0.041047133593384195,0.006848305889883069
Seraphine,40.0,0.3076923076923077,82.2461803849175,0.014913723124293007,0.5603448275862069,0.35318419154928743,0.02847968178809625,28.0,58.0,26.25130130642124,96.5611418952097,0.19047619047619047,0.3945578231292517,0.007609135451140075,0.013248418988928139,0.040871919689668045,0.00817283141860335
Bard,48.0,0.36923076923076925,86.864323249832,0.024462537031075496,0.5990783410138248,0.26195547247428647,0.031311603031012054,18.0,66.0,23.557556913502037,114.52801746400196,0.12244897959183673,0.4489795918367347,0.004394193458677552,0.011045719538786447,0.043737158616629405,0.009513811001856673
Caitlyn,40.0,0.3076923076923077,60.879430707363134,0.03193646982828681,0.5603448275862069,0.20901978979830002,0.023218999361698817,29.0,54.0,28.24000928601558,78.8921829334218,0.19727891156462585,0.36734693877551017,0.013232736603620555,0.022340605318663,0.03225364888223406,0.007869228014163952
Rakan,34.0,0.26153846153846155,38.13166633203396,0.011443131502299026,0.5531914893617021,0.07982998670638437,0.014935296894396922,22.0,52.0,11.984596908939018,49.01673857188561,0.14965986394557823,0.35374149659863946,0.005487380112810489,0.010176971653510128,0.016761990138948097,0.0037868940999817753
Xayah,19.0,0.14615384615384616,18.040025706745656,0.002404769414278932,0.5019305019305019,0.03111885565192957,0.00765581296435549,24.0,28.0,13.326742701742699,22.355783105783104,0.16326530612244897,0.19047619047619047,0.0056236687204821315,0.0034429423682091906,0.007254036506495412,0.0037409660803914236
Pantheon,32.0,0.24615384615384617,42.286532162648356,0.0129432129646568,0.5327868852459017,0.18012063949157736,0.015746957580834116,40.0,35.0,40.398808781003844,31.91831234144004,0.27210884353741494,0.23809523809523808,0.012566368555195558,0.011219930205204186,0.012778654154883709,0.016762877515139073
K'Sante,27.0,0.2076923076923077,27.040071519498724,0.02341536863544857,0.5179282868525896,0.085763772773048,0.0118444753484653,55.0,33.0,66.3701872497983,25.67896715253595,0.37414965986394555,0.22448979591836735,0.019993647978646497,0.0227994086392639,0.008695571129469089,0.023418872964680877
Lucian,34.0,0.26153846153846155,46.08125450361903,0.018506859611561968,0.5508474576271186,0.11386995875146995,0.017853281104981737,28.0,52.0,47.59235508542621,61.8812050032325,0.19047619047619047,0.35374149659863946,0.01193355716113914,0.017098246045678646,0.023203345936057232,0.018297484191215976
Nami,30.0,0.23076923076923078,34.33584589710338,0.014930062909738967,0.5327868852459017,0.09250271809576319,0.013414760112034177,33.0,42.0,47.37890903074119,46.18058948584862,0.22448979591836735,0.2857142857142857,0.012963122349531519,0.010606292546850025,0.013885939319888685,0.01650015847819348
Gnar,34.0,0.26153846153846155,63.56830539071819,0.006844581203963473,0.5531914893617021,0.2267106195700706,0.022534061770781388,38.0,45.0,29.51219960594961,67.94771870144513,0.2585034013605442,0.30612244897959184,0.010599821093525098,0.02611078373190574,0.0245477618049497,0.00567185825515685
Anivia,54.0,0.4153846153846154,70.51189503018847,0.030816457658436568,0.6190476190476191,0.18725912815320014,0.026189761142298165,14.0,58.0,4.611607142857142,80.44069898648358,0.09523809523809523,0.3945578231292517,0.004043774655762792,0.00918967325925005,0.028127415435184468,0.0006571699015595858
Ezreal,29.0,0.2230769230769231,38.52199919376537,0.019609354007452756,0.5306122448979592,0.12009666782453993,0.0151715214412626,41.0,48.0,76.93740285079336,62.92889642182482,0.2789115646258503,0.32653061224489793,0.016708181413201004,0.015152861120940279,0.021830987123420506,0.032526592968627546
Sion,36.0,0.27692307692307694,38.96985739890366,0.03255278841543238,0.5555555555555556,0.13480101570012265,0.015900712581453317,45.0,51.0,68.22022300790452,50.43665803452487,0.30612244897959184,0.3469387755102041,0.018103086393004335,0.03353431311451183,0.018211533210909285,0.02860953676045977
Cassiopeia,38.0,0.2923076923076923,48.90923355259741,0.020589033024357262,0.5676855895196506,0.16075064216995888,0.018328925316361485,28.0,51.0,26.12176355995675,59.00670441780118,0.19047619047619047,0.3469387755102041,0.006350290596096146,0.008561478067169233,0.022754790611592125,0.010372768918208639
Jarvan IV,46.0,0.35384615384615387,60.4529434922858,0.03740217047782048,0.5829596412556054,0.19414359546421314,0.02309845294390854,30.0,56.0,46.58114157647578,87.52231122533007,0.20408163265306123,0.38095238095238093,0.01152145944556366,0.023655831273922585,0.031412908554244064,0.01934614390119611
Aatrox,39.0,0.30000000000000004,29.16432753459355,0.011098043555248618,0.5652173913043478,0.1146273130979307,0.011195359019000069,23.0,43.0,15.73037256860786,34.50585702566696,0.1564625850340136,0.2925170068027211,0.0053008489231903535,0.006019136770921088,0.01179885038904107,0.005276821248892983
Corki,22.0,0.16923076923076924,19.928032195615327,0.0023450705833794076,0.5038759689922481,0.057269971927847795,0.008074746887301257,45.0,33.0,39.48699261479833,30.201724092900573,0.30612244897959184,0.22448979591836735,0.011409674832331162,0.006767276003101432,0.010103527213301029,0.012345586992590625
Nocturne,39.0,0.30000000000000004,56.02358351248816,0.009807281700210807,0.5676855895196506,0.17961209919691187,0.02016409476866593,25.0,55.0,17.61228247026302,61.969047030213204,0.17006802721088435,0.37414965986394555,0.006922336048242745,0.017415745218368195,0.024357083636989345,0.006167734886394824
Xin Zhao,28.0,0.2153846153846154,39.206896756925545,0.01955996998586502,0.5327868852459017,0.1269541649940619,0.016138477385933898,61.0,34.0,95.3912448043021,47.412010453070565,0.4149659863945578,0.2312925170068027,0.02375249749243351,0.02271279361048476,0.016020729197635544,0.03661634535210162
Ryze,42.0,0.3230769230769231,58.67831164896266,0.018703971750753945,0.5603448275862069,0.20783461371185877,0.021376077699285904,30.0,53.0,38.363108929919626,68.98274345821866,0.20408163265306123,0.36054421768707484,0.009400823742643416,0.014870920608189958,0.023970329904748008,0.013134223843056
Viktor,37.0,0.2846153846153846,40.817913456915946,0.021642386124335194,0.5508474576271186,0.1678814381082345,0.015385118091314706,44.0,41.0,49.48198653513445,39.87476838524401,0.29931972789115646,0.2789115646258503,0.016407769527484177,0.022467261484473058,0.012856225844230332,0.017209241386353182
Akali,36.0,0.27692307692307694,41.79159930726759,0.00799004770403047,0.5579399141630901,0.14387028507982438,0.015441189688922795,23.0,48.0,14.068809546772378,50.75539422204872,0.1564625850340136,0.32653061224489793,0.005055329668037371,0.006560789834319753,0.019205378356526984,0.003412885517860477
Yunara,29.0,0.2230769230769231,22.625487336594155,0.01824148358933922,0.5241935483870968,0.048326455784783263,0.010352230714748363,45.0,42.0,58.90323819599906,38.7897171927946,0.30612244897959184,0.2857142857142857,0.018827361672443237,0.019351487527656603,0.011611750904529494,0.022737696091522853
Vi,38.0,0.2923076923076923,40.74955836869202,0.032477376959546965,0.5627705627705628,0.10463674758092247,0.01699712595510442,42.0,40.0,40.68908102738366,57.66487727830337,0.2857142857142857,0.27210884353741494,0.014161907319228114,0.017731171966937888,0.021398396439194795,0.013511751033492022
Annie,43.0,0.3307692307692308,48.57551834743573,0.04013081363430043,0.5803571428571429,0.17170472346592822,0.019211826678427798,24.0,47.0,18.783331856634767,45.54142228218314,0.16326530612244897,0.31972789115646255,0.0062366561123846885,0.009159405825251571,0.017880142468428454,0.0065852816392083235
Sivir,29.0,0.2230769230769231,25.607302252177917,0.0038150307261718415,0.5327868852459017,0.08254290537850763,0.00983743957823711,29.0,39.0,16.70115586583777,28.23213833268182,0.19727891156462585,0.2653061224489796,0.007437513835261975,0.011744199287734503,0.010172876592145112,0.004074604271541991
Lux,14.0,0.1076923076923077,10.343646549528902,0.0005939319274696253,0.483271375464684,0.038214830466797314,0.004588656985178732,10.0,18.0,3.0654761904761916,7.034361471861471,0.06802721088435373,0.12244897959183673,0.0024506847987681712,0.0009596270757630139,0.002602253716464232,0.0007268527828050534
Aurora,36.0,0.27692307692307694,27.05398561220799,0.02542037868580206,0.5416666666666666,0.08394439898814056,0.011581610380279531,39.0,39.0,67.1893710000825,37.2357090530818,0.2653061224489796,0.2653061224489796,0.014841161053029872,0.011312802356099898,0.012454641524197028,0.02799073448293804
Naafiri,29.0,0.2230769230769231,29.961524378091216,0.005848540122548058,0.5306122448979592,0.11392106524729644,0.01147647749394712,38.0,41.0,42.512732329876286,33.16593611138889,0.2585034013605442,0.2789115646258503,0.014745585467898503,0.018792862156458163,0.008889389898228642,0.01615612532613158
Vayne,46.0,0.35384615384615387,40.249224835621874,0.027034647568658594,0.5909090909090909,0.1431178314553591,0.01550344733913263,9.0,53.0,3.2056623931623935,48.55017165282254,0.061224489795918366,0.36054421768707484,0.001924357724376684,0.0019627391579912007,0.017243253262104623,0.0009289477447907166
Nautilus,33.0,0.25384615384615383,32.135499664306955,0.029751441943563644,0.5394190871369294,0.07584351363633779,0.014253720127140894,52.0,37.0,75.32707674705523,37.600028209800215,0.35374149659863946,0.25170068027210885,0.02274014349877869,0.039593830247300676,0.013310763321358294,0.026428965580909746
Karma,22.0,0.16923076923076924,22.346053344018998,0.01051266501650844,0.5058365758754864,0.05195887097831925,0.009625428605919507,53.0,30.0,72.46537654435875,24.32153305337429,0.36054421768707484,0.20408163265306123,0.026082348703593376,0.017125490853526097,0.007441654013904455,0.02479970282287921
Skarner,27.0,0.2076923076923077,26.109901288446306,0.005996886224445822,0.5263157894736842,0.06619098293965237,0.01044692439800849,45.0,30.0,41.860571480669954,26.659994245520576,0.30612244897959184,0.20408163265306123,0.01332587019367134,0.01229791592645436,0.008856769389194332,0.01554227641324483
Rumble,34.0,0.26153846153846155,41.15431387158729,0.011654559209922173,0.5508474576271186,0.13075337314371563,0.015382544943091136,39.0,37.0,45.436748429784785,55.444871690161555,0.2653061224489796,0.25170068027210885,0.014947613401886106,0.02116980328745999,0.021708541686084052,0.016077052740012684
Lulu,30.0,0.23076923076923078,23.578076887265073,0.01565642184470514,0.5179282868525896,0.06010033865940733,0.010633011583952405,54.0,34.0,67.7540605215191,29.736996095691747,0.36734693877551017,0.2312925170068027,0.021462980665437087,0.020392094695861812,0.009525495827232054,0.02321384279548007
Ahri,37.0,0.2846153846153846,27.99154380902898,0.021571115657290887,0.5676855895196506,0.06327667831609667,0.011974945751675976,44.0,43.0,51.985275546749996,52.44104843851432,0.29931972789115646,0.2925170068027211,0.01643274576231084,0.022259375577413126,0.019117922900775252,0.018699742649932512
Trundle,39.0,0.30000000000000004,28.759189040215254,0.013129641047919213,0.5627705627705628,0.05996316631584209,0.011577468102379506,24.0,44.0,11.558134267693092,40.660313048664435,0.16326530612244897,0.29931972789115646,0.006235221956205694,0.014764407952538154,0.014981524431592041,0.0028842342921419233
Varus,37.0,0.2846153846153846,26.92604705739914,0.03462932150989694,0.5508474576271186,0.06672759541213892,0.012250380266337917,45.0,43.0,44.509979951492085,29.16967496593506,0.30612244897959184,0.2925170068027211,0.01721928359194303,0.01916132275683897,0.005875087121629735,0.012720283036079685
Milio,28.0,0.2153846153846154,29.39209132370897,0.016878911042800926,0.5220883534136547,0.06648092474950199,0.012848857185023148,39.0,42.0,61.44521834383069,49.68150098974089,0.2653061224489796,0.2857142857142857,0.014186820240003919,0.017600268490767592,0.01819883742935446,0.025076609597417553
Yone,24.0,0.18461538461538463,12.798741087344036,0.007828501890845597,0.5220883534136547,0.027395164035121107,0.006053751452031998,20.0,31.0,8.183476245976244,13.668834025451673,0.13605442176870747,0.21088435374149658,0.004810292118709078,0.0034808376198110554,0.004204478763757492,0.0027355578465623554
Twisted Fate,37.0,0.2846153846153846,30.58608405483406,0.013444665933671178,0.5603448275862069,0.10960026301990781,0.01190144589800113,25.0,43.0,13.186379195280127,35.383952426715574,0.17006802721088435,0.2925170068027211,0.00571015651728156,0.0071863974279839475,0.012140084295180651,0.0037139346369272717
Lee Sin,31.0,0.23846153846153847,29.998515818023826,0.009134817358704028,0.5349794238683128,0.08109598443192514,0.011918298782941261,39.0,35.0,37.10028453993593,39.059620976368514,0.2653061224489796,0.23809523809523808,0.011195928992334006,0.008438213721856977,0.015656413803485755,0.014719650650998714
Gwen,19.0,0.14615384615384616,15.62522893772894,0.001512927799674948,0.5,0.03949149037437419,0.00664800156637489,28.0,25.0,16.621291902541905,16.189622877122872,0.19047619047619047,0.17006802721088435,0.0075433631087892935,0.01054758197080552,0.00705134171569741,0.005696826853020711
Kai'Sa,37.0,0.2846153846153846,27.020358266246422,0.025788751303090832,0.5652173913043478,0.07663414268882195,0.011465946656106191,25.0,46.0,14.290365486766415,36.45196521744509,0.17006802721088435,0.3129251700680272,0.007047284547375066,0.012699919321058085,0.01453467572404173,0.004970080801234608
Jhin,19.0,0.14615384615384616,16.737095765377582,0.0023197217010902564,0.49808429118773945,0.04441706288455873,0.007077743103492871,55.0,28.0,71.92293509080984,27.66974531875012,0.37414965986394555,0.19047619047619047,0.020709663980708563,0.015218068975392665,0.007098203171770868,0.025197517935895128
Neeko,34.0,0.26153846153846155,22.173830001110296,0.01568388450530359,0.5416666666666666,0.05524440700025207,0.009711972541144583,45.0,34.0,55.26486606926983,32.66757476174512,0.30612244897959184,0.2312925170068027,0.01957405713880372,0.011972525026652412,0.010485412921715837,0.021755137776151682
Orianna,31.0,0.23846153846153847,23.52337375496563,0.011089036975146732,0.5306122448979592,0.05372127122408534,0.010063526614863151,33.0,38.0,54.80822579377379,38.152695191435626,0.22448979591836735,0.2585034013605442,0.014684472043168256,0.009025259902345716,0.012572640671250088,0.020502888622566034
Hwei,26.0,0.2,15.86022657897658,0.0076835321162485,0.5327868852459017,0.03282329575943739,0.00697935109007995,23.0,37.0,9.577630702630701,17.88305587386469,0.1564625850340136,0.25170068027210885,0.006237797038398745,0.017015496338762433,0.005983579348069223,0.0026918920451320786
Renekton,39.0,0.30000000000000004,28.621150481007927,0.026121678732275416,0.5508474576271186,0.05432994534803139,0.01283278200608767,41.0,37.0,63.64941289783282,32.19469215490918,0.2789115646258503,0.25170068027210885,0.016849537959613362,0.01322973457852989,0.007836957597591426,0.024587055273839045
Yorick,15.0,0.11538461538461539,12.214108807858807,0.0010458175417055514,0.49429657794676807,0.06198293562217636,0.0051160568831597674,41.0,22.0,24.810610718139472,12.788129296007446,0.2789115646258503,0.14965986394557823,0.008118963170153282,0.004412886471349691,0.004545943111833898,0.007629707068068742
Galio,26.0,0.2,17.53037864912865,0.00987139599535707,0.5284552845528455,0.0535609573115622,0.008083251506251391,30.0,29.0,21.74867060175059,22.8742125929626,0.20408163265306123,0.19727891156462585,0.006840969503883964,0.004474121611463683,0.007099712055833296,0.008179930115240246
Malphite,19.0,0.14615384615384616,10.733044733044736,0.0021680378324014024,0.5058365758754864,0.02264910799525764,0.0049774694779546194,15.0,21.0,5.545274170274171,12.127976190476195,0.10204081632653061,0.14285714285714285,0.0027800472325063704,0.002130230341372845,0.0029870426957116472,0.001500775658450612
Zaahen,26.0,0.2,16.83056599832916,0.004081308299593608,0.5179282868525896,0.062686250212735,0.007021442440870169,35.0,27.0,17.968848553407376,17.969541299988276,0.23809523809523808,0.18367346938775508,0.007895297457871755,0.006071643171226823,0.00765763997793327,0.005016223765391014
Ornn,33.0,0.25384615384615383,16.47284544548645,0.017590172858087078,0.5508474576271186,0.05102851184797179,0.0074904989724687825,27.0,36.0,20.42587416668299,26.054673701771232,0.18367346938775508,0.24489795918367346,0.007695192437070278,0.00588681293157001,0.00828305230810542,0.007878078064682015
Aphelios,15.0,0.11538461538461539,6.155345471521943,0.001381236319400726,0.4868913857677903,0.011589129611263349,0.0034307520740464136,16.0,20.0,6.061958874458874,6.41826923076923,0.10884353741496598,0.13605442176870747,0.0026692568990335803,0.002912136617888364,0.0015851462425944766,0.0024143884509771943
Ambessa,23.0,0.17692307692307693,16.182252732593376,0.01092970793125396,0.52,0.026107520499365655,0.00758840313737992,58.0,18.0,68.94303319890889,10.703445490984194,0.3945578231292517,0.12244897959183673,0.024357976840141644,0.010113264323896854,0.0026282976065706773,0.021878181772470612
Wukong,26.0,0.2,22.357638586738094,0.012900216474922163,0.5179282868525896,0.07885528139684181,0.009941715218701573,56.0,31.0,83.65890798411559,20.391269710563193,0.38095238095238093,0.21088435374149658,0.02413488371564299,0.017830293851770342,0.00448750654750429,0.029525910274738058
Azir,14.0,0.1076923076923077,8.363514957264956,0.0015274030841479604,0.4868913857677903,0.02404926906873736,0.004127208104679587,54.0,12.0,43.822491889345585,5.753707184628237,0.36734693877551017,0.08163265306122448,0.016747664289115016,0.010662524663599418,0.0016397809179119827,0.014359956795963144
Braum,14.0,0.1076923076923077,8.581293706293707,0.0014947150281470047,0.49056603773584906,0.021782272559706137,0.004367901085836698,28.0,20.0,12.32147101264749,7.713723776223774,0.19047619047619047,0.13605442176870747,0.006325222454397898,0.003843400872917638,0.0021428258653665502,0.002644188270788941
Jayce,29.0,0.2230769230769231,21.809962190110927,0.010789506201167242,0.5327868852459017,0.05371057643009943,0.00924662331675652,42.0,29.0,63.32409176148493,24.892928537960948,0.2857142857142857,0.19727891156462585,0.015826422063309923,0.006313097735184363,0.009363759300945849,0.02727066714013303
Alistar,27.0,0.2076923076923077,21.768989900278594,0.025172254106618188,0.5220883534136547,0.053474473494895536,0.010331459593700333,24.0,41.0,11.165232245824352,22.38923365282061,0.16326530612244897,0.2789115646258503,0.005522967517619373,0.00789869917717126,0.006324087890382728,0.002363820815375742
Rell,32.0,0.24615384615384617,20.946838371180483,0.034903577179297034,0.5394190871369294,0.040395382218594636,0.010506004205265656,44.0,27.0,38.110880183055095,27.70237581578695,0.29931972789115646,0.18367346938775508,0.014050690118042457,0.007552215909611033,0.009500252121520522,0.011795261457461051
Syndra,21.0,0.16153846153846155,10.786595349095348,0.00524405600910694,0.5118110236220472,0.01929788151636026,0.005283921620422171,38.0,25.0,27.04450677125331,15.456641129338497,0.2585034013605442,0.17006802721088435,0.009213101580138331,0.007424165702995218,0.00592567898455109,0.010805266014005664
Ziggs,17.0,0.13076923076923078,10.31412337662338,0.0016055745500572075,0.5038759689922481,0.02717929140815658,0.004808473806826448,18.0,19.0,7.5290750915750895,11.064935064935067,0.12244897959183673,0.1292517006802721,0.0032920042455628655,0.0012774891682583867,0.0035536920178939747,0.003044019336168497
Miss Fortune,20.0,0.15384615384615385,11.490757129344086,0.004018808101701745,0.5078125,0.02716479958533638,0.005316995458148606,42.0,21.0,25.537969261131018,11.144483376101027,0.2857142857142857,0.14285714285714285,0.009887800169395394,0.015511276129300866,0.0041706410729456566,0.007854917383073352
Leona,19.0,0.14615384615384616,10.077033464901117,0.006574047750012953,0.49242424242424243,0.019507659847265334,0.00517678492932628,40.0,26.0,24.219585969585967,12.73091491841492,0.27210884353741494,0.17687074829931973,0.009293770598354437,0.010172841065336228,0.0041142230157473186,0.00613473834419115
Olaf,28.0,0.2153846153846154,14.078823953823958,0.004181184831124314,0.5306122448979592,0.03251332155003176,0.006116418512715487,19.0,36.0,8.374066905316903,18.524069680319684,0.1292517006802721,0.24489795918367346,0.003989259203720237,0.0027979081420381404,0.006638266645929064,0.002356665088441764
Kalista,12.0,0.09230769230769231,4.290750915750916,0.0010476534521109695,0.48872180451127817,0.01022585302677823,0.002767206614242919,15.0,10.0,6.52014652014652,4.565476190476191,0.10204081632653061,0.06802721088435373,0.0043840205976723836,0.0008000398960164699,0.0012744403015191497,0.0018277219899687548
Shen,23.0,0.17692307692307693,11.524698340874814,0.0038001370949451983,0.5241935483870968,0.028701568499309722,0.005268380746098539,19.0,28.0,9.891046453546455,15.624486624486627,0.1292517006802721,0.19047619047619047,0.003695208706911806,0.002693686367633442,0.006425304949371008,0.003861437298477446
Sejuani,22.0,0.16923076923076924,9.980294011544014,0.0047409561089849835,0.5179282868525896,0.025368446733904856,0.004943191145125592,21.0,23.0,6.3809523809523805,13.569874569874571,0.14285714285714285,0.1564625850340136,0.0033805309110172786,0.0021073047306682927,0.004453020342866477,0.0017696141886681845
Jax,18.0,0.13846153846153847,9.797897976206801,0.0015903676885979927,0.5038759689922481,0.031185817652366592,0.004559496204104336,27.0,29.0,13.685776029526028,12.793966450216452,0.18367346938775508,0.19727891156462585,0.0060309778138313945,0.0038406583700668954,0.003118144081077914,0.0035871350212008267
Dr. Mundo,19.0,0.14615384615384616,10.204559329559332,0.0026483952513741437,0.5038759689922481,0.03532898813722284,0.004808534157285853,24.0,23.0,9.278860028860029,8.652722277722278,0.16326530612244897,0.1564625850340136,0.004463835990828889,0.0029998751284952083,0.0029201175543507366,0.0027157717872326927
Senna,14.0,0.1076923076923077,5.828823953823953,0.0008669519687934078,0.48872180451127817,0.015574903594420403,0.003186328739025016,27.0,22.0,15.803606116106117,12.419174178075105,0.18367346938775508,0.14965986394557823,0.006676894328038149,0.002382545466439986,0.004941571813214495,0.0054856346041645765
Mel,15.0,0.11538461538461539,6.923701298701298,0.002202219684837296,0.48148148148148145,0.014437627454446779,0.0038308566770618897,44.0,19.0,47.80781599651156,6.542011501570325,0.29931972789115646,0.1292517006802721,0.015516540561601627,0.004872866593566353,0.0016822426613463276,0.019620011021621676
LeBlanc,25.0,0.19230769230769232,11.728254384504384,0.00535755620664502,0.5241935483870968,0.0292881225567658,0.005497838085888229,31.0,26.0,15.385638054755706,13.661449661449662,0.21088435374149658,0.17687074829931973,0.007813169051551628,0.005204487899902807,0.005334790706262701,0.004720145293808368
Taliyah,23.0,0.17692307692307693,11.203289866333348,0.0035396592560415674,0.5138339920948617,0.035228947478354145,0.004965996910792495,34.0,31.0,30.6644156209565,17.89209609395705,0.2312925170068027,0.21088435374149658,0.00918180703806289,0.0056562472059427755,0.007452879932069978,0.0107296199094893
Zeri,12.0,0.09230769230769231,3.907377344877344,0.0011496841144621208,0.49056603773584906,0.011182015801081182,0.0025350644897594475,24.0,15.0,11.208097458097463,5.815746753246754,0.16326530612244897,0.10204081632653061,0.003879706483714691,0.001793700198959432,0.0023143936378706375,0.004774520927544499
Sylas,14.0,0.1076923076923077,5.817279942279942,0.0017560150569481574,0.47619047619047616,0.017127256871320776,0.0033234315094259363,38.0,21.0,22.53740429891745,7.399801587301587,0.2585034013605442,0.14285714285714285,0.009403331307192396,0.004930954233233614,0.0023406892275148698,0.006139590609420647
Gragas,19.0,0.14615384615384616,7.975198412698412,0.018046755350791966,0.5098039215686274,0.014442701735124248,0.005029057359114858,17.0,19.0,6.319895382395383,8.4869227994228,0.11564625850340135,0.1292517006802721,0.0028723578458920763,0.0014387541406927927,0.0019418205125095686,0.0021356780391509466
Nasus,11.0,0.08461538461538462,4.559343434343433,0.0007775716052533299,0.4727272727272727,0.010391452360163892,0.002764950136295189,1.0,12.0,0.2857142857142858,4.165674603174603,0.006802721088435374,0.08163265306122448,0.0014161057560119355,0.0002740684480067602,0.0012223837517120568,6.268774660464893e-06
Cho'Gath,3.0,0.023076923076923078,1.5208333333333335,6.62085545806476e-05,0.38461538461538464,0.0014166461177593686,0.0019723126467517393,18.0,4.0,7.028589466089465,0.9464285714285716,0.12244897959183673,0.027210884353741496,0.0035389723313200864,0.0003826782782043329,0.000253302556755716,0.0022587347322474724
Tristana,14.0,0.1076923076923077,4.795634920634921,0.005449208530315626,0.48872180451127817,0.006571349641079723,0.003836495391338717,34.0,11.0,11.617007992007995,4.14186507936508,0.2312925170068027,0.07482993197278912,0.00497580119713434,0.0018306749006138173,0.001192793349416165,0.003969057174613145
Poppy,16.0,0.12307692307692308,6.44426406926407,0.007671542054202587,0.48507462686567165,0.01965264790739331,0.003931835725730593,13.0,26.0,4.482142857142857,8.551046176046174,0.08843537414965986,0.17687074829931973,0.002774176716689788,0.003487509879020064,0.0026692377784216246,0.0014744427290719119
Amumu,8.0,0.06153846153846154,2.9692460317460316,0.015517565317293472,0.44982698961937717,0.004848109674840964,0.0034383382602798914,1.0,13.0,0.2857142857142858,4.5476190476190474,0.006802721088435374,0.08843537414965986,0.0011757040470343804,0.0001392183436714715,0.0006938876888053673,3.357184225266489e-05
Rek'Sai,12.0,0.09230769230769231,3.621031746031747,0.0010756749233812324,0.48872180451127817,0.010768955105283536,0.002447502443380814,17.0,18.0,7.013528138528138,7.300414862914862,0.11564625850340135,0.12244897959183673,0.0027925858455920497,0.001213740435539342,0.002476766584005717,0.0026937706284229927
Pyke,17.0,0.13076923076923078,7.031690531690531,0.0013937657514890847,0.5,0.02034811014423588,0.0035750125213024385,12.0,20.0,5.427197802197802,8.703813547563549,0.08163265306122448,0.13605442176870747,0.0021187343376534774,0.0009975184702919106,0.0033301638374934623,0.002286100852011745
Maokai,18.0,0.13846153846153847,7.3192640692640705,0.007342215444974376,0.5098039215686274,0.013458301190895047,0.0047015179134104156,35.0,19.0,16.66666666666667,6.159541847041848,0.23809523809523808,0.1292517006802721,0.008429729000604473,0.01114533768771695,0.0019018281087455735,0.004471148337446125
Zoe,6.0,0.046153846153846156,1.9176587301587307,6.828879014620914e-05,0.4421768707482993,0.005334099729769731,0.0018123635616712928,19.0,6.0,7.6722582972582964,1.6964285714285716,0.1292517006802721,0.04081632653061224,0.003539596688163925,0.0005241596663044122,0.00042148130024794643,0.002193595498835907
Zed,3.0,0.023076923076923078,1.2926587301587305,4.502299645938497e-05,0.39634146341463417,0.0019320212505191813,0.001640255201186519,9.0,4.0,3.5724206349206353,1.2232142857142858,0.061224489795918366,0.027210884353741496,0.0020242547015203267,0.00018789125135989853,0.00024146699287693957,0.001064539763586641
Qiyana,5.0,0.038461538461538464,1.9444444444444446,0.00011240237460395441,0.4276315789473684,0.0027734760178537658,0.0018798917906739866,7.0,8.0,2.167478354978355,2.7321428571428577,0.047619047619047616,0.05442176870748299,0.0015942222276896512,0.0002034880543678049,0.0006275456046150248,0.0007643345234082001
Fiora,5.0,0.038461538461538464,2.045454545454546,0.00011012740433388966,0.4406779661016949,0.005552959148682894,0.001878018380359804,10.0,3.0,2.8035714285714293,0.7589285714285716,0.06802721088435373,0.02040816326530612,0.0024460710434927764,0.00013705816990268726,0.00020217376748732377,0.0006547303932288031
Samira,2.0,0.015384615384615385,0.8482142857142858,5.3514364784490005e-05,0.37681159420289856,0.0011074756489103613,0.0014912426359708821,0.0,4.0,0.0,0.9464285714285716,0.0,0.027210884353741496,0.0010910050609299064,0.0,0.00020036247000070883,1.3843698939618762e-18
Renata Glasc,10.0,0.07692307692307693,3.5564435564435577,0.0005130314025030047,0.45614035087719296,0.008867028364892532,0.002460504016990399,9.0,11.0,3.321428571428571,2.8105158730158735,0.061224489795918366,0.07482993197278912,0.0033220060786218406,0.0005752459542929003,0.0010434371560128985,0.0006671164601994333
Soraka,6.0,0.046153846153846156,2.4464285714285716,0.000510966537705787,0.45774647887323944,0.005336135080913866,0.0022598420502516143,0.0,6.0,0.0,2.219246031746032,0.0,0.04081632653061224,0.0010910050609299064,0.0,0.0006512111634490328,9.229132626412506e-19
Smolder,15.0,0.11538461538461539,5.40160533910534,0.019193003906837328,0.47794117647058826,0.011078458231075132,0.005012642238277876,48.0,22.0,27.864761882853983,8.989010989010987,0.32653061224489793,0.14965986394557823,0.011422524726366007,0.006939612972089956,0.002903382665544951,0.007596714949309164
Zac,4.0,0.03076923076923077,1.6964285714285716,0.0002563716012919371,0.4140127388535032,0.002368467848389377,0.002000116736309098,1.0,3.0,0.1875,1.1339285714285716,0.006802721088435374,0.02040816326530612,0.0011874054891316782,2.525156800588822e-05,0.000505362101218594,4.9010191216370605e-05
Thresh,6.0,0.046153846153846156,1.9533730158730163,0.0001693038937566002,0.4452054794520548,0.005125816711194366,0.0019158200795950102,19.0,6.0,6.44047619047619,1.8432539682539686,0.1292517006802721,0.04081632653061224,0.0032734522641595567,0.00020620813580902008,0.0007668810015745157,0.0024004294271754616
Blitzcrank,4.0,0.03076923076923077,1.5982142857142858,5.4239612103771525e-05,0.42071197411003236,0.0021024348830970792,0.0017445649105336375,3.0,6.0,0.8214285714285718,2.2301587301587302,0.02040816326530612,0.04081632653061224,0.0012620038054047232,9.13694327627228e-05,0.00043589297238111617,0.0003436322285697898
Jinx,12.0,0.09230769230769231,4.051587301587301,0.0013460603890112998,0.4693140794223827,0.007863190958260291,0.002720374142862984,26.0,10.0,9.619678932178932,2.8640873015873023,0.17687074829931973,0.06802721088435373,0.0038304812807027546,0.0011568982228412695,0.00044802648186489187,0.002942219013372285
Irelia,12.0,0.09230769230769231,3.6021825396825395,0.0011872714842941327,0.4868913857677903,0.008402273421550036,0.0024853587329776096,9.0,16.0,2.1408730158730163,5.139700577200577,0.061224489795918366,0.10884353741496598,0.0020739425073102798,0.0005358378533759418,0.0016244460006397342,0.0006564595358209309
Nidalee,5.0,0.038461538461538464,1.6696428571428577,0.00010690079618803633,0.429042904290429,0.0031708777926048033,0.0017502616265883085,0.0,5.0,0.0,1.428571428571429,0.0,0.03401360544217687,0.0010910050609299064,0.0,0.0004617922844690639,-0.0
Yuumi,6.0,0.046153846153846156,1.838113275613276,0.00041884431936081603,0.4391891891891892,0.002410266430307447,0.001981274290704078,24.0,10.0,11.551046176046178,3.1944444444444446,0.16326530612244897,0.06802721088435373,0.004276275423964795,0.007052406823987239,0.0011172967605930827,0.004495665088135973
Shyvana,7.0,0.05384615384615385,2.022817460317461,0.00027890552420391777,0.44673539518900346,0.00604929864499063,0.0018822682927323708,17.0,6.0,5.283730158730158,1.938311688311689,0.11564625850340135,0.04081632653061224,0.0028255781206823587,0.00023232967208138797,0.0007774254213169892,0.0020708121565334867
Yasuo,6.0,0.046153846153846156,1.676587301587302,0.0021424986737585993,0.42071197411003236,0.0018728604634365175,0.0024615739581865205,13.0,8.0,4.639700577200577,2.366071428571429,0.08843537414965986,0.05442176870748299,0.002076086926108605,0.00023948927090203579,0.0008701532143306453,0.002033523073447535
Kennen,11.0,0.08461538461538462,2.6765873015873023,0.0010089158951111902,0.47619047619047616,0.005338092269840575,0.002213839928559156,15.0,12.0,7.815399877899877,4.597041847041847,0.10204081632653061,0.08163265306122448,0.003707453453067675,0.0011968142846484878,0.0013171577279364414,0.002267179579546842
Kog'Maw,9.0,0.06923076923076923,2.7281746031746037,0.0005216693993699165,0.47101449275362317,0.006440764302440201,0.0021225446447393904,12.0,10.0,5.615710678210678,3.0515873015873023,0.08163265306122448,0.06802721088435373,0.002757728138833268,0.00042752360254175143,0.001051538961631442,0.0016021627328481837
Veigar,3.0,0.023076923076923078,0.7648809523809522,2.209813368998514e-05,0.41139240506329117,0.0017312298425874906,0.0014279004760253248,5.0,7.0,1.7053571428571432,1.9623015873015879,0.03401360544217687,0.047619047619047616,0.0013860487475075172,0.00010134730550316128,0.0006414718153887725,0.0004930327028014834
Lissandra,4.0,0.03076923076923077,0.9464285714285716,2.7844575336870098e-05,0.41935483870967744,0.0019398287985632526,0.0014823632544361995,6.0,2.0,2.915178571428571,0.5714285714285716,0.04081632653061224,0.013605442176870748,0.0016036825077541507,5.463589229436248e-06,0.00036936072976081965,0.001196674689620554
Lillia,5.0,0.038461538461538464,1.428571428571429,0.0001265376556974224,0.429042904290429,0.002239023198651301,0.0016945441038520288,0.0,6.0,0.0,1.991071428571429,0.0,0.04081632653061224,0.0010910050609299064,0.0,0.0006550961816572578,1.1536415783015633e-19
Aurelion Sol,4.0,0.03076923076923077,1.0446428571428574,7.464498608226602e-05,0.41533546325878595,0.002306419665551746,0.0015134162994152093,2.0,3.0,0.8482142857142858,0.7589285714285716,0.013605442176870748,0.02040816326530612,0.0012243440790116451,9.796682986506862e-06,0.00022834761178552017,0.00034268536598499715
Kha'Zix,5.0,0.038461538461538464,1.428571428571429,0.00010398380656498979,0.4276315789473684,0.005369791149292294,0.001627317137021345,1.0,7.0,0.2857142857142858,3.0386904761904763,0.006802721088435374,0.047619047619047616,0.0011317398532040026,8.980761254273401e-06,0.0015217026317040422,0.00018096432742996962
Urgot,4.0,0.03076923076923077,1.1428571428571432,0.00010116600970425898,0.41935483870967744,0.0019866249834246128,0.0015578999983036318,0.0,3.0,0.0,0.8571428571428574,0.0,0.02040816326530612,0.0010910050609299064,0.0,0.00047000321262958053,1.8458265252825013e-18
Kassadin,2.0,0.015384615384615385,0.5714285714285716,1.651300399064263e-05,0.36827195467422097,0.001025514328566767,0.0013588910188896356,1.0,3.0,0.2857142857142858,0.7589285714285716,0.006802721088435374,0.02040816326530612,0.0011181359226915513,0.0,0.00022610211827840633,0.00013665936758401918
Vel'Koz,1.0,0.007692307692307693,0.2857142857142858,0.0,0.3611111111111111,0.0007010865301682146,0.0012463393379120579,0.0,1.0,0.0,0.2857142857142858,0.0,0.006802721088435374,0.0010910050609299064,0.0,0.0001709525794679525,4.614566313206253e-19
Xerath,3.0,0.023076923076923078,0.7589285714285716,3.097890766525681e-05,0.3951367781155015,0.0016369264858872188,0.0014084721413223466,5.0,4.0,1.3303571428571432,1.0446428571428574,0.03401360544217687,0.027210884353741496,0.0016237795066879317,9.428244895252747e-05,0.00042642950782684734,0.0004875313863766747
Vladimir,2.0,0.015384615384615385,0.5714285714285716,0.0,0.3869047619047619,0.0016590441224364194,0.0013530942786112018,6.0,2.0,1.991071428571429,0.5714285714285716,0.04081632653061224,0.013605442176870748,0.0015532908234374026,7.24059799288064e-05,8.954805880176277e-05,0.0006300109875405138
Volibear,4.0,0.03076923076923077,1.0446428571428574,6.832737536520424e-05,0.4406779661016949,0.003181563937609988,0.0015061387304508853,6.0,4.0,1.7946428571428574,1.0446428571428574,0.04081632653061224,0.027210884353741496,0.0017092313811118856,0.0001732230103668603,0.00016381821935601792,0.0005473646302929841
Graves,2.0,0.015384615384615385,0.5714285714285716,2.787909764653951e-05,0.3581267217630854,0.0007063000968473654,0.0013995993891126974,1.0,1.0,0.2857142857142858,0.2857142857142858,0.006802721088435374,0.006802721088435374,0.0011229812056980982,0.0,9.606634525959775e-05,0.00017624721748208208
Gangplank,1.0,0.007692307692307693,0.2857142857142858,0.0,0.3561643835616438,0.00044708669026588153,0.0012555270562114476,0.0,5.0,0.0,1.3303571428571432,0.0,0.03401360544217687,0.0010910050609299064,0.0,0.0006057612950089579,-0.0
Darius,1.0,0.007692307692307693,0.2857142857142858,0.0,0.3581267217630854,0.0009031633432288147,0.0012441222215451605,6.0,1.0,1.8928571428571432,0.2857142857142858,0.04081632653061224,0.006802721088435374,0.0019528303832971544,1.7920761560683285e-06,8.580606096045027e-05,0.0004813121263688649
Draven,2.0,0.015384615384615385,0.5714285714285716,3.553792276970135e-05,0.3857566765578635,0.0007788100188888035,0.001374568243507629,7.0,3.0,3.5897366522366525,1.1339285714285716,0.047619047619047616,0.02040816326530612,0.002113094906469557,4.085677233762015e-05,0.0005396842868801246,0.001214160360129571
Kled,4.0,0.03076923076923077,0.9464285714285716,0.00013474206412840146,0.4126984126984127,0.0018127219495624879,0.0014940025823386087,1.0,5.0,0.2857142857142858,1.3303571428571432,0.006802721088435374,0.03401360544217687,0.0011378337411707415,1.2926666978698752e-05,0.0005126161813038037,0.00013018613511838527
Zyra,2.0,0.015384615384615385,0.5714285714285716,0.00011624118150749808,0.3581267217630854,0.0002832010672851705,0.0016235851031599525,8.0,5.0,2.3303571428571432,1.489087301587302,0.05442176870748299,0.03401360544217687,0.0022065152547849957,0.0001236970766469147,0.0005146231221243547,0.00047829523472777454
Mordekaiser,1.0,0.007692307692307693,0.2857142857142858,0.0,0.31100478468899523,3.2482352527877636e-05,0.0014262507855511276,8.0,1.0,2.5446428571428577,0.2857142857142858,0.05442176870748299,0.006802721088435374,0.0020056204520739543,3.152185148271254e-05,0.00011173788894796056,0.0003684352596259885
Ivern,1.0,0.007692307692307693,0.2857142857142858,0.0,0.3439153439153439,0.00035828343283041613,0.001260297568022568,2.0,1.0,0.5714285714285716,0.2857142857142858,0.013605442176870748,0.006802721088435374,0.0012071774986748697,0.0,0.0001579228589597634,0.00023229366370950007
Vex,1.0,0.007692307692307693,0.2857142857142858,0.0,0.3385416666666667,9.676891813829852e-05,0.0012981992250208668,0.0,0.0,0.0,0.0,0.0,0.0,0.0,0.0,0.0,0.0
Camille,3.0,0.023076923076923078,0.6250000000000002,5.963029218843172e-06,0.4024767801857585,0.0016416361925617488,0.0013571202739961266,35.0,5.0,17.373494560994573,1.2926587301587305,0.23809523809523808,0.03401360544217687,0.00856733098862898,0.0019138490840971923,0.00040774477684349646,0.006557890740082463
Morgana,1.0,0.007692307692307693,0.1875,0.0,0.3601108033240997,0.0009190601925424091,0.0012058178598913089,2.0,1.0,0.5714285714285716,0.1875,0.013605442176870748,0.006802721088435374,0.0013529941959444325,0.0,2.2241266687895274e-05,5.665535766079958e-05
Tahm Kench,1.0,0.007692307692307693,0.1875,0.0,0.32418952618453867,4.870978002851582e-05,0.0012929199480948015,3.0,2.0,0.9176587301587305,0.4732142857142858,0.02040816326530612,0.013605442176870748,0.0014155138378715078,1.964872471294218e-05,0.00014378125642045217,0.00032016847680990825
Viego,1.0,0.007692307692307693,0.1875,0.0,0.36827195467422097,0.0007549624552109695,0.0012080741228814667,12.0,2.0,3.4107142857142865,0.4732142857142858,0.08163265306122448,0.013605442176870748,0.002938532662223342,0.006505050691402712,4.8036145106357606e-05,0.000814966809343517
Brand,0.0,0.0,0.0,0.0,0.0,0.0,0.0,12.0,4.0,5.116071428571428,0.9464285714285716,0.08163265306122448,0.027210884353741496,0.0033573791390885087,0.00022415223827079064,0.00020590494744520722,0.001628079921752555
Kindred,0.0,0.0,0.0,0.0,0.0,0.0,0.0,7.0,0.0,2.553571428571429,0.0,0.047619047619047616,0.0,0.001922818853830539,0.0,-0.0,0.0006514223005863015
Elise,0.0,0.0,0.0,0.0,0.0,0.0,0.0,7.0,2.0,1.864087301587302,0.5714285714285716,0.047619047619047616,0.013605442176870748,0.0019315130855400062,6.220590815660709e-05,0.00010895591069901044,0.0005305505262798718
Ekko,0.0,0.0,0.0,0.0,0.0,0.0,0.0,2.0,0.0,0.5714285714285716,0.0,0.013605442176870748,0.0,0.001132301385248528,0.0,-0.0,0.0004216416384871402
Taric,0.0,0.0,0.0,0.0,0.0,0.0,0.0,1.0,0.0,0.2857142857142858,0.0,0.006802721088435374,0.0,0.001128900938553991,0.0,-0.0,0.00013772919836647283
Sett,0.0,0.0,0.0,0.0,0.0,0.0,0.0,1.0,0.0,0.2857142857142858,0.0,0.006802721088435374,0.0,0.0012379009515230827,0.0,-0.0,7.468219613924345e-05
Garen,0.0,0.0,0.0,0.0,0.0,0.0,0.0,2.0,0.0,0.5714285714285716,0.0,0.013605442176870748,0.0,0.001289416111351001,0.0,-0.0,0.0002941823329343198
Kayn,0.0,0.0,0.0,0.0,0.0,0.0,0.0,3.0,0.0,0.8571428571428574,0.0,0.02040816326530612,0.0,0.0014413802742985747,0.0,-0.0,0.00024115299134659757
Malzahar,0.0,0.0,0.0,0.0,0.0,0.0,0.0,6.0,3.0,1.616071428571429,0.8571428571428574,0.04081632653061224,0.02040816326530612,0.001861391224260224,6.081664749051949e-05,0.00018266070046832428,0.0006321638512965977
Illaoi,0.0,0.0,0.0,0.0,0.0,0.0,0.0,1.0,2.0,0.2857142857142858,0.5714285714285716,0.006802721088435374,0.013605442176870748,0.0013064992112988337,9.211219722821621e-06,0.0002974812657462409,2.340005806701466e-05
Bel'Veth,0.0,0.0,0.0,0.0,0.0,0.0,0.0,1.0,0.0,0.2857142857142858,0.0,0.006802721088435374,0.0,0.00117818415582549,0.0,-0.0,0.00010217876033232021
Fizz,0.0,0.0,0.0,0.0,0.0,0.0,0.0,2.0,0.0,0.5714285714285716,0.0,0.013605442176870748,0.0,0.0013879351298854996,0.0,-0.0,0.00014333123817647232
Janna,0.0,0.0,0.0,0.0,0.0,0.0,0.0,0.0,1.0,0.0,0.2857142857142858,0.0,0.006802721088435374,0.0010910050609299064,0.0,9.653883325111633e-05,-0.0
Karthus,0.0,0.0,0.0,0.0,0.0,0.0,0.0,1.0,0.0,0.2857142857142858,0.0,0.006802721088435374,0.0,0.001204167642678774,0.0,-0.0,3.956269616870485e-05
Kayle,0.0,0.0,0.0,0.0,0.0,0.0,0.0,1.0,1.0,0.2857142857142858,0.1875,0.006802721088435374,0.006802721088435374,0.0012379009515230827,0.0,1.7532878661744486e-05,7.468219613923608e-05
Hecarim,0.0,0.0,0.0,0.0,0.0,0.0,0.0,0.0,1.0,0.0,0.2857142857142858,0.0,0.006802721088435374,0.0010910050609299064,0.0,0.00010283159179807847,9.229132626412506e-19
Tryndamere,0.0,0.0,0.0,0.0,0.0,0.0,0.0,3.0,0.0,0.8571428571428574,0.0,0.02040816326530612,0.0,0.001569676606674514,0.0,-0.0,0.0001613237334825826
Rengar,0.0,0.0,0.0,0.0,0.0,0.0,0.0,0.0,1.0,0.0,0.2857142857142858,0.0,0.006802721088435374,0.0010910050609299064,0.0,4.869728559554711e-06,1.8458265252825013e-18
