match_id,date,patch,tournament,blue_team,red_team,winner,blue_bans,red_bans,blue_picks,red_picks,blue_roster,red_roster,blue_win,data_source,red_win
Prime League 2nd Division/2026 Season/Spring Split_Week 2_1_1,2026-05-08 16:16:00,26.09,PRM 2nd Division 25-26 Spring,Babos Gaming,LOOKSMAXXER,Babos Gaming,[],[],[],[],[],[],1,leaguepedia_cargo_patch_range,0
Prime League 2nd Division/2026 Season/Spring Split_Week 2_2_1,2026-05-08 16:16:00,26.09,PRM 2nd Division 25-26 Spring,Hannover Esports e.V.,All for One Gaming,All for One Gaming,[],[],[],[],[],[],0,leaguepedia_cargo_patch_range,1
Prime League 2nd Division/2026 Season/Spring Split_Week 2_1_2,2026-05-08 17:05:00,26.09,PRM 2nd Division 25-26 Spring,Babos Gaming,LOOKSMAXXER,Babos Gaming,[],[],[],[],[],[],1,leaguepedia_cargo_patch_range,0
Prime League 2nd Division/2026 Season/Spring Split_Week 2_2_2,2026-05-08 17:09:00,26.09,PRM 2nd Division 25-26 Spring,Hannover Esports e.V.,All for One Gaming,Hannover Esports e.V.,[],[],[],[],[],[],1,leaguepedia_cargo_patch_range,0
Prime League 2nd Division/2026 Season/Spring Split_Week 2_2_3,2026-05-08 18:09:00,26.09,PRM 2nd Division 25-26 Spring,Hannover Esports e.V.,All for One Gaming,Hannover Esports e.V.,[],[],[],[],[],[],1,leaguepedia_cargo_patch_range,0
Prime League 2nd Division/2026 Season/Spring Split_Week 2_4_1,2026-05-08 18:47:00,26.09,PRM 2nd Division 25-26 Spring,Team Rift,Circus Kittens,Team Rift,[],[],[],[],[],[],1,leaguepedia_cargo_patch_range,0
Prime League 2nd Division/2026 Season/Spring Split_Week 2_3_1,2026-05-08 18:50:00,26.09,PRM 2nd Division 25-26 Spring,CGN Esports,Locked In (Dutch Team),Locked In (Dutch Team),[],[],[],[],[],[],0,leaguepedia_cargo_patch_range,1
Prime League 2nd Division/2026 Season/Spring Split_Week 2_4_2,2026-05-08 19:35:00,26.09,PRM 2nd Division 25-26 Spring,Circus Kittens,Team Rift,Team Rift,[],[],[],[],[],[],0,leaguepedia_cargo_patch_range,1
Prime League 2nd Division/2026 Season/Spring Split_Week 2_3_2,2026-05-08 19:48:00,26.09,PRM 2nd Division 25-26 Spring,Locked In (Dutch Team),CGN Esports,CGN Esports,[],[],[],[],[],[],0,leaguepedia_cargo_patch_range,1
Prime League 2nd Division/2026 Season/Spring Split_Week 2_3_3,2026-05-08 20:47:00,26.09,PRM 2nd Division 25-26 Spring,CGN Esports,Locked In (Dutch Team),CGN Esports,[],[],[],[],[],[],1,leaguepedia_cargo_patch_range,0
Prime League 2nd Division/2026 Season/Spring Split_Week 2_5_1,2026-05-10 13:11:00,26.09,PRM 2nd Division 25-26 Spring,Reveal Multigaming,DKB XPERION NXT,Reveal Multigaming,[],[],[],[],[],[],1,leaguepedia_cargo_patch_range,0
Prime League 2nd Division/2026 Season/Spring Split_Week 2_6_1,2026-05-10 13:11:00,26.09,PRM 2nd Division 25-26 Spring,MT1 Esports,TeamOrangeGaming Academy,MT1 Esports,[],[],[],[],[],[],1,leaguepedia_cargo_patch_range,0
Prime League 2nd Division/2026 Season/Spring Split_Week 2_5_2,2026-05-10 14:01:00,26.09,PRM 2nd Division 25-26 Spring,Reveal Multigaming,DKB XPERION NXT,Reveal Multigaming,[],[],[],[],[],[],1,leaguepedia_cargo_patch_range,0
Prime League 2nd Division/2026 Season/Spring Split_Week 2_6_2,2026-05-10 14:10:00,26.09,PRM 2nd Division 25-26 Spring,TeamOrangeGaming Academy,MT1 Esports,MT1 Esports,[],[],[],[],[],[],0,leaguepedia_cargo_patch_range,1
Prime League 2nd Division/2026 Season/Spring Split_Week 2_7_1,2026-05-10 15:46:00,26.09,PRM 2nd Division 25-26 Spring,Spongecord prime,LOOKSMAXXER,Spongecord prime,[],[],[],[],[],[],1,leaguepedia_cargo_patch_range,0
Prime League 2nd Division/2026 Season/Spring Split_Week 2_8_1,2026-05-10 15:48:00,26.09,PRM 2nd Division 25-26 Spring,Babos Gaming,regnum4games,Babos Gaming,[],[],[],[],[],[],1,leaguepedia_cargo_patch_range,0
Prime League 2nd Division/2026 Season/Spring Split_Week 2_7_2,2026-05-10 16:43:00,26.09,PRM 2nd Division 25-26 Spring,Spongecord prime,LOOKSMAXXER,Spongecord prime,[],[],[],[],[],[],1,leaguepedia_cargo_patch_range,0
Prime League 2nd Division/2026 Season/Spring Split_Week 2_8_2,2026-05-10 16:44:00,26.09,PRM 2nd Division 25-26 Spring,Babos Gaming,regnum4games,regnum4games,[],[],[],[],[],[],0,leaguepedia_cargo_patch_range,1
Prime League 2nd Division/2026 Season/Spring Split_Week 2_8_3,2026-05-10 17:48:00,26.09,PRM 2nd Division 25-26 Spring,regnum4games,Babos Gaming,Babos Gaming,[],[],[],[],[],[],0,leaguepedia_cargo_patch_range,1
Prime League 2nd Division/2026 Season/Spring Split_Week 3_1_1,2026-05-13 16:12:00,26.09,PRM 2nd Division 25-26 Spring,DKB XPERION NXT,Spongecord prime,DKB XPERION NXT,[],[],[],[],[],[],1,leaguepedia_cargo_patch_range,0
Prime League 2nd Division/2026 Season/Spring Split_Week 3_2_1,2026-05-13 16:22:00,26.09,PRM 2nd Division 25-26 Spring,All for One Gaming,MT1 Esports,All for One Gaming,[],[],[],[],[],[],1,leaguepedia_cargo_patch_range,0
Prime League 2nd Division/2026 Season/Spring Split_Week 3_2_2,2026-05-13 17:13:00,26.09,PRM 2nd Division 25-26 Spring,MT1 Esports,All for One Gaming,All for One Gaming,[],[],[],[],[],[],0,leaguepedia_cargo_patch_range,1
Prime League 2nd Division/2026 Season/Spring Split_Week 3_1_2,2026-05-13 17:17:00,26.09,PRM 2nd Division 25-26 Spring,Spongecord prime,DKB XPERION NXT,Spongecord prime,[],[],[],[],[],[],1,leaguepedia_cargo_patch_range,0
Prime League 2nd Division/2026 Season/Spring Split_Week 3_1_3,2026-05-13 18:23:00,26.09,PRM 2nd Division 25-26 Spring,DKB XPERION NXT,Spongecord prime,Spongecord prime,[],[],[],[],[],[],0,leaguepedia_cargo_patch_range,1
Prime League 2nd Division/2026 Season/Spring Split_Week 3_4_1,2026-05-13 18:48:00,26.09,PRM 2nd Division 25-26 Spring,Hannover Esports e.V.,AceGaming,Hannover Esports e.V.,[],[],[],[],[],[],1,leaguepedia_cargo_patch_range,0
Prime League 2nd Division/2026 Season/Spring Split_Week 3_3_1,2026-05-13 18:49:00,26.09,PRM 2nd Division 25-26 Spring,LOOKSMAXXER,Locked In (Dutch Team),LOOKSMAXXER,[],[],[],[],[],[],1,leaguepedia_cargo_patch_range,0
Prime League 2nd Division/2026 Season/Spring Split_Week 3_4_2,2026-05-13 19:38:00,26.09,PRM 2nd Division 25-26 Spring,AceGaming,Hannover Esports e.V.,Hannover Esports e.V.,[],[],[],[],[],[],0,leaguepedia_cargo_patch_range,1
Prime League 2nd Division/2026 Season/Spring Split_Week 3_3_2,2026-05-13 19:44:00,26.09,PRM 2nd Division 25-26 Spring,Locked In (Dutch Team),LOOKSMAXXER,LOOKSMAXXER,[],[],[],[],[],[],0,leaguepedia_cargo_patch_range,1
Prime League 2nd Division/2026 Season/Spring Split_Week 3_5_1,2026-05-14 16:14:00,26.09,PRM 2nd Division 25-26 Spring,Babos Gaming,Reveal Multigaming,Reveal Multigaming,[],[],[],[],[],[],0,leaguepedia_cargo_patch_range,1
Prime League 2nd Division/2026 Season/Spring Split_Week 3_6_1,2026-05-14 16:14:00,26.09,PRM 2nd Division 25-26 Spring,Team Rift,PvB (Swiss Team),Team Rift,[],[],[],[],[],[],1,leaguepedia_cargo_patch_range,0
Prime League 2nd Division/2026 Season/Spring Split_Week 3_5_2,2026-05-14 17:05:00,26.09,PRM 2nd Division 25-26 Spring,Babos Gaming,Reveal Multigaming,Reveal Multigaming,[],[],[],[],[],[],0,leaguepedia_cargo_patch_range,1
Prime League 2nd Division/2026 Season/Spring Split_Week 3_6_2,2026-05-14 17:08:00,26.09,PRM 2nd Division 25-26 Spring,Team Rift,PvB (Swiss Team),PvB (Swiss Team),[],[],[],[],[],[],0,leaguepedia_cargo_patch_range,1
Prime League 2nd Division/2026 Season/Spring Split_Week 3_6_3,2026-05-14 18:02:00,26.09,PRM 2nd Division 25-26 Spring,PvB (Swiss Team),Team Rift,PvB (Swiss Team),[],[],[],[],[],[],1,leaguepedia_cargo_patch_range,0
Prime League 2nd Division/2026 Season/Spring Split_Week 3_7_1,2026-05-14 18:47:00,26.09,PRM 2nd Division 25-26 Spring,CGN Esports,regnum4games,CGN Esports,[],[],[],[],[],[],1,leaguepedia_cargo_patch_range,0
Prime League 2nd Division/2026 Season/Spring Split_Week 3_8_1,2026-05-14 19:01:00,26.09,PRM 2nd Division 25-26 Spring,All for One Gaming,TeamOrangeGaming Academy,All for One Gaming,[],[],[],[],[],[],1,leaguepedia_cargo_patch_range,0
Prime League 2nd Division/2026 Season/Spring Split_Week 3_7_2,2026-05-14 19:42:00,26.09,PRM 2nd Division 25-26 Spring,CGN Esports,regnum4games,CGN Esports,[],[],[],[],[],[],1,leaguepedia_cargo_patch_range,0
Prime League 2nd Division/2026 Season/Spring Split_Week 3_8_2,2026-05-14 19:51:00,26.09,PRM 2nd Division 25-26 Spring,All for One Gaming,TeamOrangeGaming Academy,All for One Gaming,[],[],[],[],[],[],1,leaguepedia_cargo_patch_range,0
LIT/2026 Season/Summer Promotion_Round 1_1_1,2026-05-15 17:29:00,26.10,LIT 2026 Summer Promotion,P11 Esports,StoneHenge Esports Academy,P11 Esports,[],[],[],[],[],[],1,leaguepedia_cargo_patch_range,0
LIT/2026 Season/Summer Promotion_Round 1_1_2,2026-05-15 18:22:00,26.10,LIT 2026 Summer Promotion,P11 Esports,StoneHenge Esports Academy,P11 Esports,[],[],[],[],[],[],1,leaguepedia_cargo_patch_range,0
LIT/2026 Season/Summer Promotion_Round 3_2_2,2026-05-16 18:18:00,26.10,LIT 2026 Summer Promotion,Huskies Esports,Epitomy Esports,Epitomy Esports,[],[],[],[],[],[],0,leaguepedia_cargo_patch_range,1
LIT/2026 Season/Summer Promotion_Round 3_2_3,2026-05-16 19:10:00,26.10,LIT 2026 Summer Promotion,Epitomy Esports,Huskies Esports,Epitomy Esports,[],[],[],[],[],[],1,leaguepedia_cargo_patch_range,0
Esports Series Madrid 2026/Split 1_Semifinals_1_1,2026-05-17 08:14:00,26.09,Esports Series Madrid 2026 Split 1,Madrid in Game,Babymonster,Babymonster,[],[],[],[],[],[],0,leaguepedia_cargo_patch_range,1
Esports Series Madrid 2026/Split 1_Semifinals_1_2,2026-05-17 09:11:00,26.09,Esports Series Madrid 2026 Split 1,Babymonster,Madrid in Game,Babymonster,[],[],[],[],[],[],1,leaguepedia_cargo_patch_range,0
Esports Series Madrid 2026/Split 1_Semifinals_2_1,2026-05-17 10:15:00,26.09,Esports Series Madrid 2026 Split 1,La Tropa Goofy,Madriz city,Madriz city,[],[],[],[],[],[],0,leaguepedia_cargo_patch_range,1
Esports Series Madrid 2026/Split 1_Semifinals_2_2,2026-05-17 11:11:00,26.09,Esports Series Madrid 2026 Split 1,Madriz city,La Tropa Goofy,La Tropa Goofy,[],[],[],[],[],[],0,leaguepedia_cargo_patch_range,1
Esports Series Madrid 2026/Split 1_Semifinals_2_3,2026-05-17 11:57:00,26.09,Esports Series Madrid 2026 Split 1,Madriz city,La Tropa Goofy,La Tropa Goofy,[],[],[],[],[],[],0,leaguepedia_cargo_patch_range,1
Prime League 2nd Division/2026 Season/Spring Split_Week 3_9_1,2026-05-17 13:11:00,26.09,PRM 2nd Division 25-26 Spring,LOOKSMAXXER,regnum4games,regnum4games,[],[],[],[],[],[],0,leaguepedia_cargo_patch_range,1
Prime League 2nd Division/2026 Season/Spring Split_Week 3_10_1,2026-05-17 13:14:00,26.09,PRM 2nd Division 25-26 Spring,PvB (Swiss Team),TeamOrangeGaming Academy,PvB (Swiss Team),[],[],[],[],[],[],1,leaguepedia_cargo_patch_range,0
Prime League 2nd Division/2026 Season/Spring Split_Week 3_9_2,2026-05-17 13:56:00,26.09,PRM 2nd Division 25-26 Spring,regnum4games,LOOKSMAXXER,regnum4games,[],[],[],[],[],[],1,leaguepedia_cargo_patch_range,0
Prime League 2nd Division/2026 Season/Spring Split_Week 3_10_2,2026-05-17 14:21:00,26.09,PRM 2nd Division 25-26 Spring,TeamOrangeGaming Academy,PvB (Swiss Team),TeamOrangeGaming Academy,[],[],[],[],[],[],1,leaguepedia_cargo_patch_range,0
Prime League 2nd Division/2026 Season/Spring Split_Week 3_10_3,2026-05-17 15:14:00,26.09,PRM 2nd Division 25-26 Spring,TeamOrangeGaming Academy,PvB (Swiss Team),PvB (Swiss Team),[],[],[],[],[],[],0,leaguepedia_cargo_patch_range,1
Prime League 2nd Division/2026 Season/Spring Split_Week 3_11_1,2026-05-17 15:44:00,26.09,PRM 2nd Division 25-26 Spring,Hannover Esports e.V.,Team Rift,Hannover Esports e.V.,[],[],[],[],[],[],1,leaguepedia_cargo_patch_range,0
Prime League 2nd Division/2026 Season/Spring Split_Week 3_12_1,2026-05-17 15:47:00,26.09,PRM 2nd Division 25-26 Spring,Circus Kittens,AceGaming,AceGaming,[],[],[],[],[],[],0,leaguepedia_cargo_patch_range,1
Prime League 2nd Division/2026 Season/Spring Split_Week 3_11_2,2026-05-17 16:38:00,26.09,PRM 2nd Division 25-26 Spring,Hannover Esports e.V.,Team Rift,Hannover Esports e.V.,[],[],[],[],[],[],1,leaguepedia_cargo_patch_range,0
Prime League 2nd Division/2026 Season/Spring Split_Week 3_12_2,2026-05-17 16:53:00,26.09,PRM 2nd Division 25-26 Spring,AceGaming,Circus Kittens,AceGaming,[],[],[],[],[],[],1,leaguepedia_cargo_patch_range,0
LIT/2026 Season/Summer Promotion_Round 3_3_1,2026-05-17 17:13:00,26.10,LIT 2026 Summer Promotion,StoneHenge Esports Academy,DECOY 21,DECOY 21,[],[],[],[],[],[],0,leaguepedia_cargo_patch_range,1
LIT/2026 Season/Summer Promotion_Round 3_3_2,2026-05-17 18:08:00,26.10,LIT 2026 Summer Promotion,DECOY 21,StoneHenge Esports Academy,DECOY 21,[],[],[],[],[],[],1,leaguepedia_cargo_patch_range,0
Streamers Clash/Season 4_Day 2_4_1,2026-05-19 19:41:00,26.10,Streamers Clash Season 4,NATÁLKY IMAGINÁRNÍ KAMARÁDI,SILNĚJŠÍ SE XNAPYM,SILNĚJŠÍ SE XNAPYM,[],[],[],[],[],[],0,leaguepedia_cargo_patch_range,1
Circuito Desafiante/2026 Season/Split 2 Promotion/Open Qualifier_Round 6_3_1,2026-05-21 21:12:00,26.10,CD 2026 Split 2 Open Qualifier,Rumble Victory eSports,EmBRAZA! Esports,EmBRAZA! Esports,[],[],[],[],[],[],0,leaguepedia_cargo_patch_range,1
Circuito Desafiante/2026 Season/Split 2 Promotion/Open Qualifier_Round 8_1_1,2026-05-21 21:13:00,26.10,CD 2026 Split 2 Open Qualifier,RAMPAGE (Brazilian Team),Barulhinhos,RAMPAGE (Brazilian Team),[],[],[],[],[],[],1,leaguepedia_cargo_patch_range,0
Circuito Desafiante/2026 Season/Split 2 Promotion/Open Qualifier_Round 6_2_1,2026-05-21 21:18:00,26.10,CD 2026 Split 2 Open Qualifier,Trupe dos Falange,Kleyton Rhasta,Trupe dos Falange,[],[],[],[],[],[],1,leaguepedia_cargo_patch_range,0
Circuito Desafiante/2026 Season/Split 2 Promotion/Open Qualifier_Round 6_4_1,2026-05-21 21:20:00,26.10,CD 2026 Split 2 Open Qualifier,Nugget enterprises,Marere Invokers,Marere Invokers,[],[],[],[],[],[],0,leaguepedia_cargo_patch_range,1
Circuito Desafiante/2026 Season/Split 2 Promotion/Open Qualifier_Round 6_1_1,2026-05-21 21:23:00,26.10,CD 2026 Split 2 Open Qualifier,Vasco E-Sports,Pandinhas,Vasco E-Sports,[],[],[],[],[],[],1,leaguepedia_cargo_patch_range,0
Circuito Desafiante/2026 Season/Split 2 Promotion/Open Qualifier_Round 8_2_1,2026-05-21 21:23:00,26.10,CD 2026 Split 2 Open Qualifier,PREDIQT,Kuma eSports B,Kuma eSports B,[],[],[],[],[],[],0,leaguepedia_cargo_patch_range,1
Circuito Desafiante/2026 Season/Split 2 Promotion/Open Qualifier_Round 6_3_2,2026-05-21 21:55:00,26.10,CD 2026 Split 2 Open Qualifier,EmBRAZA! Esports,Rumble Victory eSports,EmBRAZA! Esports,[],[],[],[],[],[],1,leaguepedia_cargo_patch_range,0
Circuito Desafiante/2026 Season/Split 2 Promotion/Open Qualifier_Round 8_1_2,2026-05-21 22:02:00,26.10,CD 2026 Split 2 Open Qualifier,RAMPAGE (Brazilian Team),Barulhinhos,Barulhinhos,[],[],[],[],[],[],0,leaguepedia_cargo_patch_range,1
Circuito Desafiante/2026 Season/Split 2 Promotion/Open Qualifier_Round 6_1_2,2026-05-21 22:17:00,26.10,CD 2026 Split 2 Open Qualifier,Vasco E-Sports,Pandinhas,Vasco E-Sports,[],[],[],[],[],[],1,leaguepedia_cargo_patch_range,0
Circuito Desafiante/2026 Season/Split 2 Promotion/Open Qualifier_Round 6_2_2,2026-05-21 22:26:00,26.10,CD 2026 Split 2 Open Qualifier,Trupe dos Falange,Kleyton Rhasta,Trupe dos Falange,[],[],[],[],[],[],1,leaguepedia_cargo_patch_range,0
Circuito Desafiante/2026 Season/Split 2 Promotion/Open Qualifier_Round 6_4_2,2026-05-21 22:27:00,26.10,CD 2026 Split 2 Open Qualifier,Nugget enterprises,Marere Invokers,Marere Invokers,[],[],[],[],[],[],0,leaguepedia_cargo_patch_range,1
Circuito Desafiante/2026 Season/Split 2 Promotion/Open Qualifier_Round 8_2_2,2026-05-21 22:29:00,26.10,CD 2026 Split 2 Open Qualifier,PREDIQT,Kuma eSports B,PREDIQT,[],[],[],[],[],[],1,leaguepedia_cargo_patch_range,0
Circuito Desafiante/2026 Season/Split 2 Promotion/Open Qualifier_Round 8_1_3,2026-05-21 22:44:00,26.10,CD 2026 Split 2 Open Qualifier,Barulhinhos,RAMPAGE (Brazilian Team),Barulhinhos,[],[],[],[],[],[],1,leaguepedia_cargo_patch_range,0
Circuito Desafiante/2026 Season/Split 2 Promotion/Open Qualifier_Round 7_1_1,2026-05-21 23:18:00,26.10,CD 2026 Split 2 Open Qualifier,Trupe dos Falange,Vasco E-Sports,Vasco E-Sports,[],[],[],[],[],[],0,leaguepedia_cargo_patch_range,1
Circuito Desafiante/2026 Season/Split 2 Promotion/Open Qualifier_Round 7_2_1,2026-05-21 23:19:00,26.10,CD 2026 Split 2 Open Qualifier,EmBRAZA! Esports,Marere Invokers,Marere Invokers,[],[],[],[],[],[],0,leaguepedia_cargo_patch_range,1
Circuito Desafiante/2026 Season/Split 2 Promotion/Open Qualifier_Round 8_2_3,2026-05-21 23:29:00,26.10,CD 2026 Split 2 Open Qualifier,PREDIQT,Kuma eSports B,Kuma eSports B,[],[],[],[],[],[],0,leaguepedia_cargo_patch_range,1
Circuito Desafiante/2026 Season/Split 2 Promotion/Open Qualifier_Round 7_1_2,2026-05-22 00:04:00,26.10,CD 2026 Split 2 Open Qualifier,Vasco E-Sports,Trupe dos Falange,Vasco E-Sports,[],[],[],[],[],[],1,leaguepedia_cargo_patch_range,0
Circuito Desafiante/2026 Season/Split 2 Promotion/Open Qualifier_Round 7_2_2,2026-05-22 00:06:00,26.10,CD 2026 Split 2 Open Qualifier,EmBRAZA! Esports,Marere Invokers,EmBRAZA! Esports,[],[],[],[],[],[],1,leaguepedia_cargo_patch_range,0
Circuito Desafiante/2026 Season/Split 2 Promotion/Open Qualifier_Round 7_2_3,2026-05-22 01:05:00,26.10,CD 2026 Split 2 Open Qualifier,EmBRAZA! Esports,Marere Invokers,Marere Invokers,[],[],[],[],[],[],0,leaguepedia_cargo_patch_range,1
Prime League 2nd Division/2026 Season/Spring Split_Week 4_2_1,2026-05-22 16:14:00,26.10,PRM 2nd Division 25-26 Spring,Circus Kittens,MT1 Esports,MT1 Esports,[],[],[],[],[],[],0,leaguepedia_cargo_patch_range,1
Prime League 2nd Division/2026 Season/Spring Split_Week 4_1_1,2026-05-22 16:21:00,26.10,PRM 2nd Division 25-26 Spring,Babos Gaming,Locked In (Dutch Team),Babos Gaming,[],[],[],[],[],[],1,leaguepedia_cargo_patch_range,0
Prime League 2nd Division/2026 Season/Spring Split_Week 4_2_2,2026-05-22 17:00:00,26.10,PRM 2nd Division 25-26 Spring,MT1 Esports,Circus Kittens,MT1 Esports,[],[],[],[],[],[],1,leaguepedia_cargo_patch_range,0
Prime League 2nd Division/2026 Season/Spring Split_Week 4_1_2,2026-05-22 17:31:00,26.10,PRM 2nd Division 25-26 Spring,Babos Gaming,Locked In (Dutch Team),Babos Gaming,[],[],[],[],[],[],1,leaguepedia_cargo_patch_range,0
Prime League 2nd Division/2026 Season/Spring Split_Week 4_4_1,2026-05-22 18:41:00,26.10,PRM 2nd Division 25-26 Spring,Spongecord prime,Reveal Multigaming,Reveal Multigaming,[],[],[],[],[],[],0,leaguepedia_cargo_patch_range,1
Prime League 2nd Division/2026 Season/Spring Split_Week 4_3_1,2026-05-22 18:51:00,26.10,PRM 2nd Division 25-26 Spring,CGN Esports,DKB XPERION NXT,CGN Esports,[],[],[],[],[],[],1,leaguepedia_cargo_patch_range,0
Prime League 2nd Division/2026 Season/Spring Split_Week 4_4_2,2026-05-22 19:30:00,26.10,PRM 2nd Division 25-26 Spring,Reveal Multigaming,Spongecord prime,Reveal Multigaming,[],[],[],[],[],[],1,leaguepedia_cargo_patch_range,0
Prime League 2nd Division/2026 Season/Spring Split_Week 4_3_2,2026-05-22 19:34:00,26.10,PRM 2nd Division 25-26 Spring,CGN Esports,DKB XPERION NXT,DKB XPERION NXT,[],[],[],[],[],[],0,leaguepedia_cargo_patch_range,1
Prime League 2nd Division/2026 Season/Spring Split_Week 4_3_3,2026-05-22 20:20:00,26.10,PRM 2nd Division 25-26 Spring,DKB XPERION NXT,CGN Esports,DKB XPERION NXT,[],[],[],[],[],[],1,leaguepedia_cargo_patch_range,0
Circuito Desafiante/2026 Season/Split 2 Promotion/Open Qualifier_Round 8_4_1,2026-05-22 21:17:00,26.10,CD 2026 Split 2 Open Qualifier,PREDIQT,Marere Invokers,Marere Invokers,[],[],[],[],[],[],0,leaguepedia_cargo_patch_range,1
Circuito Desafiante/2026 Season/Split 2 Promotion/Open Qualifier_Round 8_3_1,2026-05-22 21:18:00,26.10,CD 2026 Split 2 Open Qualifier,Vasco E-Sports,RAMPAGE (Brazilian Team),RAMPAGE (Brazilian Team),[],[],[],[],[],[],0,leaguepedia_cargo_patch_range,1
Circuito Desafiante/2026 Season/Split 2 Promotion/Open Qualifier_Round 10_1_1,2026-05-22 21:23:00,26.10,CD 2026 Split 2 Open Qualifier,Barulhinhos,Kuma eSports B,Kuma eSports B,[],[],[],[],[],[],0,leaguepedia_cargo_patch_range,1
Circuito Desafiante/2026 Season/Split 2 Promotion/Open Qualifier_Round 8_3_2,2026-05-22 22:08:00,26.10,CD 2026 Split 2 Open Qualifier,RAMPAGE (Brazilian Team),Vasco E-Sports,Vasco E-Sports,[],[],[],[],[],[],0,leaguepedia_cargo_patch_range,1
Circuito Desafiante/2026 Season/Split 2 Promotion/Open Qualifier_Round 10_1_2,2026-05-22 22:20:00,26.10,CD 2026 Split 2 Open Qualifier,Barulhinhos,Kuma eSports B,Barulhinhos,[],[],[],[],[],[],1,leaguepedia_cargo_patch_range,0
Circuito Desafiante/2026 Season/Split 2 Promotion/Open Qualifier_Round 8_4_2,2026-05-22 22:22:00,26.10,CD 2026 Split 2 Open Qualifier,PREDIQT,Marere Invokers,Marere Invokers,[],[],[],[],[],[],0,leaguepedia_cargo_patch_range,1
Circuito Desafiante/2026 Season/Split 2 Promotion/Open Qualifier_Round 8_3_3,2026-05-22 22:59:00,26.10,CD 2026 Split 2 Open Qualifier,Vasco E-Sports,RAMPAGE (Brazilian Team),RAMPAGE (Brazilian Team),[],[],[],[],[],[],0,leaguepedia_cargo_patch_range,1
Circuito Desafiante/2026 Season/Split 2 Promotion/Open Qualifier_Round 10_1_3,2026-05-22 23:28:00,26.10,CD 2026 Split 2 Open Qualifier,Barulhinhos,Kuma eSports B,Barulhinhos,[],[],[],[],[],[],1,leaguepedia_cargo_patch_range,0
Circuito Desafiante/2026 Season/Split 2 Promotion/Open Qualifier_Round 9_1_1,2026-05-22 23:51:00,26.10,CD 2026 Split 2 Open Qualifier,RAMPAGE (Brazilian Team),Marere Invokers,Marere Invokers,[],[],[],[],[],[],0,leaguepedia_cargo_patch_range,1
Circuito Desafiante/2026 Season/Split 2 Promotion/Open Qualifier_Round 9_1_2,2026-05-23 00:45:00,26.10,CD 2026 Split 2 Open Qualifier,RAMPAGE (Brazilian Team),Marere Invokers,Marere Invokers,[],[],[],[],[],[],0,leaguepedia_cargo_patch_range,1
Circuito Desafiante/2026 Season/Split 2 Promotion/Open Qualifier_Round 10_2_1,2026-05-23 21:21:00,26.10,CD 2026 Split 2 Open Qualifier,Kuma eSports B,Marere Invokers,Marere Invokers,[],[],[],[],[],[],0,leaguepedia_cargo_patch_range,1
Circuito Desafiante/2026 Season/Split 2 Promotion/Open Qualifier_Round 10_2_2,2026-05-23 22:15:00,26.10,CD 2026 Split 2 Open Qualifier,Kuma eSports B,Marere Invokers,Marere Invokers,[],[],[],[],[],[],0,leaguepedia_cargo_patch_range,1
Circuito Desafiante/2026 Season/Split 2 Promotion/Open Qualifier_Round 10_2_3,2026-05-23 23:19:00,26.10,CD 2026 Split 2 Open Qualifier,Kuma eSports B,Marere Invokers,Marere Invokers,[],[],[],[],[],[],0,leaguepedia_cargo_patch_range,1
Prime League 2nd Division/2026 Season/Spring Split_Week 4_5_1,2026-05-24 13:13:00,26.10,PRM 2nd Division 25-26 Spring,Babos Gaming,Spongecord prime,Babos Gaming,[],[],[],[],[],[],1,leaguepedia_cargo_patch_range,0
Prime League 2nd Division/2026 Season/Spring Split_Week 4_6_1,2026-05-24 13:14:00,26.10,PRM 2nd Division 25-26 Spring,Hannover Esports e.V.,MT1 Esports,MT1 Esports,[],[],[],[],[],[],0,leaguepedia_cargo_patch_range,1
Prime League 2nd Division/2026 Season/Spring Split_Week 4_6_2,2026-05-24 14:05:00,26.10,PRM 2nd Division 25-26 Spring,MT1 Esports,Hannover Esports e.V.,MT1 Esports,[],[],[],[],[],[],1,leaguepedia_cargo_patch_range,0
Prime League 2nd Division/2026 Season/Spring Split_Week 4_5_2,2026-05-24 14:08:00,26.10,PRM 2nd Division 25-26 Spring,Spongecord prime,Babos Gaming,Babos Gaming,[],[],[],[],[],[],0,leaguepedia_cargo_patch_range,1
Prime League 2nd Division/2026 Season/Spring Split_Week 4_8_2,2026-05-24 15:44:00,26.10,PRM 2nd Division 25-26 Spring,PvB (Swiss Team),Circus Kittens,PvB (Swiss Team),[],[],[],[],[],[],1,leaguepedia_cargo_patch_range,0
Prime League 2nd Division/2026 Season/Spring Split_Week 4_7_1,2026-05-24 15:45:00,26.10,PRM 2nd Division 25-26 Spring,Team Rift,TeamOrangeGaming Academy,Team Rift,[],[],[],[],[],[],1,leaguepedia_cargo_patch_range,0
Prime League 2nd Division/2026 Season/Spring Split_Week 4_8_1,2026-05-24 16:24:00,26.10,PRM 2nd Division 25-26 Spring,PvB (Swiss Team),Circus Kittens,PvB (Swiss Team),[],[],[],[],[],[],1,leaguepedia_cargo_patch_range,0
Prime League 2nd Division/2026 Season/Spring Split_Week 4_7_2,2026-05-24 16:34:00,26.10,PRM 2nd Division 25-26 Spring,TeamOrangeGaming Academy,Team Rift,Team Rift,[],[],[],[],[],[],0,leaguepedia_cargo_patch_range,1
Circuito Desafiante/2026 Season/Split 2 Promotion/Open Qualifier_Round 11_1_1,2026-05-24 21:13:00,26.10,CD 2026 Split 2 Open Qualifier,Barulhinhos,Marere Invokers,Barulhinhos,[],[],[],[],[],[],1,leaguepedia_cargo_patch_range,0
Circuito Desafiante/2026 Season/Split 2 Promotion/Open Qualifier_Round 11_1_2,2026-05-24 22:03:00,26.10,CD 2026 Split 2 Open Qualifier,Barulhinhos,Marere Invokers,Barulhinhos,[],[],[],[],[],[],1,leaguepedia_cargo_patch_range,0
Circuito Desafiante/2026 Season/Split 2 Promotion/Open Qualifier_Round 11_1_3,2026-05-24 22:47:00,26.10,CD 2026 Split 2 Open Qualifier,Barulhinhos,Marere Invokers,Barulhinhos,[],[],[],[],[],[],1,leaguepedia_cargo_patch_range,0
Prime League 2nd Division/2026 Season/Spring Split_Week 5_2_1,2026-05-25 16:11:00,26.10,PRM 2nd Division 25-26 Spring,All for One Gaming,AceGaming,All for One Gaming,[],[],[],[],[],[],1,leaguepedia_cargo_patch_range,0
Prime League 2nd Division/2026 Season/Spring Split_Week 5_1_1,2026-05-25 16:18:00,26.10,PRM 2nd Division 25-26 Spring,regnum4games,Reveal Multigaming,Reveal Multigaming,[],[],[],[],[],[],0,leaguepedia_cargo_patch_range,1
Prime League 2nd Division/2026 Season/Spring Split_Week 5_2_2,2026-05-25 17:01:00,26.10,PRM 2nd Division 25-26 Spring,All for One Gaming,AceGaming,All for One Gaming,[],[],[],[],[],[],1,leaguepedia_cargo_patch_range,0
Prime League 2nd Division/2026 Season/Spring Split_Week 5_1_2,2026-05-25 17:24:00,26.10,PRM 2nd Division 25-26 Spring,Reveal Multigaming,regnum4games,Reveal Multigaming,[],[],[],[],[],[],1,leaguepedia_cargo_patch_range,0
Prime League 2nd Division/2026 Season/Spring Split_Week 5_3_1,2026-05-25 18:42:00,26.10,PRM 2nd Division 25-26 Spring,DKB XPERION NXT,Locked In (Dutch Team),Locked In (Dutch Team),[],[],[],[],[],[],0,leaguepedia_cargo_patch_range,1
Prime League 2nd Division/2026 Season/Spring Split_Week 5_4_1,2026-05-25 18:47:00,26.10,PRM 2nd Division 25-26 Spring,LOOKSMAXXER,CGN Esports,CGN Esports,[],[],[],[],[],[],0,leaguepedia_cargo_patch_range,1
Prime League 2nd Division/2026 Season/Spring Split_Week 5_4_2,2026-05-25 19:31:00,26.10,PRM 2nd Division 25-26 Spring,CGN Esports,LOOKSMAXXER,CGN Esports,[],[],[],[],[],[],1,leaguepedia_cargo_patch_range,0
Prime League 2nd Division/2026 Season/Spring Split_Week 5_3_2,2026-05-25 19:32:00,26.10,PRM 2nd Division 25-26 Spring,Locked In (Dutch Team),DKB XPERION NXT,DKB XPERION NXT,[],[],[],[],[],[],0,leaguepedia_cargo_patch_range,1
Prime League 2nd Division/2026 Season/Spring Split_Week 5_3_3,2026-05-25 20:23:00,26.10,PRM 2nd Division 25-26 Spring,DKB XPERION NXT,Locked In (Dutch Team),DKB XPERION NXT,[],[],[],[],[],[],1,leaguepedia_cargo_patch_range,0
Prime League 2nd Division/2026 Season/Spring Split_Week 5_5_1,2026-05-29 16:11:00,26.10,PRM 2nd Division 25-26 Spring,AceGaming,Team Rift,AceGaming,[],[],[],[],[],[],1,leaguepedia_cargo_patch_range,0
Prime League 2nd Division/2026 Season/Spring Split_Week 5_6_1,2026-05-29 16:23:00,26.10,PRM 2nd Division 25-26 Spring,Hannover Esports e.V.,TeamOrangeGaming Academy,TeamOrangeGaming Academy,[],[],[],[],[],[],0,leaguepedia_cargo_patch_range,1
Prime League 2nd Division/2026 Season/Spring Split_Week 5_5_2,2026-05-29 16:57:00,26.10,PRM 2nd Division 25-26 Spring,AceGaming,Team Rift,AceGaming,[],[],[],[],[],[],1,leaguepedia_cargo_patch_range,0
Prime League 2nd Division/2026 Season/Spring Split_Week 5_6_2,2026-05-29 17:12:00,26.10,PRM 2nd Division 25-26 Spring,Hannover Esports e.V.,TeamOrangeGaming Academy,Hannover Esports e.V.,[],[],[],[],[],[],1,leaguepedia_cargo_patch_range,0
Prime League 2nd Division/2026 Season/Spring Split_Week 5_6_3,2026-05-29 18:06:00,26.10,PRM 2nd Division 25-26 Spring,TeamOrangeGaming Academy,Hannover Esports e.V.,TeamOrangeGaming Academy,[],[],[],[],[],[],1,leaguepedia_cargo_patch_range,0
Prime League 2nd Division/2026 Season/Spring Split_Week 5_10_1,2026-05-31 13:11:00,26.10,PRM 2nd Division 25-26 Spring,LOOKSMAXXER,DKB XPERION NXT,DKB XPERION NXT,[],[],[],[],[],[],0,leaguepedia_cargo_patch_range,1
Prime League 2nd Division/2026 Season/Spring Split_Week 5_9_1,2026-05-31 13:11:00,26.10,PRM 2nd Division 25-26 Spring,Locked In (Dutch Team),Reveal Multigaming,Reveal Multigaming,[],[],[],[],[],[],0,leaguepedia_cargo_patch_range,1
Prime League 2nd Division/2026 Season/Spring Split_Week 5_10_2,2026-05-31 13:56:00,26.10,PRM 2nd Division 25-26 Spring,LOOKSMAXXER,DKB XPERION NXT,DKB XPERION NXT,[],[],[],[],[],[],0,leaguepedia_cargo_patch_range,1
Prime League 2nd Division/2026 Season/Spring Split_Week 5_9_2,2026-05-31 14:27:00,26.10,PRM 2nd Division 25-26 Spring,Reveal Multigaming,Locked In (Dutch Team),Reveal Multigaming,[],[],[],[],[],[],1,leaguepedia_cargo_patch_range,0
Prime League 2nd Division/2026 Season/Spring Split_Week 5_12_1,2026-05-31 15:39:00,26.10,PRM 2nd Division 25-26 Spring,Spongecord prime,regnum4games,regnum4games,[],[],[],[],[],[],0,leaguepedia_cargo_patch_range,1
Prime League 2nd Division/2026 Season/Spring Split_Week 5_11_1,2026-05-31 15:45:00,26.10,PRM 2nd Division 25-26 Spring,CGN Esports,Babos Gaming,CGN Esports,[],[],[],[],[],[],1,leaguepedia_cargo_patch_range,0
Prime League 2nd Division/2026 Season/Spring Split_Week 5_12_2,2026-05-31 16:30:00,26.10,PRM 2nd Division 25-26 Spring,regnum4games,Spongecord prime,regnum4games,[],[],[],[],[],[],1,leaguepedia_cargo_patch_range,0
Prime League 2nd Division/2026 Season/Spring Split_Week 5_11_2,2026-05-31 16:31:00,26.10,PRM 2nd Division 25-26 Spring,CGN Esports,Babos Gaming,CGN Esports,[],[],[],[],[],[],1,leaguepedia_cargo_patch_range,0
Prime League 2nd Division/2026 Season/Spring Split_Week 6_2_1,2026-06-01 16:10:00,26.10,PRM 2nd Division 25-26 Spring,Team Rift,MT1 Esports,Team Rift,[],[],[],[],[],[],1,leaguepedia_cargo_patch_range,0
Prime League 2nd Division/2026 Season/Spring Split_Week 6_1_1,2026-06-01 16:24:00,26.10,PRM 2nd Division 25-26 Spring,PvB (Swiss Team),All for One Gaming,All for One Gaming,[],[],[],[],[],[],0,leaguepedia_cargo_patch_range,1
Prime League 2nd Division/2026 Season/Spring Split_Week 6_2_2,2026-06-01 17:04:00,26.10,PRM 2nd Division 25-26 Spring,MT1 Esports,Team Rift,MT1 Esports,[],[],[],[],[],[],1,leaguepedia_cargo_patch_range,0
Prime League 2nd Division/2026 Season/Spring Split_Week 6_1_2,2026-06-01 17:23:00,26.10,PRM 2nd Division 25-26 Spring,All for One Gaming,PvB (Swiss Team),All for One Gaming,[],[],[],[],[],[],1,leaguepedia_cargo_patch_range,0
Prime League 2nd Division/2026 Season/Spring Split_Week 6_2_3,2026-06-01 17:56:00,26.10,PRM 2nd Division 25-26 Spring,MT1 Esports,Team Rift,MT1 Esports,[],[],[],[],[],[],1,leaguepedia_cargo_patch_range,0
Prime League 2nd Division/2026 Season/Spring Split_Week 6_3_1,2026-06-01 18:40:00,26.10,PRM 2nd Division 25-26 Spring,TeamOrangeGaming Academy,AceGaming,AceGaming,[],[],[],[],[],[],0,leaguepedia_cargo_patch_range,1
Prime League 2nd Division/2026 Season/Spring Split_Week 6_4_1,2026-06-01 18:42:00,26.10,PRM 2nd Division 25-26 Spring,Circus Kittens,Hannover Esports e.V.,Hannover Esports e.V.,[],[],[],[],[],[],0,leaguepedia_cargo_patch_range,1
Prime League 2nd Division/2026 Season/Spring Split_Week 6_3_2,2026-06-01 19:33:00,26.10,PRM 2nd Division 25-26 Spring,AceGaming,TeamOrangeGaming Academy,TeamOrangeGaming Academy,[],[],[],[],[],[],0,leaguepedia_cargo_patch_range,1
Prime League 2nd Division/2026 Season/Spring Split_Week 6_4_2,2026-06-01 19:52:00,26.10,PRM 2nd Division 25-26 Spring,Hannover Esports e.V.,Circus Kittens,Hannover Esports e.V.,[],[],[],[],[],[],1,leaguepedia_cargo_patch_range,0
Prime League 2nd Division/2026 Season/Spring Split_Week 6_3_3,2026-06-01 20:32:00,26.10,PRM 2nd Division 25-26 Spring,TeamOrangeGaming Academy,AceGaming,TeamOrangeGaming Academy,[],[],[],[],[],[],1,leaguepedia_cargo_patch_range,0
Esports Series Madrid 2026_Finals_1_1,2026-06-06 10:26:00,26.11,Esports Series Madrid 2026,Oxygen Gaming,UCAM University Esports,Oxygen Gaming,[],[],[],[],[],[],1,leaguepedia_cargo_patch_range,0
Esports Series Madrid 2026_Finals_1_2,2026-06-06 11:12:00,26.11,Esports Series Madrid 2026,Oxygen Gaming,UCAM University Esports,Oxygen Gaming,[],[],[],[],[],[],1,leaguepedia_cargo_patch_range,0
Prime League 2nd Division/2026 Season/Spring Playoffs_Decider_1_1,2026-06-07 16:17:00,26.11,PRM 2nd Division 25-26 Spring Playoffs,AceGaming,regnum4games,regnum4games,[],[],[],[],[],[],0,leaguepedia_cargo_patch_range,1
Prime League 2nd Division/2026 Season/Spring Playoffs_Decider_2_1,2026-06-07 16:20:00,26.11,PRM 2nd Division 25-26 Spring Playoffs,PvB (Swiss Team),DKB XPERION NXT,DKB XPERION NXT,[],[],[],[],[],[],0,leaguepedia_cargo_patch_range,1
Prime League 2nd Division/2026 Season/Spring Playoffs_Decider_1_2,2026-06-07 17:06:00,26.11,PRM 2nd Division 25-26 Spring Playoffs,regnum4games,AceGaming,regnum4games,[],[],[],[],[],[],1,leaguepedia_cargo_patch_range,0
Prime League 2nd Division/2026 Season/Spring Playoffs_Decider_2_2,2026-06-07 17:16:00,26.11,PRM 2nd Division 25-26 Spring Playoffs,DKB XPERION NXT,PvB (Swiss Team),PvB (Swiss Team),[],[],[],[],[],[],0,leaguepedia_cargo_patch_range,1
Prime League 2nd Division/2026 Season/Spring Playoffs_Decider_1_3,2026-06-07 17:58:00,26.11,PRM 2nd Division 25-26 Spring Playoffs,regnum4games,AceGaming,regnum4games,[],[],[],[],[],[],1,leaguepedia_cargo_patch_range,0
Prime League 2nd Division/2026 Season/Spring Playoffs_Decider_2_3,2026-06-07 18:05:00,26.11,PRM 2nd Division 25-26 Spring Playoffs,PvB (Swiss Team),DKB XPERION NXT,DKB XPERION NXT,[],[],[],[],[],[],0,leaguepedia_cargo_patch_range,1
Prime League 2nd Division/2026 Season/Spring Playoffs_Decider_2_4,2026-06-07 19:53:00,26.11,PRM 2nd Division 25-26 Spring Playoffs,DKB XPERION NXT,PvB (Swiss Team),DKB XPERION NXT,[],[],[],[],[],[],1,leaguepedia_cargo_patch_range,0
Prime League 2nd Division/2026 Season/Spring Playoffs_Round 1_1_1,2026-06-09 16:15:00,26.11,PRM 2nd Division 25-26 Spring Playoffs,All for One Gaming,regnum4games,All for One Gaming,[],[],[],[],[],[],1,leaguepedia_cargo_patch_range,0
Prime League 2nd Division/2026 Season/Spring Playoffs_Round 1_2_1,2026-06-09 16:18:00,26.11,PRM 2nd Division 25-26 Spring Playoffs,Hannover Esports e.V.,Reveal Multigaming,Reveal Multigaming,[],[],[],[],[],[],0,leaguepedia_cargo_patch_range,1
Prime League 2nd Division/2026 Season/Spring Playoffs_Round 1_1_2,2026-06-09 17:09:00,26.11,PRM 2nd Division 25-26 Spring Playoffs,All for One Gaming,regnum4games,All for One Gaming,[],[],[],[],[],[],1,leaguepedia_cargo_patch_range,0
Prime League 2nd Division/2026 Season/Spring Playoffs_Round 1_2_2,2026-06-09 17:12:00,26.11,PRM 2nd Division 25-26 Spring Playoffs,Reveal Multigaming,Hannover Esports e.V.,Reveal Multigaming,[],[],[],[],[],[],1,leaguepedia_cargo_patch_range,0
Prime League 2nd Division/2026 Season/Spring Playoffs_Round 1_4_1,2026-06-09 18:42:00,26.11,PRM 2nd Division 25-26 Spring Playoffs,Babos Gaming,MT1 Esports,MT1 Esports,[],[],[],[],[],[],0,leaguepedia_cargo_patch_range,1
Prime League 2nd Division/2026 Season/Spring Playoffs_Round 1_3_1,2026-06-09 18:44:00,26.11,PRM 2nd Division 25-26 Spring Playoffs,CGN Esports,DKB XPERION NXT,CGN Esports,[],[],[],[],[],[],1,leaguepedia_cargo_patch_range,0
Prime League 2nd Division/2026 Season/Spring Playoffs_Round 1_3_2,2026-06-09 19:32:00,26.11,PRM 2nd Division 25-26 Spring Playoffs,CGN Esports,DKB XPERION NXT,CGN Esports,[],[],[],[],[],[],1,leaguepedia_cargo_patch_range,0
Prime League 2nd Division/2026 Season/Spring Playoffs_Round 1_4_2,2026-06-09 19:54:00,26.11,PRM 2nd Division 25-26 Spring Playoffs,MT1 Esports,Babos Gaming,MT1 Esports,[],[],[],[],[],[],1,leaguepedia_cargo_patch_range,0
Prime League 2nd Division/2026 Season/Spring Playoffs_Round 1_5_1,2026-06-11 16:14:00,26.11,PRM 2nd Division 25-26 Spring Playoffs,Hannover Esports e.V.,regnum4games,Hannover Esports e.V.,[],[],[],[],[],[],1,leaguepedia_cargo_patch_range,0
Prime League 2nd Division/2026 Season/Spring Playoffs_Round 2_1_1,2026-06-11 16:18:00,26.11,PRM 2nd Division 25-26 Spring Playoffs,All for One Gaming,Reveal Multigaming,Reveal Multigaming,[],[],[],[],[],[],0,leaguepedia_cargo_patch_range,1
Prime League 2nd Division/2026 Season/Spring Playoffs_Round 1_5_2,2026-06-11 17:04:00,26.11,PRM 2nd Division 25-26 Spring Playoffs,Hannover Esports e.V.,regnum4games,regnum4games,[],[],[],[],[],[],0,leaguepedia_cargo_patch_range,1
Prime League 2nd Division/2026 Season/Spring Playoffs_Round 2_1_2,2026-06-11 17:13:00,26.11,PRM 2nd Division 25-26 Spring Playoffs,All for One Gaming,Reveal Multigaming,All for One Gaming,[],[],[],[],[],[],1,leaguepedia_cargo_patch_range,0
Prime League 2nd Division/2026 Season/Spring Playoffs_Round 1_5_3,2026-06-11 18:04:00,26.11,PRM 2nd Division 25-26 Spring Playoffs,regnum4games,Hannover Esports e.V.,regnum4games,[],[],[],[],[],[],1,leaguepedia_cargo_patch_range,0
Prime League 2nd Division/2026 Season/Spring Playoffs_Round 2_1_3,2026-06-11 18:14:00,26.11,PRM 2nd Division 25-26 Spring Playoffs,All for One Gaming,Reveal Multigaming,All for One Gaming,[],[],[],[],[],[],1,leaguepedia_cargo_patch_range,0
Prime League 2nd Division/2026 Season/Spring Playoffs_Round 1_6_1,2026-06-11 18:41:00,26.11,PRM 2nd Division 25-26 Spring Playoffs,Babos Gaming,DKB XPERION NXT,Babos Gaming,[],[],[],[],[],[],1,leaguepedia_cargo_patch_range,0
Prime League 2nd Division/2026 Season/Spring Playoffs_Round 2_2_1,2026-06-11 18:43:00,26.11,PRM 2nd Division 25-26 Spring Playoffs,CGN Esports,MT1 Esports,CGN Esports,[],[],[],[],[],[],1,leaguepedia_cargo_patch_range,0
Prime League 2nd Division/2026 Season/Spring Playoffs_Round 2_2_2,2026-06-11 19:30:00,26.11,PRM 2nd Division 25-26 Spring Playoffs,MT1 Esports,CGN Esports,MT1 Esports,[],[],[],[],[],[],1,leaguepedia_cargo_patch_range,0
Prime League 2nd Division/2026 Season/Spring Playoffs_Round 1_6_2,2026-06-11 19:32:00,26.11,PRM 2nd Division 25-26 Spring Playoffs,Babos Gaming,DKB XPERION NXT,Babos Gaming,[],[],[],[],[],[],1,leaguepedia_cargo_patch_range,0
Prime League 2nd Division/2026 Season/Spring Playoffs_Round 2_2_3,2026-06-11 20:43:00,26.11,PRM 2nd Division 25-26 Spring Playoffs,MT1 Esports,CGN Esports,CGN Esports,[],[],[],[],[],[],0,leaguepedia_cargo_patch_range,1
Prime League 2nd Division/2026 Season/Spring Relegation_Relegation Round_2_1,2026-06-12 16:13:00,26.11,PRM 2nd Division 25-26 Spring Relegation,LOOKSMAXXER,TeamOrangeGaming Academy,LOOKSMAXXER,[],[],[],[],[],[],1,leaguepedia_cargo_patch_range,0
Prime League 2nd Division/2026 Season/Spring Relegation_Relegation Round_1_1,2026-06-12 16:21:00,26.11,PRM 2nd Division 25-26 Spring Relegation,Spongecord prime,Team Rift,Spongecord prime,[],[],[],[],[],[],1,leaguepedia_cargo_patch_range,0
Prime League 2nd Division/2026 Season/Spring Relegation_Relegation Round_2_2,2026-06-12 17:11:00,26.11,PRM 2nd Division 25-26 Spring Relegation,LOOKSMAXXER,TeamOrangeGaming Academy,LOOKSMAXXER,[],[],[],[],[],[],1,leaguepedia_cargo_patch_range,0
Prime League 2nd Division/2026 Season/Spring Relegation_Relegation Round_1_2,2026-06-12 17:14:00,26.11,PRM 2nd Division 25-26 Spring Relegation,Spongecord prime,Team Rift,Spongecord prime,[],[],[],[],[],[],1,leaguepedia_cargo_patch_range,0
Prime League 2nd Division/2026 Season/Spring Relegation_Relegation Round_3_1,2026-06-12 18:48:00,26.11,PRM 2nd Division 25-26 Spring Relegation,Locked In (Dutch Team),Circus Kittens,Circus Kittens,[],[],[],[],[],[],0,leaguepedia_cargo_patch_range,1
Prime League 2nd Division/2026 Season/Spring Relegation_Relegation Round_3_2,2026-06-12 19:43:00,26.11,PRM 2nd Division 25-26 Spring Relegation,Circus Kittens,Locked In (Dutch Team),Circus Kittens,[],[],[],[],[],[],1,leaguepedia_cargo_patch_range,0
Komplettligaen/2026 Season/Spring Playoffs_Finals_1_1,2026-06-13 14:31:00,26.12,Komplettligaen 2026 Spring Playoffs,VES Japan,Bitfix RG,VES Japan,[],[],[],[],[],[],1,leaguepedia_cargo_patch_range,0
Komplettligaen/2026 Season/Spring Playoffs_Finals_1_2,2026-06-13 15:36:00,26.12,Komplettligaen 2026 Spring Playoffs,Bitfix RG,VES Japan,VES Japan,[],[],[],[],[],[],0,leaguepedia_cargo_patch_range,1
Komplettligaen/2026 Season/Spring Playoffs_Finals_1_3,2026-06-13 16:29:00,26.12,Komplettligaen 2026 Spring Playoffs,VES Japan,Bitfix RG,Bitfix RG,[],[],[],[],[],[],0,leaguepedia_cargo_patch_range,1
Komplettligaen/2026 Season/Spring Playoffs_Finals_1_4,2026-06-13 17:26:00,26.12,Komplettligaen 2026 Spring Playoffs,Bitfix RG,VES Japan,VES Japan,[],[],[],[],[],[],0,leaguepedia_cargo_patch_range,1
2026 Asian Games/Qualifier_Day 3_4_1,2026-06-14 07:00:00,26.11,Asian Games 2026 Qualifier,Jordan (National Team),Malaysia (National Team),Malaysia (National Team),[],[],[],[],[],[],0,leaguepedia_cargo_patch_range,1
2026 Asian Games/Qualifier_Day 3_3_1,2026-06-14 07:02:00,26.11,Asian Games 2026 Qualifier,United Arab Emirates (National Team),Mongolia (National Team),United Arab Emirates (National Team),[],[],[],[],[],[],1,leaguepedia_cargo_patch_range,0
2026 Asian Games/Qualifier_Day 3_8_1,2026-06-14 09:29:00,26.11,Asian Games 2026 Qualifier,Mongolia (National Team),Jordan (National Team),Mongolia (National Team),[],[],[],[],[],[],1,leaguepedia_cargo_patch_range,0
Prime League 2nd Division/2026 Season/Spring Playoffs_Round 2_3_1,2026-06-14 13:12:00,26.11,PRM 2nd Division 25-26 Spring Playoffs,Babos Gaming,Reveal Multigaming,Reveal Multigaming,[],[],[],[],[],[],0,leaguepedia_cargo_patch_range,1
Prime League 2nd Division/2026 Season/Spring Playoffs_Round 2_4_1,2026-06-14 13:25:00,26.11,PRM 2nd Division 25-26 Spring Playoffs,regnum4games,MT1 Esports,MT1 Esports,[],[],[],[],[],[],0,leaguepedia_cargo_patch_range,1
Prime League 2nd Division/2026 Season/Spring Playoffs_Round 2_3_2,2026-06-14 14:20:00,26.11,PRM 2nd Division 25-26 Spring Playoffs,Reveal Multigaming,Babos Gaming,Babos Gaming,[],[],[],[],[],[],0,leaguepedia_cargo_patch_range,1
Prime League 2nd Division/2026 Season/Spring Playoffs_Round 2_4_2,2026-06-14 14:20:00,26.11,PRM 2nd Division 25-26 Spring Playoffs,MT1 Esports,regnum4games,MT1 Esports,[],[],[],[],[],[],1,leaguepedia_cargo_patch_range,0
Prime League 2nd Division/2026 Season/Spring Playoffs_Round 2_3_3,2026-06-14 15:22:00,26.11,PRM 2nd Division 25-26 Spring Playoffs,Reveal Multigaming,Babos Gaming,Babos Gaming,[],[],[],[],[],[],0,leaguepedia_cargo_patch_range,1
Prime League 2nd Division/2026 Season/Spring Playoffs_Round 4_1_1,2026-06-15 16:15:00,26.11,PRM 2nd Division 25-26 Spring Playoffs,CGN Esports,All for One Gaming,CGN Esports,[],[],[],[],[],[],1,leaguepedia_cargo_patch_range,0
Prime League 2nd Division/2026 Season/Spring Playoffs_Round 4_1_3,2026-06-15 17:53:00,26.11,PRM 2nd Division 25-26 Spring Playoffs,CGN Esports,All for One Gaming,CGN Esports,[],[],[],[],[],[],1,leaguepedia_cargo_patch_range,0
