match_id,date,patch,op_losing_team,op_losing_team_picks,op_champions_in_losing_team,winning_opponent,winning_opponent_picks
LCK/2026 Season/Rounds 1-2_Week 6_2_2,2026-05-06 11:22:00,26.09,DN SOOPers,K'Sante + Naafiri + Nautilus + Ryze + Senna,Senna,Hanwha Life Esports,Jayce + Lucian + Milio + Nocturne + Twisted Fate
LES/2026 Season/Spring Split_Week 5_2_1,2026-05-06 17:58:00,26.09,GIANTX iTero,Aurora + Jarvan IV + Nautilus + Senna + Viktor,Senna,Barça eSports,Ezreal + Nami + Orianna + Rumble + Vi
Rift Legends/2026 Season/Spring Split_Week 5_4_2,2026-05-06 18:23:00,26.09,Bomba Team,Gwen + Jayce + Senna + Seraphine + Xin Zhao,Senna,Barcząca Esports,Aatrox + Annie + Ashe + Lulu + Yorick
Rift Legends/2026 Season/Spring Split_Week 5_6_2,2026-05-07 18:35:00,26.09,LODIS (Polish Team),Anivia + Senna + Seraphine + Skarner + Swain,Senna,Anonymo Esports,Ashe + Neeko + Nocturne + Rumble + Ryze
North American Challengers League/2026 Season/Spring Season_Week 7_6_2,2026-05-08 23:08:00,26.09,Apex Mission Impossible,Jax + Orianna + Rakan + Senna + Trundle,Senna,Citadel Gaming,Azir + Gragas + Karma + Smolder + Xin Zhao
LPL/2026 Season/Split 2_Week 6_7_2,2026-05-09 10:12:00,26.09,Ninjas in Pyjamas.CN,Annie + Gnar + Senna + Seraphine + Shyvana,Senna,Invictus Gaming,Ashe + Lulu + Renekton + Ryze + Xin Zhao
TCL/2026 Season/Spring Split_Week 6_2_2,2026-05-11 17:47:00,26.09,BoostGate Esports,Caitlyn + Gwen + Jarvan IV + Senna + Viktor,Senna,Team Phoenix (Turkish Team),Aatrox + Ahri + Bard + Sion + Varus
LFL/2026 Season/Spring Playoffs_Round 1_5_2,2026-05-13 17:08:00,26.09,Ici Japon Corp. Esport,Camille + Jarvan IV + Nautilus + Senna + Viktor,Senna,Esprit Shōnen,Ambessa + Ashe + Braum + Hwei + Xin Zhao
TCL/2026 Season/Spring Split_Week 6_5_1,2026-05-15 14:31:00,26.09,Ozarox Esports,Brand + Ekko + Hecarim + Senna + Yasuo,Senna,Team Phoenix (Turkish Team),Anivia + Bard + Ezreal + Jarvan IV + Orianna
LPL/2026 Season/Split 2_Week 7_9_1,2026-05-16 09:11:00,26.09,EDward Gaming,Alistar + Cassiopeia + Rumble + Senna + Vi,Senna,ThunderTalk Gaming,Annie + Ashe + K'Sante + Seraphine + Xin Zhao
Hitpoint Masters/2026 Season/Spring Split_Week 4_4_1,2026-05-16 16:46:00,26.10,eSuba,Ambessa + Cassiopeia + Rell + Senna + Skarner,Senna,Nightbirds,Ezreal + Nami + Pantheon + Ryze + Vayne
Nexus League/2026 Season/Spring Split_Week 6_8_1,2026-05-17 13:08:00,26.09,Crystal Rose (French Team),Aatrox + Annie + Lee Sin + Nautilus + Senna,Senna,Lille Esport,Corki + Nami + Renekton + Ryze + Wukong
LES/2026 Season/Spring Split_Week 7_2_2,2026-05-20 17:54:00,26.10,Barça eSports,Aatrox + Annie + Nautilus + Rumble + Senna,Senna,Team Heretics Academy,Cassiopeia + Miss Fortune + Rell + Varus + Wukong
LJL/2026 Season/Spring Series_Week 4_2_1,2026-05-21 10:03:00,26.10,Rising Gaming,Jayce + Rumble + Senna + Tahm Kench + Viktor,Senna,New Meta,Irelia + Jhin + Karma + Sylas + Xin Zhao
LFL/2026 Season/Spring Playoffs_Round 2_3_2,2026-05-21 16:56:00,26.10,Esprit Shōnen,Cassiopeia + Nami + Ornn + Senna + Wukong,Senna,Galions,Annie + Ashe + Renekton + Seraphine + Zaahen
VCS/2026 Season/Summer Season_Week 2_5_2,2026-05-22 10:56:00,26.09,Saigon Dino,Lee Sin + Nautilus + Renekton + Ryze + Senna,Senna,Saigon Warriors,Aurora + Gnar + Lucian + Milio + Skarner
Benelux Ascend Series/2026 Season/Spring Playoffs_Round 1_4_2,2026-05-22 18:59:00,26.10,FUSE,Jayce + K'Sante + Rell + Senna + Viktor,Senna,ZennIT Academy,Ashe + Hwei + Kha'Zix + Ornn + Seraphine
North American Challengers League/2026 Season/Spring Playoffs_Round 2_1_2,2026-05-22 20:55:00,26.10,NRG,Alistar + Orianna + Rumble + Senna + Wukong,Senna,CCG Esports,Galio + Jarvan IV + Karma + Yorick + Zeri
LCP/2026 Season/Split 2 Playoffs_Round 1_1_2,2026-05-23 10:10:00,26.10,CTBC Flying Oyster,Jarvan IV + Karma + Renekton + Senna + Viktor,Senna,MVK Esports,Aurora + Caitlyn + Gnar + Lee Sin + Pyke
LIT/2026 Season/Summer Promotion_Semifinals_2_3,2026-05-23 19:13:00,26.10,StoneHenge Esports,Gnar + Senna + Seraphine + Shyvana + Syndra,Senna,P11 Esports,Ashe + Blitzcrank + Hwei + Vayne + Wukong
LCS/2026 Season/Spring Playoffs_Round 1_1_3,2026-05-23 21:50:00,26.10,Cloud9,Ambessa + Hwei + Nautilus + Senna + Twisted Fate,Senna,FlyQuest,K'Sante + Lulu + Shyvana + Sivir + Sylas
Comic Con Baltics 2026_Finals_1_4,2026-05-24 11:16:00,26.10,Kenty,Leona + Senna + Syndra + Urgot + Wukong,Senna,Wilderness Gaming,Caitlyn + Jayce + Maokai + Thresh + Volibear
LIT/2026 Season/Summer Promotion_Finals_1_1,2026-05-24 16:11:00,26.10,Epitomy Esports,Azir + Mordekaiser + Nautilus + Senna + Wukong,Senna,P11 Esports,Braum + Ryze + Sion + Zaahen + Zeri
CBLOL/2026 Season/Split 1 Playoffs_Round 4_1_2,2026-05-24 17:02:00,26.10,RED Canids,Aatrox + Cassiopeia + Renekton + Senna + Seraphine,Senna,FURIA,Ashe + Lee Sin + Lulu + Sion + Twisted Fate
LEC/2026 Season/Spring Playoffs_Round 3_1_5,2026-05-25 18:29:00,26.10,Movistar KOI,Alistar + Azir + Gnar + Senna + Zaahen,Senna,G2 Esports,Jinx + Malphite + Pantheon + Soraka + Sylas
LCK/2026 Season/Rounds 1-2_Week 9_1_2,2026-05-27 09:12:00,26.10,Hanwha Life Esports,Alistar + Rumble + Ryze + Senna + Trundle,Senna,Gen.G,Ahri + Lucian + Milio + Vi + Yorick
NLC/2026 Season/Spring Split_Day 2_2_1,2026-05-27 17:05:00,26.10,Arctic Pandas,Olaf + Ryze + Senna + Seraphine + Varus,Senna,Ruddy Corporation,Ashe + Mel + Milio + Naafiri + Sion
Esports Balkan League/2026 Season/Spring Playoffs_Round 4_2_4,2026-05-27 18:42:00,26.10,The Secret Club,Galio + Jayce + Mordekaiser + Nautilus + Senna,Senna,Magaza Esports,Braum + LeBlanc + Renekton + Skarner + Smolder
Streamers Clash/Season 4_Day 7_5_1,2026-05-28 19:54:00,26.10,SILNĚJŠÍ SE XNAPYM,Bel'Veth + Hwei + Malphite + Senna + Sylas,Senna,VEDICI DEEMONS,Kayn + Ryze + Sion + Tristana + Yuumi
North American Challengers League/2026 Season/Spring Playoffs_Round 3_1_3,2026-05-28 22:00:00,26.10,Winthrop University,Ambessa + Ivern + Nautilus + Senna + Viktor,Senna,NRG,Hwei + Lucian + Milio + Renekton + Trundle
LPL/2026 Season/Split 2 Playoffs_Round 1_1_3,2026-05-29 08:05:00,26.10,ThunderTalk Gaming,Senna + Seraphine + Sion + Sylas + Wukong,Senna,JD Gaming,Ashe + Lulu + Nocturne + Shen + Viktor
NLC/2026 Season/Spring Playoffs_Round 1_1_3,2026-05-29 17:56:00,26.10,Ruddy Corporation,Aatrox + Nautilus + Senna + Taliyah + Viktor,Senna,Deer Gaming,Akali + Lee Sin + Rell + Syndra + Xayah
Benelux Ascend Series/2026 Season/Spring Playoffs_Round 2_1_4,2026-05-29 20:18:00,26.10,RED OUAT,Camille + Senna + Seraphine + Taliyah + Vi,Senna,FUSE,Aphelios + Lee Sin + Lulu + Mel + Olaf
CBLOL/2026 Season/Split 1 Playoffs_Round 3_1_2,2026-05-30 17:07:00,26.11,LØS,Annie + Jayce + Nocturne + Ornn + Senna,Nocturne,Fluxo W7M,Miss Fortune + Nautilus + Renekton + Ryze + Xin Zhao
LCP/2026 Season/Split 2 Playoffs_Round 3_1_3,2026-05-31 10:54:00,26.10,Team Secret Whales,Annie + Gnar + Lee Sin + Nautilus + Senna,Senna,Deep Cross Gaming,Jayce + Miss Fortune + Orianna + Rek'Sai + Rell
Circuito Desafiante/2026 Season/Split 2 Promotion_Round 1_2_1,2026-06-02 21:47:00,26.11,Marere Invokers,Ezreal + Gnar + Nautilus + Nocturne + Viktor,Nocturne,Barulhinhos,Aurora + K'Sante + Lucian + Milio + Xin Zhao
LJL/2026 Season/Spring Series_Week 6_2_3,2026-06-03 12:13:00,26.10,New Meta,Anivia + Hecarim + Senna + Shen + Yone,Senna,Uwinks,Braum + Gragas + Pantheon + Xerath + Yunara
LES/2026 Season/Spring Playoffs_Semifinals_1_2,2026-06-03 15:57:00,26.10,Barça eSports,Annie + Gnar + Lee Sin + Nautilus + Senna,Senna,Team Heretics Academy,Alistar + Ezreal + Jarvan IV + Vayne + Viktor
Arabian League/2026 Season/Summer Promotion_Round 1_3_1,2026-06-03 16:06:00,26.11,GnG Amazigh,Ambessa + Kai'Sa + Neeko + Nocturne + Sylas,Nocturne,NextGeneration Esports,Alistar + Ezreal + Jarvan IV + Kennen + Ryze
LES/2026 Season/Spring Playoffs_Semifinals_2_4,2026-06-04 18:07:00,26.10,UCAM Esports,Jarvan IV + LeBlanc + Nautilus + Olaf + Senna,Senna,Movistar KOI Fénix,Cassiopeia + Poppy + Rell + Smolder + Zaahen
Circuito Desafiante/2026 Season/Split 2 Promotion_Round 1_3_1,2026-06-04 20:05:00,26.11,Kuma eSports B,Lucian + Nocturne + Rell + Ryze + Sion,Nocturne,Marere Invokers,Ambessa + Anivia + Nautilus + Varus + Wukong
NLC/2026 Season/Spring Playoffs_Finals_1_2,2026-06-05 17:00:00,26.11,Ruddy Corporation,Aurora + Kassadin + Nocturne + Rakan + Sivir,Nocturne,Verdant,Gangplank + Nautilus + Senna + Taliyah + Xin Zhao
LCS/2026 Season/Spring Playoffs_Round 2_1_1,2026-06-06 20:09:00,26.11,FlyQuest,Cassiopeia + Ezreal + Jayce + Neeko + Nocturne,Nocturne,Team Liquid,Jarvan IV + Orianna + Rakan + Sion + Xayah
Hitpoint 2nd Division Challengers/2026 Season/Spring Playoffs_Round 2_1_3,2026-06-07 12:00:00,26.10,Priority,Bard + Pantheon + Senna + Shen + Taliyah,Senna,Andromeda Gaming,Ahri + Nami + Nocturne + Riven + Varus
LCS/2026 Season/Spring Playoffs_Round 2_2_1,2026-06-07 20:11:00,26.11,Cloud9,Nautilus + Nocturne + Senna + Sion + Ziggs,Nocturne,LYON (2024 American Team),Lucian + Milio + Renekton + Ryze + Wukong
EMEA Masters/2026 Season/Spring Play-In_Round 1_1_1,2026-06-08 15:12:00,26.11,Partizan Sangal,Ezreal + K'Sante + Leona + Nocturne + Viktor,Nocturne,Karmine Corp Blue,Cassiopeia + Jhin + Nautilus + Pantheon + Rumble
EMEA Masters/2026 Season/Spring Play-In_Round 2_4_1,2026-06-08 16:35:00,26.11,Bomba Team,Aurora + Caitlyn + Neeko + Nocturne + Varus,Nocturne,Ruddy Corporation,Ezreal + Orianna + Rakan + Sion + Wukong
EMEA Masters/2026 Season/Spring Play-In_Round 3_3_1,2026-06-08 18:04:00,26.11,Otter Side,Jhin + K'Sante + Nautilus + Nocturne + Ryze,Nocturne,Bomba Team,Anivia + Corki + Rell + Rumble + Wukong
EMEA Masters/2026 Season/Spring Play-In_Round 3_6_1,2026-06-08 18:05:00,26.11,FN Esports,Akali + Caitlyn + Irelia + Nautilus + Nocturne,Nocturne,Frites Esports Club,Anivia + Bard + Ezreal + Skarner + Twisted Fate
Esports World Cup 2026/Online Qualifiers/South America_Round 2_1_3,2026-06-08 21:06:00,26.11,LØS,Galio + Jayce + Mel + Nocturne + Pyke,Nocturne,Vivo Keyd Stars,Ashe + Aurora + Jarvan IV + Leona + Yorick
2026 Asia Masters_Day 2_2_2,2026-06-09 08:41:00,26.11,Bilibili Gaming Junior,Jayce + Nocturne + Sivir + Sylas + Tahm Kench,Nocturne,T1 Esports Academy,Ahri + Alistar + Vi + Yorick + Yunara
Liga Regional Sur/2026 Season/Split 1 Playoffs_Finals_1_1,2026-06-09 20:07:00,26.11,Golden Lions,Anivia + Leona + Nocturne + Shen + Varus,Nocturne,Volticons,Aatrox + Karma + Ryze + Sion + Sivir
Esports World Cup 2026/Online Qualifiers/South America_Round 2_4_1,2026-06-10 21:23:00,26.11,paiN Gaming,Gnar + Nocturne + Rakan + Viktor + Xayah,Nocturne,LØS,Jarvan IV + Lucian + Milio + Orianna + Sylas
EMEA Masters/2026 Season/Spring Main Event_Groups Day 2_2_3,2026-06-11 16:43:00,26.11,G2 NORD,Akali + Alistar + Ambessa + Ezreal + Nocturne,Nocturne,Galions,Ahri + Renata Glasc + Rumble + Varus + Wukong
EMEA Masters/2026 Season/Spring Main Event_Groups Day 2_8_2,2026-06-11 18:31:00,26.11,Partizan Sangal,Ahri + Aphelios + Milio + Nocturne + Vayne,Nocturne,WLGaming Esports,Annie + Jarvan IV + K'Sante + Lucian + Yuumi
Esports World Cup 2026/Online Qualifiers/South America_Round 3_1_2,2026-06-11 22:14:00,26.11,LOUD,Annie + Kalista + Nocturne + Renata Glasc + Sion,Nocturne,LØS,Gwen + Nautilus + Pantheon + Senna + Viktor
2026 Asian Games/Qualifier_Day 1_1_1,2026-06-12 05:10:00,26.11,Malaysia (National Team),Akali + Nocturne + Olaf + Rakan + Varus,Nocturne,Hong Kong (National Team),Bard + Cassiopeia + Jayce + Jhin + Trundle
2026 Asian Games/Qualifier_Day 2_1_1,2026-06-13 05:10:00,26.11,Pakistan (National Team),Ahri + K'Sante + Karma + Nocturne + Varus,Nocturne,United Arab Emirates (National Team),Ezreal + Jayce + Lee Sin + Rumble + Zoe
LJL/2026 Season/Spring Series_Semifinals_1_2,2026-06-13 09:09:00,26.11,Arneb,Ambessa + Brand + Leona + Nocturne + Viktor,Nocturne,Rising Gaming,Alistar + K'Sante + Pantheon + Ryze + Yunara
VCS/2026 Season/Summer Playoffs_Round 2_1_1,2026-06-13 10:07:00,26.11,ZEN Esports (Vietnamese Team),Caitlyn + Cassiopeia + Lux + Nocturne + Sion,Nocturne,Saigon Warriors,Akali + Jayce + Pantheon + Rakan + Ziggs
EMEA Masters/2026 Season/Spring Main Event_Quarterfinals_2_3,2026-06-13 16:35:00,26.11,Solary,Aphelios + Lulu + Nocturne + Ryze + Yorick,Nocturne,G2 NORD,Blitzcrank + Jarvan IV + Rumble + Taliyah + Yunara
Esports World Cup 2026/Online Qualifiers/South America_Round 4_2_2,2026-06-13 17:03:00,26.11,Vivo Keyd Stars,Ashe + Nocturne + Seraphine + Sion + Sylas,Nocturne,LØS,Ahri + Gwen + Rakan + Wukong + Xayah
LCS/2026 Season/Spring Playoffs_Round 3_1_1,2026-06-13 20:15:00,26.11,Cloud9,Anivia + Ashe + Nocturne + Seraphine + Sion,Nocturne,Team Liquid,Lee Sin + Rakan + Ryze + Xayah + Zaahen
LCK/2026 Season/Road to MSI_Round 4_1_4,2026-06-14 09:36:00,26.11,T1,Gnar + Lissandra + Lulu + Nocturne + Yunara,Nocturne,Gen.G,Ahri + Ezreal + Gangplank + Karma + Xin Zhao
VCS/2026 Season/Summer Playoffs_Round 1_3_1,2026-06-14 10:13:00,26.11,Saigon Dino,Nocturne + Rell + Renekton + Ryze + Varus,Nocturne,SN CyberCore Esports,Jarvan IV + Jax + Jhin + Nautilus + Orianna
Hitpoint 2nd Division Challengers/2026 Season/Spring Playoffs_Finals_1_4,2026-06-14 12:59:00,26.11,Priority,Ambessa + Aurora + Neeko + Nocturne + Sivir,Nocturne,Ethereal Enigmas,Gnar + Kalista + Nautilus + Ryze + Shyvana
EMEA Masters/2026 Season/Spring Main Event_Semifinals_1_1,2026-06-14 15:01:00,26.11,UCAM Esports,Ahri + Ezreal + Jayce + Neeko + Nocturne,Nocturne,Solary,Anivia + Annie + Lucian + Milio + Wukong
