match_id,date,patch,op_side,op_team,non_op_team,op_champions,op_team_win
Rift Legends/2026 Season/Spring Split_Week 5_2_1,2026-05-05 17:59:00,26.09,red,LODIS (Polish Team),Forsaken (Polish Team),Senna,1
Road Of Legends/2026 Season/Spring Split_Week 6_2_3,2026-05-05 20:02:00,26.09,red,mCon esports,The Bandits,Senna,1
LCK/2026 Season/Rounds 1-2_Week 6_2_2,2026-05-06 11:22:00,26.09,red,DN SOOPers,Hanwha Life Esports,Senna,0
LES/2026 Season/Spring Split_Week 5_2_1,2026-05-06 17:58:00,26.09,red,GIANTX iTero,Barça eSports,Senna,0
Rift Legends/2026 Season/Spring Split_Week 5_4_2,2026-05-06 18:23:00,26.09,red,Bomba Team,Barcząca Esports,Senna,0
Rift Legends/2026 Season/Spring Split_Week 5_6_2,2026-05-07 18:35:00,26.09,red,LODIS (Polish Team),Anonymo Esports,Senna,0
North American Challengers League/2026 Season/Spring Season_Week 7_4_3,2026-05-08 00:41:00,26.09,blue,NRG,CCG Esports,Senna,1
North American Challengers League/2026 Season/Spring Season_Week 7_6_2,2026-05-08 23:08:00,26.09,red,Apex Mission Impossible,Citadel Gaming,Senna,0
LPL/2026 Season/Split 2_Week 6_7_2,2026-05-09 10:12:00,26.09,blue,Ninjas in Pyjamas.CN,Invictus Gaming,Senna,0
LCS/2026 Season/Spring Season_Week 6_3_2,2026-05-10 21:06:00,26.09,red,Cloud9,FlyQuest,Senna,1
TCL/2026 Season/Spring Split_Week 6_2_2,2026-05-11 17:47:00,26.09,blue,BoostGate Esports,Team Phoenix (Turkish Team),Senna,0
Liga Regional Sur/2026 Season/Split 1 Playoffs_Round 1_4_3,2026-05-12 21:44:00,26.09,red,Malvinas Gaming,The New Kings,Senna,1
LPL/2026 Season/Split 2_Week 7_3_1,2026-05-13 09:10:00,26.09,blue,EDward Gaming,Oh My God,Senna,1
LFL/2026 Season/Spring Playoffs_Round 1_5_2,2026-05-13 17:08:00,26.09,blue,Ici Japon Corp. Esport,Esprit Shōnen,Senna,0
Esports World Cup 2026/Online Qualifiers/EMEA_Round 4_1_2,2026-05-14 15:59:00,26.09,blue,G2 Esports,Natus Vincere,Senna,1
LIT/2026 Season/Spring Playoffs_Round 5_1_3,2026-05-14 17:43:00,26.09,red,GMBLERS Esports,EKO Esports,Senna,1
North American Challengers League/2026 Season/Spring Season_Week 8_1_2,2026-05-14 21:00:00,26.10,red,Supernova,Maryville University,Senna,1
TCL/2026 Season/Spring Split_Week 6_5_1,2026-05-15 14:31:00,26.09,blue,Ozarox Esports,Team Phoenix (Turkish Team),Senna,0
Benelux Ascend Series/2026 Season/Spring Split_Week 7_3_3,2026-05-15 19:40:00,26.09,red,FUSE,TAKA ASCEND,Senna,1
LPL/2026 Season/Split 2_Week 7_9_1,2026-05-16 09:11:00,26.09,red,EDward Gaming,ThunderTalk Gaming,Senna,0
Hitpoint Masters/2026 Season/Spring Split_Week 4_4_1,2026-05-16 16:46:00,26.10,blue,eSuba,Nightbirds,Senna,0
CBLOL/2026 Season/Split 1 Playoffs_Round 2_1_2,2026-05-16 17:18:00,26.10,red,RED Canids,Fluxo W7M,Senna,1
LCP/2026 Season/Split 2_Week 7_3_1,2026-05-17 09:19:00,26.10,red,Team Secret Whales,DetonatioN FocusMe,Senna,1
Nexus League/2026 Season/Spring Split_Week 6_8_1,2026-05-17 13:08:00,26.09,blue,Crystal Rose (French Team),Lille Esport,Senna,0
LCS/2026 Season/Spring Season_Week 7_4_1,2026-05-17 21:47:00,26.10,red,FlyQuest,LYON (2024 American Team),Senna,1
LES/2026 Season/Spring Split_Week 7_2_2,2026-05-20 17:54:00,26.10,blue,Barça eSports,Team Heretics Academy,Senna,0
Rift Legends/2026 Season/Spring Split_Week 6_4_2,2026-05-20 18:28:00,26.10,blue,Bomba Team,Anonymo Esports,Senna,1
LJL/2026 Season/Spring Series_Week 4_2_1,2026-05-21 10:03:00,26.10,blue,Rising Gaming,New Meta,Senna,0
Prime League 1st Division/2026 Season/Spring Playoffs_Quarterfinals_2_3,2026-05-21 16:54:00,26.10,blue,G2 NORD,Unicorns of Love Sexy Edition,Senna,1
LFL/2026 Season/Spring Playoffs_Round 2_3_2,2026-05-21 16:56:00,26.10,red,Esprit Shōnen,Galions,Senna,0
LIT/2026 Season/Summer Promotion_Round 4_1_1,2026-05-21 17:19:00,26.10,red,P11 Esports,DECOY 21,Senna,1
Esports Balkan League/2026 Season/Spring Playoffs_Round 3_1_1,2026-05-21 18:09:00,26.10,red,The Secret Club,Lenovo Legion Honvéd,Senna,1
VCS/2026 Season/Summer Season_Week 2_5_2,2026-05-22 10:56:00,26.09,blue,Saigon Dino,Saigon Warriors,Senna,0
Benelux Ascend Series/2026 Season/Spring Playoffs_Round 1_4_2,2026-05-22 18:59:00,26.10,red,FUSE,ZennIT Academy,Senna,0
North American Challengers League/2026 Season/Spring Playoffs_Round 2_1_2,2026-05-22 20:55:00,26.10,red,NRG,CCG Esports,Senna,0
LCP/2026 Season/Split 2 Playoffs_Round 1_1_2,2026-05-23 10:10:00,26.10,blue,CTBC Flying Oyster,MVK Esports,Senna,0
LPL/2026 Season/Split 2 Playoffs_Play-In_2_2,2026-05-23 11:48:00,26.10,blue,ThunderTalk Gaming,Invictus Gaming,Senna,1
LIT/2026 Season/Summer Promotion_Semifinals_2_3,2026-05-23 19:13:00,26.10,blue,StoneHenge Esports,P11 Esports,Senna,0
LCS/2026 Season/Spring Playoffs_Round 1_1_3,2026-05-23 21:50:00,26.10,blue,Cloud9,FlyQuest,Senna,0
Nexus League/2026 Season/Spring Split_Week 7_6_1,2026-05-24 10:57:00,26.10,red,Caldya Esport,Zephyr Esport,Senna,1
Comic Con Baltics 2026_Finals_1_4,2026-05-24 11:16:00,26.10,red,Kenty,Wilderness Gaming,Senna,0
LIT/2026 Season/Summer Promotion_Finals_1_1,2026-05-24 16:11:00,26.10,red,Epitomy Esports,P11 Esports,Senna,0
CBLOL/2026 Season/Split 1 Playoffs_Round 4_1_2,2026-05-24 17:02:00,26.10,red,RED Canids,FURIA,Senna,0
LCS/2026 Season/Spring Playoffs_Round 1_2_2,2026-05-24 21:05:00,26.10,red,LYON (2024 American Team),Team Liquid,Senna,1
NLC/2026 Season/Spring Split_Day 1_4_1,2026-05-25 17:05:00,26.10,red,Verdant,Deer Gaming,Senna,1
NLC/2026 Season/Spring Split_Day 1_5_1,2026-05-25 18:14:00,26.10,blue,Arctic Pandas,Lundqvist Lightside,Senna,1
LEC/2026 Season/Spring Playoffs_Round 3_1_5,2026-05-25 18:29:00,26.10,red,Movistar KOI,G2 Esports,Senna,0
NLC/2026 Season/Spring Split_Day 1_13_1,2026-05-25 19:45:00,26.10,blue,Verdant,DMG Esports,Senna,1
Esports World Cup 2026/Online Qualifiers/Korea_Round 4_2_2,2026-05-26 08:01:00,26.10,red,Hanwha Life Esports,Dplus Kia,Senna,1
Liga Regional Sur/2026 Season/Split 1 Playoffs_Round 3_1_4,2026-05-26 22:41:00,26.10,blue,Golden Lions,Volticons,Senna,1
LCK/2026 Season/Rounds 1-2_Week 9_1_2,2026-05-27 09:12:00,26.10,red,Hanwha Life Esports,Gen.G,Senna,0
Prime League 1st Division/2026 Season/Spring Playoffs_Semifinals_2_3,2026-05-27 17:04:00,26.10,blue,G2 NORD,Berlin International Gaming,Senna,1
NLC/2026 Season/Spring Split_Day 2_2_1,2026-05-27 17:05:00,26.10,red,Arctic Pandas,Ruddy Corporation,Senna,0
Esports Balkan League/2026 Season/Spring Playoffs_Round 4_2_4,2026-05-27 18:42:00,26.10,red,The Secret Club,Magaza Esports,Senna,0
North American Challengers League/2026 Season/Spring Playoffs_Round 2_3_4,2026-05-27 23:11:00,26.10,red,Supernova,Winthrop University,Senna,1
Streamers Clash/Season 4_Day 7_5_1,2026-05-28 19:54:00,26.10,blue,SILNĚJŠÍ SE XNAPYM,VEDICI DEEMONS,Senna,0
North American Challengers League/2026 Season/Spring Playoffs_Round 3_1_3,2026-05-28 22:00:00,26.10,blue,Winthrop University,NRG,Senna,0
LPL/2026 Season/Split 2 Playoffs_Round 1_1_3,2026-05-29 08:05:00,26.10,red,ThunderTalk Gaming,JD Gaming,Senna,0
NLC/2026 Season/Spring Playoffs_Round 1_1_3,2026-05-29 17:56:00,26.10,blue,Ruddy Corporation,Deer Gaming,Senna,0
NLC/2026 Season/Spring Playoffs_Round 1_2_2,2026-05-29 18:55:00,26.10,red,Arctic Pandas,Bulldog Esports,Senna,1
Benelux Ascend Series/2026 Season/Spring Playoffs_Round 2_1_4,2026-05-29 20:18:00,26.10,red,RED OUAT,FUSE,Senna,0
Prime League 1st Division/2026 Season/Spring Playoffs_Finals_1_3,2026-05-30 13:12:00,26.10,blue,G2 NORD,Eintracht Spandau,Senna,1
CBLOL/2026 Season/Split 1 Playoffs_Round 3_1_2,2026-05-30 17:07:00,26.11,blue,LØS,Fluxo W7M,Nocturne,0
LCP/2026 Season/Split 2 Playoffs_Round 3_1_3,2026-05-31 10:54:00,26.10,blue,Team Secret Whales,Deep Cross Gaming,Senna,0
CBLOL/2026 Season/Split 1 Playoffs_Round 4_2_1,2026-05-31 16:11:00,26.11,blue,LØS,RED Canids,Nocturne,1
LCS/2026 Season/Spring Playoffs_Round 1_4_2,2026-05-31 21:02:00,26.11,blue,Team Liquid,Shopify Rebellion,Nocturne,1
PCS/2026 Season/Spring Season_Playoffs Round 4_1_1,2026-06-01 09:05:00,26.10,red,Frank Esports,CTBC Flying Oyster Academy,Senna,1
Circuito Desafiante/2026 Season/Split 1 Playoffs_Finals_1_1,2026-06-01 20:21:00,26.11,blue,KaBuM! Ilha das Lendas,Vivo Keyd Stars Academy,Nocturne,1
LPL/2026 Season/Split 2 Playoffs_Round 1_5_3,2026-06-02 11:01:00,26.10,blue,ThunderTalk Gaming,LGD Gaming,Senna,1
Hitpoint Masters/2026 Season/Spring Playoffs_Round 3_2_3,2026-06-02 15:50:00,26.11,red,Nightbirds,eSuba,Nocturne,1
Circuito Desafiante/2026 Season/Split 2 Promotion_Round 1_2_1,2026-06-02 21:47:00,26.11,red,Marere Invokers,Barulhinhos,Nocturne,0
PCS/2026 Season/Spring Season_Finals_1_3,2026-06-03 10:40:00,26.10,blue,Frank Esports,CTBC Flying Oyster Academy,Senna,1
LJL/2026 Season/Spring Series_Week 6_2_3,2026-06-03 12:13:00,26.10,red,New Meta,Uwinks,Senna,0
LES/2026 Season/Spring Playoffs_Semifinals_1_2,2026-06-03 15:57:00,26.10,blue,Barça eSports,Team Heretics Academy,Senna,0
Arabian League/2026 Season/Summer Promotion_Round 1_3_1,2026-06-03 16:06:00,26.11,blue,GnG Amazigh,NextGeneration Esports,Nocturne,0
NLC/2026 Season/Spring Playoffs_Round 3_1_3,2026-06-03 18:09:00,26.11,red,Deer Gaming,Ruddy Corporation,Nocturne,1
Benelux Ascend Series/2026 Season/Spring Playoffs_Semifinals_2_3,2026-06-03 18:57:00,26.11,blue,Mind Blue eSports,FUSE,Nocturne,1
Arabian League/2026 Season/Summer Promotion_Round 2_1_1,2026-06-04 17:23:00,26.11,red,JSK Esports,Pyramid IV Esports,Nocturne,1
LES/2026 Season/Spring Playoffs_Semifinals_2_4,2026-06-04 18:07:00,26.10,red,UCAM Esports,Movistar KOI Fénix,Senna,0
Circuito Desafiante/2026 Season/Split 2 Promotion_Round 1_3_1,2026-06-04 20:05:00,26.11,red,Kuma eSports B,Marere Invokers,Nocturne,0
NLC/2026 Season/Spring Playoffs_Finals_1_2,2026-06-05 17:00:00,26.11,red,Ruddy Corporation,Verdant,Nocturne,0
LES/2026 Season/Spring Playoffs_Finals_1_3,2026-06-05 17:53:00,26.10,blue,UCAM Esports,Team Heretics Academy,Senna,1
Benelux Ascend Series/2026 Season/Spring Playoffs_Finals_1_2,2026-06-05 17:59:00,26.11,blue,SNOOZE Esports,Mind Blue eSports,Nocturne,1
Circuito Desafiante/2026 Season/Split 2 Promotion_Round 2_2_1,2026-06-05 20:10:00,26.11,red,Marere Invokers,Barulhinhos,Nocturne,1
Nexus League/2026 Season/Spring Playoffs_Round 2_1_3,2026-06-06 11:58:00,26.10,red,Project Conquerors,Caldya Esport,Senna,1
Road Of Legends/2026 Season/Spring Playoffs_Finals_1_3,2026-06-06 17:49:00,26.11,blue,Frites Esports Club,mCon esports,Nocturne,1
LCS/2026 Season/Spring Playoffs_Round 2_1_1,2026-06-06 20:09:00,26.11,blue,FlyQuest,Team Liquid,Nocturne,0
LCK/2026 Season/Road to MSI_Round 2_1_3,2026-06-07 09:56:00,26.11,red,KT Rolster,Dplus Kia,Nocturne,1
Nexus League/2026 Season/Spring Playoffs_Finals_1_2,2026-06-07 10:58:00,26.10,blue,Project Conquerors,Karmine Corp Blue Stars,Senna,1
LCP/2026 Season/Split 2 Playoffs_Finals_1_4,2026-06-07 11:47:00,26.10,blue,Team Secret Whales,Deep Cross Gaming,Senna,1
Hitpoint 2nd Division Challengers/2026 Season/Spring Playoffs_Round 2_1_3,2026-06-07 12:00:00,26.10,red,Priority,Andromeda Gaming,Senna,0
LEC/2026 Season/Spring Playoffs_Finals_1_5,2026-06-07 18:59:00,26.10,blue,G2 Esports,Karmine Corp,Senna,1
LCS/2026 Season/Spring Playoffs_Round 2_2_1,2026-06-07 20:11:00,26.11,red,Cloud9,LYON (2024 American Team),Nocturne,0
LPL/2026 Season/Split 2 Playoffs_Round 3_1_2,2026-06-08 10:30:00,26.10,blue,Bilibili Gaming,Anyone's Legend,Senna,1
EMEA Masters/2026 Season/Spring Play-In_Round 1_5_1,2026-06-08 15:06:00,26.11,red,GOAL,mCon esports,Nocturne,1
EMEA Masters/2026 Season/Spring Play-In_Round 1_1_1,2026-06-08 15:12:00,26.11,red,Partizan Sangal,Karmine Corp Blue,Nocturne,0
EMEA Masters/2026 Season/Spring Play-In_Round 2_8_1,2026-06-08 16:32:00,26.11,blue,Partizan Sangal,Bubliki,Nocturne,1
EMEA Masters/2026 Season/Spring Play-In_Round 2_4_1,2026-06-08 16:35:00,26.11,blue,Bomba Team,Ruddy Corporation,Nocturne,0
EMEA Masters/2026 Season/Spring Play-In_Round 3_3_1,2026-06-08 18:04:00,26.11,red,Otter Side,Bomba Team,Nocturne,0
EMEA Masters/2026 Season/Spring Play-In_Round 3_4_1,2026-06-08 18:04:00,26.11,blue,Partizan Sangal,GOAL,Nocturne,1
EMEA Masters/2026 Season/Spring Play-In_Round 3_6_1,2026-06-08 18:05:00,26.11,red,FN Esports,Frites Esports Club,Nocturne,0
EMEA Masters/2026 Season/Spring Play-In_Round 4_3_1,2026-06-08 19:25:00,26.11,blue,Partizan Sangal,Ruddy Corporation,Nocturne,1
EMEA Masters/2026 Season/Spring Play-In_Round 5_2_1,2026-06-08 20:33:00,26.11,blue,GOAL,Nightbirds,Nocturne,1
Esports World Cup 2026/Online Qualifiers/South America_Round 2_1_3,2026-06-08 21:06:00,26.11,red,LØS,Vivo Keyd Stars,Nocturne,0
2026 Asia Masters_Day 2_2_2,2026-06-09 08:41:00,26.11,red,Bilibili Gaming Junior,T1 Esports Academy,Nocturne,0
EMEA Masters/2026 Season/Spring Play-In_Qualification Round_3_1,2026-06-09 16:55:00,26.11,blue,Karmine Corp Blue,Verdant,Nocturne,1
EMEA Masters/2026 Season/Spring Play-In_Qualification Round_4_2,2026-06-09 17:47:00,26.11,blue,Bomba Team,Frites Esports Club,Nocturne,1
Liga Regional Sur/2026 Season/Split 1 Playoffs_Finals_1_1,2026-06-09 20:07:00,26.11,red,Golden Lions,Volticons,Nocturne,0
EMEA Masters/2026 Season/Spring Main Event_Groups Day 1_2_1,2026-06-10 15:05:00,26.11,blue,HMBLE,UCAM Esports,Nocturne,1
EMEA Masters/2026 Season/Spring Main Event_Groups Day 1_6_3,2026-06-10 18:58:00,26.11,red,Forsaken (Polish Team),PCIFIC Esports,Nocturne,1
Esports World Cup 2026/Online Qualifiers/South America_Round 2_4_1,2026-06-10 21:23:00,26.11,red,paiN Gaming,LØS,Nocturne,0
2026 Asia Masters_Day 4_1_1,2026-06-11 06:08:00,26.11,blue,Saigon Warriors,Weibo Gaming Youth Team,Nocturne,1
EMEA Masters/2026 Season/Spring Main Event_Groups Day 2_2_3,2026-06-11 16:43:00,26.11,red,G2 NORD,Galions,Nocturne,0
EMEA Masters/2026 Season/Spring Main Event_Groups Day 2_6_1,2026-06-11 17:23:00,26.11,red,Karmine Corp Blue,PCIFIC Esports,Nocturne,1
Road Of Legends/2026 Season/Summer Promotion_Round 1_1_3,2026-06-11 17:51:00,26.11,red,SNOOZE Esports,ZennIT,Nocturne,1
EMEA Masters/2026 Season/Spring Main Event_Groups Day 2_8_2,2026-06-11 18:31:00,26.11,red,Partizan Sangal,WLGaming Esports,Nocturne,0
Esports World Cup 2026/Online Qualifiers/South America_Round 3_1_2,2026-06-11 22:14:00,26.11,blue,LOUD,LØS,Nocturne,0
2026 Asian Games/Qualifier_Day 1_1_1,2026-06-12 05:10:00,26.11,red,Malaysia (National Team),Hong Kong (National Team),Nocturne,0
LCK/2026 Season/Road to MSI_Round 3_1_2,2026-06-12 09:28:00,26.11,blue,T1,Hanwha Life Esports,Nocturne,1
2026 Asian Games/Qualifier_Day 1_7_1,2026-06-12 09:43:00,26.11,red,Hong Kong (National Team),Kyrgyzstan (National Team),Nocturne,1
VCS/2026 Season/Summer Playoffs_Round 1_2_3,2026-06-12 12:11:00,26.11,blue,ZEN Esports (Vietnamese Team),Saigon Dino,Nocturne,1
EMEA Masters/2026 Season/Spring Main Event_Groups Day 3_3_1,2026-06-12 18:13:00,26.11,red,Karmine Corp Blue,Forsaken (Polish Team),Nocturne,1
2026 Asian Games/Qualifier_Day 2_1_1,2026-06-13 05:10:00,26.11,blue,Pakistan (National Team),United Arab Emirates (National Team),Nocturne,0
LJL/2026 Season/Spring Series_Semifinals_1_2,2026-06-13 09:09:00,26.11,red,Arneb,Rising Gaming,Nocturne,0
VCS/2026 Season/Summer Playoffs_Round 2_1_1,2026-06-13 10:07:00,26.11,blue,ZEN Esports (Vietnamese Team),Saigon Warriors,Nocturne,0
Hitpoint 2nd Division Challengers/2026 Season/Spring Playoffs_Round 3_2_1,2026-06-13 10:30:00,26.11,blue,Priority,EXILE esports Academy,Nocturne,1
EMEA Masters/2026 Season/Spring Main Event_Quarterfinals_1_1,2026-06-13 15:02:00,26.11,red,UCAM Esports,Karmine Corp Blue,Nocturne,1
EMEA Masters/2026 Season/Spring Main Event_Quarterfinals_4_1,2026-06-13 15:02:00,26.11,blue,Galions,Misa Esports,Nocturne,1
EMEA Masters/2026 Season/Spring Main Event_Quarterfinals_3_2,2026-06-13 15:56:00,26.11,blue,Eintracht Spandau,Team Heretics Academy,Nocturne,1
EMEA Masters/2026 Season/Spring Main Event_Quarterfinals_2_3,2026-06-13 16:35:00,26.11,blue,Solary,G2 NORD,Nocturne,0
Esports World Cup 2026/Online Qualifiers/South America_Round 4_2_2,2026-06-13 17:03:00,26.11,blue,Vivo Keyd Stars,LØS,Nocturne,0
LCS/2026 Season/Spring Playoffs_Round 3_1_1,2026-06-13 20:15:00,26.11,red,Cloud9,Team Liquid,Nocturne,0
2026 Asian Games/Qualifier_Day 3_2_1,2026-06-14 05:09:00,26.11,red,Hong Kong (National Team),India (National Team),Nocturne,1
LCK/2026 Season/Road to MSI_Round 4_1_4,2026-06-14 09:36:00,26.11,blue,T1,Gen.G,Nocturne,0
VCS/2026 Season/Summer Playoffs_Round 1_3_1,2026-06-14 10:13:00,26.11,blue,Saigon Dino,SN CyberCore Esports,Nocturne,0
LPL/2026 Season/Split 2 Playoffs_Finals_1_3,2026-06-14 10:20:00,26.10,blue,Bilibili Gaming,Top Esports,Senna,1
2026 Asian Games/Qualifier_Day 3_9_1,2026-06-14 10:48:00,26.11,red,Saudi Arabia (National Team),India (National Team),Nocturne,1
LJL/2026 Season/Spring Series_Finals_1_5,2026-06-14 11:51:00,26.11,blue,FENNEL,Rising Gaming,Nocturne,1
Hitpoint 2nd Division Challengers/2026 Season/Spring Playoffs_Finals_1_4,2026-06-14 12:59:00,26.11,blue,Priority,Ethereal Enigmas,Nocturne,0
EMEA Masters/2026 Season/Spring Main Event_Semifinals_2_1,2026-06-14 15:00:00,26.11,blue,Galions,Eintracht Spandau,Nocturne,1
EMEA Masters/2026 Season/Spring Main Event_Semifinals_1_1,2026-06-14 15:01:00,26.11,red,UCAM Esports,Solary,Nocturne,0
LCS/2026 Season/Spring Playoffs_Finals_1_3,2026-06-14 22:24:00,26.11,blue,LYON (2024 American Team),Team Liquid,Nocturne,1
EMEA Masters/2026 Season/Spring Main Event_Finals_1_1,2026-06-15 15:01:00,26.11,red,Galions,Solary,Nocturne,1
