patch,patch_number,champion,patch_matches,picks,wins,bans,win_rate,smoothed_win_rate,pick_rate,ban_rate,presence_rate,op_score,op_rank,is_high_pro_presence_reference
26.11,2611,Orianna,400,54,22,257,0.4074074074074074,0.4152542372881356,0.135,0.6425,0.7775,0.5442499999999999,1,True
26.11,2611,Varus,400,58,30,223,0.5172413793103449,0.5158730158730159,0.145,0.5575,0.7025,0.5012738095238095,2,True
26.11,2611,Jarvan IV,400,89,47,165,0.5280898876404494,0.526595744680851,0.2225,0.4125,0.635,0.4604574468085106,3,True
26.11,2611,Nocturne,400,66,37,175,0.5606060606060606,0.5563380281690141,0.165,0.4375,0.6025,0.4555528169014085,4,True
26.11,2611,Cassiopeia,400,75,47,139,0.6266666666666667,0.61875,0.1875,0.3475,0.535,0.44575,5,True
26.11,2611,Bard,400,73,43,138,0.589041095890411,0.5833333333333334,0.1825,0.345,0.5275,0.41925,6,True
26.11,2611,Nautilus,400,101,48,132,0.4752475247524752,0.47641509433962265,0.2525,0.33,0.5825,0.40775,7,True
26.11,2611,Karma,400,72,32,156,0.4444444444444444,0.44805194805194803,0.18,0.39,0.57,0.39899999999999997,8,True
26.11,2611,Ezreal,400,118,61,72,0.5169491525423728,0.516260162601626,0.295,0.18,0.475,0.3422560975609756,9,True
26.11,2611,Rumble,400,100,46,75,0.46,0.46190476190476193,0.25,0.1875,0.4375,0.30624999999999997,10,True
26.11,2611,Sion,400,92,48,71,0.5217391304347826,0.520618556701031,0.23,0.1775,0.4075,0.2976211340206185,11,False
26.11,2611,Ryze,400,91,49,63,0.5384615384615384,0.5364583333333334,0.2275,0.1575,0.385,0.291375,12,False
26.11,2611,Caitlyn,400,63,33,94,0.5238095238095238,0.5220588235294118,0.1575,0.235,0.3925,0.28798529411764706,13,False
26.11,2611,Xin Zhao,400,81,38,83,0.4691358024691358,0.47093023255813954,0.2025,0.2075,0.41,0.287,14,False
26.11,2611,Akali,400,45,25,101,0.5555555555555556,0.55,0.1125,0.2525,0.365,0.28550000000000003,15,False
26.11,2611,Naafiri,400,57,34,73,0.5964912280701754,0.5887096774193549,0.1425,0.1825,0.325,0.2807258064516129,16,False
26.11,2611,Lee Sin,400,63,38,63,0.6031746031746031,0.5955882352941176,0.1575,0.1575,0.315,0.2778529411764705,17,False
26.11,2611,K'Sante,400,91,51,40,0.5604395604395604,0.5572916666666666,0.2275,0.1,0.3275,0.26362499999999994,18,False
26.11,2611,Seraphine,400,79,43,57,0.5443037974683544,0.5416666666666666,0.1975,0.1425,0.34,0.26299999999999996,19,False
26.11,2611,Anivia,400,49,29,72,0.5918367346938775,0.5833333333333334,0.1225,0.18,0.3025,0.26175000000000004,20,False
26.11,2611,Lucian,400,75,39,67,0.52,0.51875,0.1875,0.1675,0.355,0.25975,21,False
26.11,2611,Ashe,400,76,41,58,0.5394736842105263,0.5370370370370371,0.19,0.145,0.335,0.25672222222222224,22,False
26.11,2611,Wukong,400,87,46,42,0.5287356321839081,0.5271739130434783,0.2175,0.105,0.3225,0.24205434782608695,23,False
26.11,2611,Vi,400,68,32,67,0.47058823529411764,0.4726027397260274,0.17,0.1675,0.3375,0.23625,24,False
26.11,2611,Pantheon,400,65,27,66,0.4153846153846154,0.42142857142857143,0.1625,0.165,0.3275,0.22924999999999998,25,False
26.11,2611,Aurora,400,62,26,57,0.41935483870967744,0.4253731343283582,0.155,0.1425,0.2975,0.20825,26,False
26.11,2611,Jayce,400,63,29,54,0.4603174603174603,0.4632352941176471,0.1575,0.135,0.2925,0.20475,27,False
26.11,2611,Rakan,400,56,34,24,0.6071428571428571,0.5983606557377049,0.14,0.06,0.2,0.19901639344262292,28,False
26.11,2611,Gwen,400,16,12,28,0.75,0.6904761904761905,0.04,0.07,0.11,0.19128571428571428,29,False
26.11,2611,Viktor,400,65,32,42,0.49230769230769234,0.4928571428571429,0.1625,0.105,0.2675,0.18725,30,False
26.11,2611,Vayne,400,19,11,64,0.5789473684210527,0.5625,0.0475,0.16,0.2075,0.18275,31,False
26.11,2611,Ahri,400,66,32,38,0.48484848484848486,0.4859154929577465,0.165,0.095,0.26,0.182,32,False
26.11,2611,Milio,400,76,35,27,0.4605263157894737,0.46296296296296297,0.19,0.0675,0.2575,0.18025,33,False
26.11,2611,Gnar,400,62,27,40,0.43548387096774194,0.44029850746268656,0.155,0.1,0.255,0.1785,34,False
26.11,2611,Nami,400,6,6,0,1.0,0.7727272727272727,0.015,0.0,0.015,0.17413636363636362,35,False
26.11,2611,Olaf,400,16,11,34,0.6875,0.6428571428571429,0.04,0.085,0.125,0.17321428571428574,36,False
26.11,2611,Amumu,400,5,5,5,1.0,0.75,0.0125,0.0125,0.025,0.16749999999999998,37,False
26.11,2611,Blitzcrank,400,8,7,5,0.875,0.7307692307692307,0.02,0.0125,0.0325,0.16121153846153843,38,False
26.11,2611,Lulu,400,43,19,45,0.4418604651162791,0.4479166666666667,0.1075,0.1125,0.22,0.154,39,False
26.11,2611,LeBlanc,400,26,14,50,0.5384615384615384,0.532258064516129,0.065,0.125,0.19,0.1523548387096774,40,False
26.11,2611,Yunara,400,45,27,8,0.6,0.59,0.1125,0.02,0.1325,0.14675,41,False
26.11,2611,Alistar,400,47,27,13,0.574468085106383,0.5673076923076923,0.1175,0.0325,0.15,0.14538461538461536,42,False
26.11,2611,Zoe,400,8,6,22,0.75,0.6538461538461539,0.02,0.055,0.075,0.1448076923076923,43,False
26.11,2611,Renekton,400,47,26,17,0.5531914893617021,0.5480769230769231,0.1175,0.0425,0.16,0.14084615384615387,44,False
26.11,2611,Jhin,400,69,28,10,0.4057971014492754,0.41216216216216217,0.1725,0.025,0.1975,0.13824999999999998,45,False
26.11,2611,Ambessa,400,39,17,38,0.4358974358974359,0.4431818181818182,0.0975,0.095,0.1925,0.13474999999999998,46,False
26.11,2611,Nasus,400,11,8,12,0.7272727272727273,0.65625,0.0275,0.03,0.0575,0.134,47,False
26.11,2611,Annie,400,39,19,37,0.48717948717948717,0.48863636363636365,0.0975,0.0925,0.19,0.13299999999999998,48,False
26.11,2611,Neeko,400,45,22,30,0.4888888888888889,0.49,0.1125,0.075,0.1875,0.13124999999999998,49,False
26.11,2611,Ornn,400,38,22,13,0.5789473684210527,0.5697674418604651,0.095,0.0325,0.1275,0.13111046511627908,50,False
26.11,2611,Ziggs,400,18,12,12,0.6666666666666666,0.6304347826086957,0.045,0.03,0.075,0.1307608695652174,51,False
26.11,2611,Camille,400,11,8,9,0.7272727272727273,0.65625,0.0275,0.0225,0.05,0.12875,52,False
26.11,2611,Xayah,400,38,22,11,0.5789473684210527,0.5697674418604651,0.095,0.0275,0.1225,0.12761046511627908,53,False
26.11,2611,Trundle,400,41,20,30,0.4878048780487805,0.4891304347826087,0.1025,0.075,0.1775,0.12424999999999999,54,False
26.11,2611,Rell,400,59,24,10,0.4067796610169492,0.4140625,0.1475,0.025,0.1725,0.12074999999999998,55,False
26.11,2611,Skarner,400,36,18,32,0.5,0.5,0.09,0.08,0.17,0.119,56,False
26.11,2611,Sivir,400,48,23,17,0.4791666666666667,0.4811320754716981,0.12,0.0425,0.1625,0.11374999999999999,57,False
26.11,2611,Twisted Fate,400,27,15,18,0.5555555555555556,0.546875,0.0675,0.045,0.1125,0.106875,58,False
26.11,2611,Galio,400,34,17,27,0.5,0.5,0.085,0.0675,0.1525,0.10675,59,False
26.11,2611,Mel,400,28,12,33,0.42857142857142855,0.4393939393939394,0.07,0.0825,0.1525,0.10675,60,False
26.11,2611,Gragas,400,8,6,0,0.75,0.6538461538461539,0.02,0.0,0.02,0.10630769230769231,61,False
26.11,2611,Gangplank,400,5,4,3,0.8,0.65,0.0125,0.0075,0.02,0.10400000000000001,62,False
26.11,2611,Aatrox,400,32,17,18,0.53125,0.527027027027027,0.08,0.045,0.125,0.10371621621621618,63,False
26.11,2611,Morgana,400,5,4,1,0.8,0.65,0.0125,0.0025,0.015,0.1005,64,False
26.11,2611,Senna,400,46,22,11,0.4782608695652174,0.4803921568627451,0.115,0.0275,0.1425,0.09974999999999999,65,False
26.11,2611,Azir,400,15,9,16,0.6,0.575,0.0375,0.04,0.0775,0.09924999999999998,66,False
26.11,2611,Pyke,400,18,7,35,0.3888888888888889,0.41304347826086957,0.045,0.0875,0.1325,0.09275,67,False
26.11,2611,Miss Fortune,400,25,14,10,0.56,0.55,0.0625,0.025,0.0875,0.09125000000000003,68,False
26.11,2611,Heimerdinger,400,2,2,1,1.0,0.6428571428571429,0.005,0.0025,0.0075,0.09096428571428575,69,False
26.11,2611,Illaoi,400,4,3,6,0.75,0.6111111111111112,0.01,0.015,0.025,0.0841666666666667,70,False
26.11,2611,Taliyah,400,32,15,16,0.46875,0.47297297297297297,0.08,0.04,0.12,0.08399999999999999,71,False
26.11,2611,Yorick,400,27,10,20,0.37037037037037035,0.390625,0.0675,0.05,0.1175,0.08224999999999999,72,False
26.11,2611,Syndra,400,15,5,31,0.3333333333333333,0.375,0.0375,0.0775,0.115,0.0805,73,False
26.11,2611,Sylas,400,22,9,23,0.4090909090909091,0.42592592592592593,0.055,0.0575,0.1125,0.07875,74,False
26.11,2611,Kalista,400,8,5,8,0.625,0.5769230769230769,0.02,0.02,0.04,0.07415384615384613,75,False
26.11,2611,Kai'Sa,400,27,12,15,0.4444444444444444,0.453125,0.0675,0.0375,0.105,0.0735,76,False
26.11,2611,Leona,400,34,12,8,0.35294117647058826,0.3717948717948718,0.085,0.02,0.105,0.0735,77,False
26.11,2611,Poppy,400,17,9,17,0.5294117647058824,0.5227272727272727,0.0425,0.0425,0.085,0.07313636363636362,78,False
26.11,2611,Smolder,400,1,1,8,1.0,0.5833333333333334,0.0025,0.02,0.0225,0.06575000000000003,79,False
26.11,2611,Braum,400,16,7,21,0.4375,0.4523809523809524,0.04,0.0525,0.0925,0.06475,80,False
26.11,2611,Rengar,400,1,1,6,1.0,0.5833333333333334,0.0025,0.015,0.0175,0.06225000000000003,81,False
26.11,2611,Zaahen,400,23,10,10,0.43478260869565216,0.44642857142857145,0.0575,0.025,0.0825,0.057749999999999996,82,False
26.11,2611,Shen,400,22,11,10,0.5,0.5,0.055,0.025,0.08,0.055999999999999994,83,False
26.11,2611,Yone,400,15,7,17,0.4666666666666667,0.475,0.0375,0.0425,0.08,0.055999999999999994,84,False
26.11,2611,Fiddlesticks,400,1,1,1,1.0,0.5833333333333334,0.0025,0.0025,0.005,0.05350000000000002,85,False
26.11,2611,Malphite,400,13,5,17,0.38461538461538464,0.4166666666666667,0.0325,0.0425,0.075,0.0525,86,False
26.11,2611,Fizz,400,1,1,0,1.0,0.5833333333333334,0.0025,0.0,0.0025,0.051750000000000025,87,False
26.11,2611,Karthus,400,1,1,0,1.0,0.5833333333333334,0.0025,0.0,0.0025,0.051750000000000025,88,False
26.11,2611,Soraka,400,1,1,0,1.0,0.5833333333333334,0.0025,0.0,0.0025,0.051750000000000025,89,False
26.11,2611,Vel'Koz,400,1,1,0,1.0,0.5833333333333334,0.0025,0.0,0.0025,0.051750000000000025,90,False
26.11,2611,Sejuani,400,15,8,4,0.5333333333333333,0.525,0.0375,0.01,0.0475,0.04825000000000001,91,False
26.11,2611,Tristana,400,15,8,4,0.5333333333333333,0.525,0.0375,0.01,0.0475,0.04825000000000001,92,False
26.11,2611,Qiyana,400,5,3,4,0.6,0.55,0.0125,0.01,0.0225,0.04575000000000003,93,False
26.11,2611,Shyvana,400,5,3,3,0.6,0.55,0.0125,0.0075,0.02,0.044000000000000025,94,False
26.11,2611,Jax,400,17,8,8,0.47058823529411764,0.4772727272727273,0.0425,0.02,0.0625,0.04375,95,False
26.11,2611,Diana,400,3,2,0,0.6666666666666666,0.5625,0.0075,0.0,0.0075,0.042749999999999996,96,False
26.11,2611,Hwei,400,15,7,9,0.4666666666666667,0.475,0.0375,0.0225,0.06,0.041999999999999996,97,False
26.11,2611,Renata Glasc,400,9,5,1,0.5555555555555556,0.5357142857142857,0.0225,0.0025,0.025,0.03892857142857142,98,False
26.11,2611,Corki,400,20,10,1,0.5,0.5,0.05,0.0025,0.0525,0.03675,99,False
26.11,2611,Yuumi,400,6,2,14,0.3333333333333333,0.4090909090909091,0.015,0.035,0.05,0.034999999999999996,100,False
26.11,2611,Maokai,400,14,4,5,0.2857142857142857,0.34210526315789475,0.035,0.0125,0.0475,0.033249999999999995,101,False
26.11,2611,Irelia,400,8,4,9,0.5,0.5,0.02,0.0225,0.0425,0.02975,102,False
26.11,2611,Viego,400,11,4,6,0.36363636363636365,0.40625,0.0275,0.015,0.0425,0.02975,103,False
26.11,2611,Dr. Mundo,400,12,4,5,0.3333333333333333,0.38235294117647056,0.03,0.0125,0.0425,0.02975,104,False
26.11,2611,Kha'Zix,400,6,1,10,0.16666666666666666,0.3181818181818182,0.015,0.025,0.04,0.027999999999999997,105,False
26.11,2611,Ivern,400,4,2,10,0.5,0.5,0.01,0.025,0.035,0.0245,106,False
26.11,2611,Rek'Sai,400,12,6,2,0.5,0.5,0.03,0.005,0.035,0.0245,107,False
26.11,2611,Lissandra,400,10,4,4,0.4,0.43333333333333335,0.025,0.01,0.035,0.0245,108,False
26.11,2611,Zeri,400,8,1,4,0.125,0.2692307692307692,0.02,0.01,0.03,0.020999999999999998,109,False
26.11,2611,Fiora,400,4,2,7,0.5,0.5,0.01,0.0175,0.0275,0.01925,110,False
26.11,2611,Kennen,400,7,3,3,0.42857142857142855,0.4583333333333333,0.0175,0.0075,0.025,0.017499999999999998,111,False
26.11,2611,Lux,400,10,3,0,0.3,0.36666666666666664,0.025,0.0,0.025,0.017499999999999998,112,False
26.11,2611,Aphelios,400,8,2,2,0.25,0.34615384615384615,0.02,0.005,0.025,0.017499999999999998,113,False
26.11,2611,Jinx,400,9,3,0,0.3333333333333333,0.39285714285714285,0.0225,0.0,0.0225,0.01575,114,False
26.11,2611,Kassadin,400,2,0,7,0.0,0.35714285714285715,0.005,0.0175,0.0225,0.01575,115,False
26.11,2611,Mordekaiser,400,5,1,4,0.2,0.35,0.0125,0.01,0.0225,0.01575,116,False
26.11,2611,Vex,400,4,2,4,0.5,0.5,0.01,0.01,0.02,0.013999999999999999,117,False
26.11,2611,Cho'Gath,400,6,2,2,0.3333333333333333,0.4090909090909091,0.015,0.005,0.02,0.013999999999999999,118,False
26.11,2611,Volibear,400,3,0,5,0.0,0.3125,0.0075,0.0125,0.02,0.013999999999999999,119,False
26.11,2611,Zyra,400,7,1,1,0.14285714285714285,0.2916666666666667,0.0175,0.0025,0.02,0.013999999999999999,120,False
26.11,2611,Thresh,400,4,1,3,0.25,0.3888888888888889,0.01,0.0075,0.0175,0.01225,121,False
26.11,2611,Graves,400,1,0,5,0.0,0.4166666666666667,0.0025,0.0125,0.015,0.010499999999999999,122,False
26.11,2611,Brand,400,6,2,0,0.3333333333333333,0.4090909090909091,0.015,0.0,0.015,0.010499999999999999,123,False
26.11,2611,Kog'Maw,400,6,2,0,0.3333333333333333,0.4090909090909091,0.015,0.0,0.015,0.010499999999999999,124,False
26.11,2611,Bel'Veth,400,4,1,2,0.25,0.3888888888888889,0.01,0.005,0.015,0.010499999999999999,125,False
26.11,2611,Kayle,400,2,1,3,0.5,0.5,0.005,0.0075,0.0125,0.008749999999999999,126,False
26.11,2611,Lillia,400,2,1,3,0.5,0.5,0.005,0.0075,0.0125,0.008749999999999999,127,False
26.11,2611,Udyr,400,4,2,1,0.5,0.5,0.01,0.0025,0.0125,0.008749999999999999,128,False
26.11,2611,Yasuo,400,5,2,0,0.4,0.45,0.0125,0.0,0.0125,0.008749999999999999,129,False
26.11,2611,Kled,400,3,1,2,0.3333333333333333,0.4375,0.0075,0.005,0.0125,0.008749999999999999,130,False
26.11,2611,Vladimir,400,4,1,1,0.25,0.3888888888888889,0.01,0.0025,0.0125,0.008749999999999999,131,False
26.11,2611,Zilean,400,4,1,1,0.25,0.3888888888888889,0.01,0.0025,0.0125,0.008749999999999999,132,False
26.11,2611,Aurelion Sol,400,2,0,3,0.0,0.35714285714285715,0.005,0.0075,0.0125,0.008749999999999999,133,False
26.11,2611,Veigar,400,5,1,0,0.2,0.35,0.0125,0.0,0.0125,0.008749999999999999,134,False
26.11,2611,Xerath,400,5,0,0,0.0,0.25,0.0125,0.0,0.0125,0.008749999999999999,135,False
26.11,2611,Darius,400,4,2,0,0.5,0.5,0.01,0.0,0.01,0.006999999999999999,136,False
26.11,2611,Elise,400,2,1,2,0.5,0.5,0.005,0.005,0.01,0.006999999999999999,137,False
26.11,2611,Malzahar,400,4,2,0,0.5,0.5,0.01,0.0,0.01,0.006999999999999999,138,False
26.11,2611,Zed,400,2,1,2,0.5,0.5,0.005,0.005,0.01,0.006999999999999999,139,False
26.11,2611,Garen,400,3,1,1,0.3333333333333333,0.4375,0.0075,0.0025,0.01,0.006999999999999999,140,False
26.11,2611,Tahm Kench,400,4,1,0,0.25,0.3888888888888889,0.01,0.0,0.01,0.006999999999999999,141,False
26.11,2611,Hecarim,400,1,0,2,0.0,0.4166666666666667,0.0025,0.005,0.0075,0.0052499999999999995,142,False
26.11,2611,Katarina,400,1,0,2,0.0,0.4166666666666667,0.0025,0.005,0.0075,0.0052499999999999995,143,False
26.11,2611,Master Yi,400,1,0,2,0.0,0.4166666666666667,0.0025,0.005,0.0075,0.0052499999999999995,144,False
26.11,2611,Samira,400,1,0,2,0.0,0.4166666666666667,0.0025,0.005,0.0075,0.0052499999999999995,145,False
26.11,2611,Ekko,400,1,0,1,0.0,0.4166666666666667,0.0025,0.0025,0.005,0.0034999999999999996,146,False
26.11,2611,Tryndamere,400,1,0,1,0.0,0.4166666666666667,0.0025,0.0025,0.005,0.0034999999999999996,147,False
26.11,2611,Kindred,400,2,0,0,0.0,0.35714285714285715,0.005,0.0,0.005,0.0034999999999999996,148,False
26.11,2611,Swain,400,2,0,0,0.0,0.35714285714285715,0.005,0.0,0.005,0.0034999999999999996,149,False
26.11,2611,Taric,400,2,0,0,0.0,0.35714285714285715,0.005,0.0,0.005,0.0034999999999999996,150,False
26.11,2611,Twitch,400,2,0,0,0.0,0.35714285714285715,0.005,0.0,0.005,0.0034999999999999996,151,False
26.11,2611,Janna,400,0,0,1,,0.5,0.0,0.0025,0.0025,0.0017499999999999998,152,False
26.11,2611,Akshan,400,1,0,0,0.0,0.4166666666666667,0.0025,0.0,0.0025,0.0017499999999999998,153,False
26.11,2611,Draven,400,1,0,0,0.0,0.4166666666666667,0.0025,0.0,0.0025,0.0017499999999999998,154,False
26.11,2611,Nidalee,400,1,0,0,0.0,0.4166666666666667,0.0025,0.0,0.0025,0.0017499999999999998,155,False
26.11,2611,Quinn,400,1,0,0,0.0,0.4166666666666667,0.0025,0.0,0.0025,0.0017499999999999998,156,False
26.11,2611,Shaco,400,1,0,0,0.0,0.4166666666666667,0.0025,0.0,0.0025,0.0017499999999999998,157,False
26.11,2611,Sona,400,1,0,0,0.0,0.4166666666666667,0.0025,0.0,0.0025,0.0017499999999999998,158,False
26.11,2611,Zac,400,1,0,0,0.0,0.4166666666666667,0.0025,0.0,0.0025,0.0017499999999999998,159,False
26.10,2610,Orianna,804,117,56,484,0.47863247863247865,0.47950819672131145,0.1455223880597015,0.6019900497512438,0.7475124378109452,0.5232587064676616,1,True
26.10,2610,Varus,804,111,57,436,0.5135135135135135,0.5129310344827587,0.13805970149253732,0.5422885572139303,0.6803482587064676,0.4840024017841825,2,True
26.10,2610,Nocturne,804,100,62,370,0.62,0.6142857142857143,0.12437810945273632,0.4601990049751244,0.5845771144278606,0.47777540867093105,3,True
26.10,2610,Jarvan IV,804,166,88,326,0.5301204819277109,0.5292397660818714,0.2064676616915423,0.4054726368159204,0.6119402985074627,0.4459020686043467,4,True
26.10,2610,Karma,804,140,59,342,0.42142857142857143,0.4241379310344828,0.17412935323383086,0.4253731343283582,0.599502487562189,0.41965174129353233,5,True
26.10,2610,Nautilus,804,180,83,267,0.46111111111111114,0.46216216216216216,0.22388059701492538,0.332089552238806,0.5559701492537313,0.3891791044776119,6,True
26.10,2610,Cassiopeia,804,138,81,208,0.5869565217391305,0.583916083916084,0.17164179104477612,0.25870646766169153,0.43034825870646765,0.3515934314441777,7,True
26.10,2610,Bard,804,159,90,189,0.5660377358490566,0.5640243902439024,0.19776119402985073,0.23507462686567165,0.43283582089552236,0.3413997087732071,8,True
26.10,2610,Ezreal,804,210,100,154,0.47619047619047616,0.47674418604651164,0.26119402985074625,0.19154228855721392,0.4527363184079602,0.3169154228855721,9,True
26.10,2610,Rumble,804,161,76,185,0.4720496894409938,0.47289156626506024,0.20024875621890548,0.2300995024875622,0.43034825870646765,0.3012437810945273,10,True
26.10,2610,Ashe,804,176,102,112,0.5795454545454546,0.5773480662983426,0.21890547263681592,0.13930348258706468,0.3582089552238806,0.29715510843572196,11,False
26.10,2610,Vayne,804,48,35,149,0.7291666666666666,0.7075471698113207,0.05970149253731343,0.1853233830845771,0.24502487562189054,0.29604571482211584,12,False
26.10,2610,Seraphine,804,176,99,121,0.5625,0.5607734806629834,0.21890547263681592,0.15049751243781095,0.3694029850746269,0.29504617795002885,13,False
26.10,2610,Lucian,804,144,73,188,0.5069444444444444,0.5067114093959731,0.1791044776119403,0.23383084577114427,0.4129353233830846,0.2930815720057431,14,False
26.10,2610,Xin Zhao,804,196,86,140,0.4387755102040816,0.44029850746268656,0.24378109452736318,0.17412935323383086,0.417910447761194,0.2925373134328358,15,False
26.10,2610,Ryze,804,174,91,119,0.5229885057471264,0.5223463687150838,0.21641791044776118,0.1480099502487562,0.3644278606965174,0.2685073237166124,16,False
26.10,2610,Anivia,804,104,62,135,0.5961538461538461,0.591743119266055,0.12935323383084577,0.16791044776119404,0.2972636815920398,0.2631304486740609,17,False
26.10,2610,Sion,804,175,86,127,0.49142857142857144,0.49166666666666664,0.21766169154228857,0.15796019900497513,0.3756218905472637,0.26293532338308456,18,False
26.10,2610,Caitlyn,804,142,74,141,0.5211267605633803,0.5204081632653061,0.17661691542288557,0.17537313432835822,0.35199004975124376,0.2586379327850543,19,False
26.10,2610,Vi,804,136,66,153,0.4852941176470588,0.4858156028368794,0.1691542288557214,0.19029850746268656,0.35945273631840796,0.25161691542288556,20,False
26.10,2610,Pantheon,804,134,58,152,0.43283582089552236,0.4352517985611511,0.16666666666666666,0.1890547263681592,0.35572139303482586,0.24900497512437808,21,False
26.10,2610,Akali,804,89,42,191,0.47191011235955055,0.4734042553191489,0.11069651741293532,0.23756218905472637,0.3482587064676617,0.24378109452736318,22,False
26.10,2610,Gnar,804,129,71,110,0.5503875968992248,0.5485074626865671,0.16044776119402984,0.13681592039800994,0.2972636815920398,0.23718905472636814,23,False
26.10,2610,Lee Sin,804,123,72,91,0.5853658536585366,0.58203125,0.15298507462686567,0.11318407960199005,0.26616915422885573,0.235537157960199,24,False
26.10,2610,Wukong,804,162,73,96,0.4506172839506173,0.45209580838323354,0.20149253731343283,0.11940298507462686,0.3208955223880597,0.22462686567164175,25,False
26.10,2610,Aurora,804,122,59,122,0.48360655737704916,0.484251968503937,0.1517412935323383,0.1517412935323383,0.3034825870646766,0.21243781094527361,26,False
26.10,2610,Naafiri,804,101,49,132,0.48514851485148514,0.4858490566037736,0.1256218905472637,0.16417910447761194,0.2898009950248756,0.20286069651741293,27,False
26.10,2610,Jayce,804,121,54,110,0.4462809917355372,0.44841269841269843,0.15049751243781095,0.13681592039800994,0.2873134328358209,0.2011194029850746,28,False
26.10,2610,Ambessa,804,123,54,101,0.43902439024390244,0.44140625,0.15298507462686567,0.1256218905472637,0.27860696517412936,0.19502487562189055,29,False
26.10,2610,Annie,804,107,56,98,0.5233644859813084,0.5223214285714286,0.13308457711442787,0.12189054726368159,0.25497512437810943,0.19187544420753375,30,False
26.10,2610,K'Sante,804,138,69,80,0.5,0.5,0.17164179104477612,0.09950248756218906,0.27114427860696516,0.1898009950248756,31,False
26.10,2610,Viktor,804,125,66,69,0.528,0.5269230769230769,0.15547263681592038,0.08582089552238806,0.24129353233830847,0.18505931879066206,32,False
26.10,2610,Lulu,804,130,61,70,0.46923076923076923,0.4703703703703704,0.16169154228855723,0.08706467661691543,0.24875621890547264,0.17412935323383083,33,False
26.10,2610,Irelia,804,15,12,27,0.8,0.725,0.018656716417910446,0.033582089552238806,0.05223880597014925,0.17156716417910445,34,False
26.10,2610,Rakan,804,66,44,23,0.6666666666666666,0.6549295774647887,0.08208955223880597,0.028606965174129355,0.11069651741293532,0.17044530866792795,35,False
26.10,2610,Ahri,804,116,58,77,0.5,0.5,0.14427860696517414,0.09577114427860696,0.24004975124378108,0.16803482587064675,36,False
26.10,2610,Nasus,804,14,11,25,0.7857142857142857,0.7105263157894737,0.017412935323383085,0.03109452736318408,0.048507462686567165,0.1602710133542812,37,False
26.10,2610,Neeko,804,109,53,73,0.48623853211009177,0.4868421052631579,0.13557213930348258,0.09079601990049752,0.2263681592039801,0.15845771144278606,38,False
26.10,2610,Renekton,804,119,55,53,0.46218487394957986,0.4637096774193548,0.1480099502487562,0.06592039800995025,0.21393034825870647,0.14975124378109453,39,False
26.10,2610,Lillia,804,4,4,5,1.0,0.7222222222222222,0.004975124378109453,0.006218905472636816,0.011194029850746268,0.14116915422885573,40,False
26.10,2610,Milio,804,146,72,16,0.4931506849315068,0.49337748344370863,0.18159203980099503,0.01990049751243781,0.20149253731343283,0.14104477611940297,41,False
26.10,2610,Skarner,804,97,49,59,0.5051546391752577,0.5049019607843137,0.12064676616915423,0.07338308457711443,0.19402985074626866,0.13876207199297627,42,False
26.10,2610,Jhin,804,119,52,38,0.4369747899159664,0.43951612903225806,0.1480099502487562,0.0472636815920398,0.19527363184079602,0.1366915422885572,43,False
26.10,2610,Poppy,804,24,16,36,0.6666666666666666,0.6379310344827587,0.029850746268656716,0.04477611940298507,0.07462686567164178,0.13499742665980444,44,False
26.10,2610,Yunara,804,120,56,33,0.4666666666666667,0.468,0.14925373134328357,0.041044776119402986,0.19029850746268656,0.13320895522388057,45,False
26.10,2610,Amumu,804,13,10,5,0.7692307692307693,0.6944444444444444,0.01616915422885572,0.006218905472636816,0.022388059701492536,0.1323383084577114,46,False
26.10,2610,LeBlanc,804,32,18,75,0.5625,0.5540540540540541,0.03980099502487562,0.09328358208955224,0.13308457711442787,0.12559163641253193,47,False
26.10,2610,Sivir,804,69,37,46,0.5362318840579711,0.5337837837837838,0.08582089552238806,0.05721393034825871,0.14303482587064675,0.12039464837972298,48,False
26.10,2610,Nami,804,103,51,33,0.49514563106796117,0.49537037037037035,0.1281094527363184,0.041044776119402986,0.1691542288557214,0.11840796019900497,49,False
26.10,2610,Gwen,804,42,22,79,0.5238095238095238,0.5212765957446809,0.05223880597014925,0.09825870646766169,0.15049751243781095,0.11811421615327619,50,False
26.10,2610,Vex,804,3,3,2,1.0,0.6875,0.0037313432835820895,0.0024875621890547263,0.006218905472636816,0.11685323383084575,51,False
26.10,2610,Zaahen,804,61,35,25,0.5737704918032787,0.5681818181818182,0.07587064676616916,0.03109452736318408,0.10696517412935323,0.1157847127996382,52,False
26.10,2610,Trundle,804,75,33,55,0.44,0.44375,0.09328358208955224,0.06840796019900497,0.16169154228855723,0.11318407960199005,53,False
26.10,2610,Twisted Fate,804,65,33,57,0.5076923076923077,0.5071428571428571,0.08084577114427861,0.0708955223880597,0.1517412935323383,0.11050461975835107,54,False
26.10,2610,Olaf,804,41,22,61,0.5365853658536586,0.532608695652174,0.05099502487562189,0.07587064676616916,0.12686567164179105,0.1083711875405581,55,False
26.10,2610,Galio,804,74,38,36,0.5135135135135135,0.5126582278481012,0.09203980099502487,0.04477611940298507,0.13681592039800994,0.10336608098746768,56,False
26.10,2610,Xayah,804,47,28,12,0.5957446808510638,0.5865384615384616,0.05845771144278607,0.014925373134328358,0.07338308457711443,0.10329123612705704,57,False
26.10,2610,Taliyah,804,67,35,36,0.5223880597014925,0.5208333333333334,0.08333333333333333,0.04477611940298507,0.1281094527363184,0.1021766169154229,58,False
26.10,2610,Alistar,804,53,30,22,0.5660377358490566,0.5603448275862069,0.06592039800995025,0.02736318407960199,0.09328358208955224,0.10150540401441066,59,False
26.10,2610,Xerath,804,5,4,8,0.8,0.65,0.006218905472636816,0.009950248756218905,0.01616915422885572,0.10131840796019902,60,False
26.10,2610,Aatrox,804,60,32,35,0.5333333333333333,0.5307692307692308,0.07462686567164178,0.043532338308457715,0.1181592039800995,0.10117298124760811,61,False
26.10,2610,Syndra,804,54,21,62,0.3888888888888889,0.3983050847457627,0.06716417910447761,0.07711442786069651,0.14427860696517414,0.1009950248756219,62,False
26.10,2610,Yorick,804,54,28,48,0.5185185185185185,0.5169491525423728,0.06716417910447761,0.05970149253731343,0.12686567164179105,0.09897546167467744,63,False
26.10,2610,Corki,804,79,41,22,0.5189873417721519,0.5178571428571429,0.09825870646766169,0.02736318407960199,0.1256218905472637,0.09864960909737032,64,False
26.10,2610,Qiyana,804,10,7,11,0.7,0.6333333333333333,0.012437810945273632,0.013681592039800995,0.026119402985074626,0.09828358208955221,65,False
26.10,2610,Kled,804,5,4,0,0.8,0.65,0.006218905472636816,0.0,0.006218905472636816,0.09435323383084578,66,False
26.10,2610,Ornn,804,57,30,27,0.5263157894736842,0.5241935483870968,0.0708955223880597,0.033582089552238806,0.1044776119402985,0.087650457390467,67,False
26.10,2610,Quinn,804,2,2,0,1.0,0.6428571428571429,0.0024875621890547263,0.0,0.0024875621890547263,0.08745557924662405,68,False
26.10,2610,Mel,804,54,23,46,0.42592592592592593,0.4322033898305085,0.06716417910447761,0.05721393034825871,0.12437810945273632,0.08706467661691542,69,False
26.10,2610,Rell,804,76,37,21,0.4868421052631579,0.4876543209876543,0.0945273631840796,0.026119402985074626,0.12064676616915423,0.08445273631840795,70,False
26.10,2610,Miss Fortune,804,70,33,25,0.4714285714285714,0.47333333333333333,0.08706467661691543,0.03109452736318408,0.1181592039800995,0.08271144278606965,71,False
26.10,2610,Soraka,804,7,5,1,0.7142857142857143,0.625,0.008706467661691543,0.0012437810945273632,0.009950248756218905,0.08196517412935322,72,False
26.10,2610,Azir,804,50,19,42,0.38,0.39090909090909093,0.06218905472636816,0.05223880597014925,0.11442786069651742,0.08009950248756219,73,False
26.10,2610,Graves,804,4,3,11,0.75,0.6111111111111112,0.004975124378109453,0.013681592039800995,0.018656716417910446,0.079726368159204,74,False
26.10,2610,Senna,804,56,30,12,0.5357142857142857,0.5327868852459017,0.06965174129353234,0.014925373134328358,0.0845771144278607,0.0788761112470435,75,False
26.10,2610,Shen,804,36,19,37,0.5277777777777778,0.524390243902439,0.04477611940298507,0.046019900497512436,0.09079601990049752,0.07819136027181169,76,False
26.10,2610,Swain,804,4,3,7,0.75,0.6111111111111112,0.004975124378109453,0.008706467661691543,0.013681592039800995,0.0762437810945274,77,False
26.10,2610,Jax,804,40,18,47,0.45,0.45555555555555555,0.04975124378109453,0.05845771144278607,0.10820895522388059,0.07574626865671641,78,False
26.10,2610,Sylas,804,47,21,37,0.44680851063829785,0.4519230769230769,0.05845771144278607,0.046019900497512436,0.1044776119402985,0.07313432835820895,79,False
26.10,2610,Riven,804,4,3,2,0.75,0.6111111111111112,0.004975124378109453,0.0024875621890547263,0.007462686567164179,0.07189054726368162,80,False
26.10,2610,Smolder,804,36,14,39,0.3888888888888889,0.4024390243902439,0.04477611940298507,0.048507462686567165,0.09328358208955224,0.06529850746268656,81,False
26.10,2610,Rengar,804,1,1,14,1.0,0.5833333333333334,0.0012437810945273632,0.017412935323383085,0.018656716417910446,0.06305970149253734,82,False
26.10,2610,Pyke,804,22,11,50,0.5,0.5,0.02736318407960199,0.06218905472636816,0.08955223880597014,0.0626865671641791,83,False
26.10,2610,Kai'Sa,804,46,23,24,0.5,0.5,0.05721393034825871,0.029850746268656716,0.08706467661691543,0.060945273631840796,84,False
26.10,2610,Braum,804,38,19,31,0.5,0.5,0.0472636815920398,0.03855721393034826,0.08582089552238806,0.06007462686567164,85,False
26.10,2610,Leona,804,46,19,22,0.41304347826086957,0.4215686274509804,0.05721393034825871,0.02736318407960199,0.0845771144278607,0.059203980099502486,86,False
26.10,2610,Lux,804,23,13,8,0.5652173913043478,0.5535714285714286,0.028606965174129355,0.009950248756218905,0.03855721393034826,0.05913290689410094,87,False
26.10,2610,Yone,804,36,18,28,0.5,0.5,0.04477611940298507,0.03482587064676617,0.07960199004975124,0.055721393034825865,88,False
26.10,2610,Malphite,804,31,14,33,0.45161290322580644,0.4583333333333333,0.03855721393034826,0.041044776119402986,0.07960199004975124,0.055721393034825865,89,False
26.10,2610,Kha'Zix,804,8,5,2,0.625,0.5769230769230769,0.009950248756218905,0.0024875621890547263,0.012437810945273632,0.054860313815537666,90,False
26.10,2610,Ziggs,804,28,14,34,0.5,0.5,0.03482587064676617,0.04228855721393035,0.07711442786069651,0.053980099502487555,91,False
26.10,2610,Diana,804,1,1,2,1.0,0.5833333333333334,0.0012437810945273632,0.0024875621890547263,0.0037313432835820895,0.052611940298507485,92,False
26.10,2610,Hwei,804,41,19,19,0.4634146341463415,0.4673913043478261,0.05099502487562189,0.0236318407960199,0.07462686567164178,0.052238805970149245,93,False
26.10,2610,Janna,804,1,1,1,1.0,0.5833333333333334,0.0012437810945273632,0.0012437810945273632,0.0024875621890547263,0.051741293532338334,94,False
26.10,2610,Ekko,804,1,1,0,1.0,0.5833333333333334,0.0012437810945273632,0.0,0.0012437810945273632,0.050870646766169175,95,False
26.10,2610,Nilah,804,1,1,0,1.0,0.5833333333333334,0.0012437810945273632,0.0,0.0012437810945273632,0.050870646766169175,96,False
26.10,2610,Twitch,804,1,1,0,1.0,0.5833333333333334,0.0012437810945273632,0.0,0.0012437810945273632,0.050870646766169175,97,False
26.10,2610,Zyra,804,14,8,8,0.5714285714285714,0.5526315789473685,0.017412935323383085,0.009950248756218905,0.02736318407960199,0.05073317622414247,98,False
26.10,2610,Maokai,804,45,21,11,0.4666666666666667,0.47,0.055970149253731345,0.013681592039800995,0.06965174129353234,0.04875621890547264,99,False
26.10,2610,Yuumi,804,25,11,29,0.44,0.45,0.03109452736318408,0.036069651741293535,0.06716417910447761,0.04701492537313433,100,False
26.10,2610,Tristana,804,33,12,16,0.36363636363636365,0.3815789473684211,0.041044776119402986,0.01990049751243781,0.060945273631840796,0.042661691542288556,101,False
26.10,2610,Kayn,804,3,2,1,0.6666666666666666,0.5625,0.0037313432835820895,0.0012437810945273632,0.004975124378109453,0.04098258706467661,102,False
26.10,2610,Samira,804,3,2,0,0.6666666666666666,0.5625,0.0037313432835820895,0.0,0.0037313432835820895,0.04011194029850746,103,False
26.10,2610,Urgot,804,3,2,0,0.6666666666666666,0.5625,0.0037313432835820895,0.0,0.0037313432835820895,0.04011194029850746,104,False
26.10,2610,Dr. Mundo,804,18,9,26,0.5,0.5,0.022388059701492536,0.03233830845771144,0.05472636815920398,0.038308457711442784,105,False
26.10,2610,Sejuani,804,31,16,3,0.5161290322580645,0.5138888888888888,0.03855721393034826,0.0037313432835820895,0.04228855721393035,0.03793532338308454,106,False
26.10,2610,Rek'Sai,804,21,11,9,0.5238095238095238,0.5192307692307693,0.026119402985074626,0.011194029850746268,0.03731343283582089,0.037657864523536186,107,False
26.10,2610,Darius,804,7,4,7,0.5714285714285714,0.5416666666666666,0.008706467661691543,0.008706467661691543,0.017412935323383085,0.03718905472636814,108,False
26.10,2610,Camille,804,27,7,15,0.25925925925925924,0.296875,0.033582089552238806,0.018656716417910446,0.05223880597014925,0.036567164179104474,109,False
26.10,2610,Gangplank,804,5,3,2,0.6,0.55,0.006218905472636816,0.0024875621890547263,0.008706467661691543,0.03609452736318411,110,False
26.10,2610,Blitzcrank,804,7,4,5,0.5714285714285714,0.5416666666666666,0.008706467661691543,0.006218905472636816,0.014925373134328358,0.03544776119402983,111,False
26.10,2610,Zeri,804,33,14,6,0.42424242424242425,0.4342105263157895,0.041044776119402986,0.007462686567164179,0.048507462686567165,0.03395522388059701,112,False
26.10,2610,Elise,804,9,5,5,0.5555555555555556,0.5357142857142857,0.011194029850746268,0.006218905472636816,0.017412935323383085,0.03361762615493958,113,False
26.10,2610,Nidalee,804,9,5,5,0.5555555555555556,0.5357142857142857,0.011194029850746268,0.006218905472636816,0.017412935323383085,0.03361762615493958,114,False
26.10,2610,Aphelios,804,25,12,12,0.48,0.48333333333333334,0.03109452736318408,0.014925373134328358,0.046019900497512436,0.0322139303482587,115,False
26.10,2610,Kalista,804,16,6,19,0.375,0.40476190476190477,0.01990049751243781,0.0236318407960199,0.043532338308457715,0.030472636815920398,116,False
26.10,2610,Veigar,804,17,9,2,0.5294117647058824,0.5227272727272727,0.021144278606965175,0.0024875621890547263,0.0236318407960199,0.030178652193577554,117,False
26.10,2610,Jinx,804,25,11,6,0.44,0.45,0.03109452736318408,0.007462686567164179,0.03855721393034826,0.026990049751243778,118,False
26.10,2610,Fiora,804,12,6,18,0.5,0.5,0.014925373134328358,0.022388059701492536,0.03731343283582089,0.026119402985074622,119,False
26.10,2610,Zoe,804,9,3,21,0.3333333333333333,0.39285714285714285,0.011194029850746268,0.026119402985074626,0.03731343283582089,0.026119402985074622,120,False
26.10,2610,Draven,804,8,4,21,0.5,0.5,0.009950248756218905,0.026119402985074626,0.036069651741293535,0.025248756218905474,121,False
26.10,2610,Viego,804,9,4,18,0.4444444444444444,0.4642857142857143,0.011194029850746268,0.022388059701492536,0.033582089552238806,0.023507462686567164,122,False
26.10,2610,Cho'Gath,804,11,4,15,0.36363636363636365,0.40625,0.013681592039800995,0.018656716417910446,0.03233830845771144,0.02263681592039801,123,False
26.10,2610,Shyvana,804,18,6,7,0.3333333333333333,0.3695652173913043,0.022388059701492536,0.008706467661691543,0.03109452736318408,0.021766169154228854,124,False
26.10,2610,Gragas,804,17,8,7,0.47058823529411764,0.4772727272727273,0.021144278606965175,0.008706467661691543,0.029850746268656716,0.0208955223880597,125,False
26.10,2610,Kog'Maw,804,15,6,8,0.4,0.425,0.018656716417910446,0.009950248756218905,0.028606965174129355,0.020024875621890547,126,False
26.10,2610,Yasuo,804,11,4,9,0.36363636363636365,0.40625,0.013681592039800995,0.011194029850746268,0.024875621890547265,0.017412935323383085,127,False
26.10,2610,Kennen,804,10,5,9,0.5,0.5,0.012437810945273632,0.011194029850746268,0.0236318407960199,0.01654228855721393,128,False
26.10,2610,Ivern,804,4,2,14,0.5,0.5,0.004975124378109453,0.017412935323383085,0.022388059701492536,0.015671641791044775,129,False
26.10,2610,Mordekaiser,804,13,4,4,0.3076923076923077,0.3611111111111111,0.01616915422885572,0.004975124378109453,0.021144278606965175,0.014800995024875621,130,False
26.10,2610,Thresh,804,13,4,4,0.3076923076923077,0.3611111111111111,0.01616915422885572,0.004975124378109453,0.021144278606965175,0.014800995024875621,131,False
26.10,2610,Lissandra,804,12,4,4,0.3333333333333333,0.38235294117647056,0.014925373134328358,0.004975124378109453,0.01990049751243781,0.013930348258706466,132,False
26.10,2610,Renata Glasc,804,11,4,4,0.36363636363636365,0.40625,0.013681592039800995,0.004975124378109453,0.018656716417910446,0.013059701492537311,133,False
26.10,2610,Zed,804,8,2,7,0.25,0.34615384615384615,0.009950248756218905,0.008706467661691543,0.018656716417910446,0.013059701492537311,134,False
26.10,2610,Vladimir,804,7,3,7,0.42857142857142855,0.4583333333333333,0.008706467661691543,0.008706467661691543,0.017412935323383085,0.01218905472636816,135,False
26.10,2610,Brand,804,7,1,6,0.14285714285714285,0.2916666666666667,0.008706467661691543,0.007462686567164179,0.01616915422885572,0.011318407960199004,136,False
26.10,2610,Volibear,804,8,4,4,0.5,0.5,0.009950248756218905,0.004975124378109453,0.014925373134328358,0.01044776119402985,137,False
26.10,2610,Malzahar,804,11,5,1,0.45454545454545453,0.46875,0.013681592039800995,0.0012437810945273632,0.014925373134328358,0.01044776119402985,138,False
26.10,2610,Garen,804,0,0,11,,0.5,0.0,0.013681592039800995,0.013681592039800995,0.009577114427860696,139,False
26.10,2610,Bel'Veth,804,5,2,6,0.4,0.45,0.006218905472636816,0.007462686567164179,0.013681592039800995,0.009577114427860696,140,False
26.10,2610,Kayle,804,5,2,5,0.4,0.45,0.006218905472636816,0.006218905472636816,0.012437810945273632,0.008706467661691543,141,False
26.10,2610,Kindred,804,8,0,2,0.0,0.19230769230769232,0.009950248756218905,0.0024875621890547263,0.012437810945273632,0.008706467661691543,142,False
26.10,2610,Zac,804,4,2,5,0.5,0.5,0.004975124378109453,0.006218905472636816,0.011194029850746268,0.007835820895522387,143,False
26.10,2610,Udyr,804,2,1,6,0.5,0.5,0.0024875621890547263,0.007462686567164179,0.009950248756218905,0.006965174129353233,144,False
26.10,2610,Talon,804,2,1,5,0.5,0.5,0.0024875621890547263,0.006218905472636816,0.008706467661691543,0.00609452736318408,145,False
26.10,2610,Aurelion Sol,804,1,0,6,0.0,0.4166666666666667,0.0012437810945273632,0.007462686567164179,0.008706467661691543,0.00609452736318408,146,False
26.10,2610,Morgana,804,4,1,3,0.25,0.3888888888888889,0.004975124378109453,0.0037313432835820895,0.008706467661691543,0.00609452736318408,147,False
26.10,2610,Taric,804,1,0,5,0.0,0.4166666666666667,0.0012437810945273632,0.006218905472636816,0.007462686567164179,0.005223880597014925,148,False
26.10,2610,Tahm Kench,804,5,0,1,0.0,0.25,0.006218905472636816,0.0012437810945273632,0.007462686567164179,0.005223880597014925,149,False
26.10,2610,Karthus,804,4,2,1,0.5,0.5,0.004975124378109453,0.0012437810945273632,0.006218905472636816,0.004353233830845771,150,False
26.10,2610,Kassadin,804,2,1,3,0.5,0.5,0.0024875621890547263,0.0037313432835820895,0.006218905472636816,0.004353233830845771,151,False
26.10,2610,Singed,804,1,0,4,0.0,0.4166666666666667,0.0012437810945273632,0.004975124378109453,0.006218905472636816,0.004353233830845771,152,False
26.10,2610,Illaoi,804,3,1,1,0.3333333333333333,0.4375,0.0037313432835820895,0.0012437810945273632,0.004975124378109453,0.0034825870646766166,153,False
26.10,2610,Tryndamere,804,3,0,1,0.0,0.3125,0.0037313432835820895,0.0012437810945273632,0.004975124378109453,0.0034825870646766166,154,False
26.10,2610,Hecarim,804,3,1,0,0.3333333333333333,0.4375,0.0037313432835820895,0.0,0.0037313432835820895,0.0026119402985074623,155,False
26.10,2610,Shaco,804,1,0,2,0.0,0.4166666666666667,0.0012437810945273632,0.0024875621890547263,0.0037313432835820895,0.0026119402985074623,156,False
26.10,2610,Fizz,804,2,1,0,0.5,0.5,0.0024875621890547263,0.0,0.0024875621890547263,0.0017412935323383083,157,False
26.10,2610,Master Yi,804,2,1,0,0.5,0.5,0.0024875621890547263,0.0,0.0024875621890547263,0.0017412935323383083,158,False
26.10,2610,Sett,804,2,1,0,0.5,0.5,0.0024875621890547263,0.0,0.0024875621890547263,0.0017412935323383083,159,False
26.10,2610,Teemo,804,2,1,0,0.5,0.5,0.0024875621890547263,0.0,0.0024875621890547263,0.0017412935323383083,160,False
26.10,2610,Zilean,804,1,0,1,0.0,0.4166666666666667,0.0012437810945273632,0.0012437810945273632,0.0024875621890547263,0.0017412935323383083,161,False
26.10,2610,Sona,804,1,0,0,0.0,0.4166666666666667,0.0012437810945273632,0.0,0.0012437810945273632,0.0008706467661691541,162,False
26.09,2609,Orianna,813,109,56,573,0.5137614678899083,0.5131578947368421,0.13407134071340712,0.7047970479704797,0.8388683886838868,0.595102608920826,1,True
26.09,2609,Karma,813,154,75,378,0.487012987012987,0.48742138364779874,0.18942189421894218,0.46494464944649444,0.6543665436654367,0.4580565805658056,2,True
26.09,2609,Jarvan IV,813,212,111,299,0.5235849056603774,0.5230414746543779,0.2607626076260763,0.3677736777367774,0.6285362853628537,0.45380028454662424,3,True
26.09,2609,Varus,813,110,52,411,0.4727272727272727,0.47391304347826085,0.13530135301353013,0.5055350553505535,0.6408364083640836,0.4485854858548585,4,True
26.09,2609,Rumble,813,168,88,315,0.5238095238095238,0.523121387283237,0.2066420664206642,0.3874538745387454,0.5940959409594095,0.4297399910415288,5,True
26.09,2609,Nocturne,813,121,60,346,0.49586776859504134,0.49603174603174605,0.14883148831488316,0.42558425584255843,0.5744157441574416,0.4020910209102091,6,True
26.09,2609,Pantheon,813,184,98,254,0.532608695652174,0.5317460317460317,0.22632226322263221,0.3124231242312423,0.5387453874538746,0.3961693902653312,7,True
26.09,2609,Nautilus,813,147,71,304,0.48299319727891155,0.48355263157894735,0.18081180811808117,0.37392373923739236,0.5547355473554736,0.3883148831488315,8,True
26.09,2609,Ezreal,813,243,124,190,0.5102880658436214,0.5100806451612904,0.2988929889298893,0.23370233702337023,0.5325953259532595,0.3788651152640559,9,True
26.09,2609,Bard,813,201,112,182,0.5572139303482587,0.5558252427184466,0.24723247232472326,0.22386223862238622,0.4710947109471095,0.36326144329404453,10,True
26.09,2609,Xin Zhao,813,245,123,139,0.5020408163265306,0.502,0.3013530135301353,0.17097170971709716,0.47232472324723246,0.33182730627306267,11,False
26.09,2609,Akali,813,87,53,225,0.6091954022988506,0.6032608695652174,0.1070110701107011,0.2767527675276753,0.3837638376383764,0.33059120808599385,12,False
26.09,2609,Ryze,813,199,100,176,0.5025125628140703,0.5024509803921569,0.24477244772447723,0.21648216482164823,0.4612546125461255,0.32434881701758195,13,False
26.09,2609,Caitlyn,813,138,80,176,0.5797101449275363,0.5769230769230769,0.16974169741697417,0.21648216482164823,0.3862238622386224,0.3165105497208817,14,False
26.09,2609,Vi,813,153,86,158,0.5620915032679739,0.560126582278481,0.1881918819188192,0.1943419434194342,0.38253382533825336,0.3038496271038659,15,False
26.09,2609,Ashe,813,162,89,152,0.5493827160493827,0.5479041916167665,0.1992619926199262,0.18696186961869618,0.3862238622386224,0.29909921853709553,16,False
26.09,2609,Seraphine,813,170,90,149,0.5294117647058824,0.5285714285714286,0.2091020910209102,0.18327183271832717,0.3923739237392374,0.2918046037603233,17,False
26.09,2609,Aurora,813,162,73,158,0.4506172839506173,0.45209580838323354,0.1992619926199262,0.1943419434194342,0.3936039360393604,0.27552275522755226,18,False
26.09,2609,Lucian,813,172,90,129,0.5232558139534884,0.5225988700564972,0.2115621156211562,0.15867158671586715,0.37023370233702335,0.27272291366981466,19,False
26.09,2609,Sion,813,186,97,115,0.521505376344086,0.5209424083769634,0.22878228782287824,0.14145141451414514,0.37023370233702335,0.27172903666209436,20,False
26.09,2609,Gnar,813,165,89,88,0.5393939393939394,0.538235294117647,0.2029520295202952,0.10824108241082411,0.3111931119311193,0.24077635482237172,21,False
26.09,2609,Anivia,813,105,62,108,0.5904761904761905,0.5863636363636363,0.12915129151291513,0.13284132841328414,0.26199261992619927,0.23521301576652126,22,False
26.09,2609,Ahri,813,129,68,106,0.5271317829457365,0.5261194029850746,0.15867158671586715,0.13038130381303814,0.2890528905289053,0.2180086651612785,23,False
26.09,2609,Jayce,813,127,60,126,0.47244094488188976,0.4734848484848485,0.15621156211562115,0.15498154981549817,0.3111931119311193,0.2178351783517835,24,False
26.09,2609,Annie,813,126,66,105,0.5238095238095238,0.5229007633587787,0.15498154981549817,0.12915129151291513,0.28413284132841327,0.21263344694515646,25,False
26.09,2609,K'Sante,813,159,67,83,0.42138364779874216,0.42378048780487804,0.19557195571955718,0.10209102091020911,0.2976629766297663,0.20836408364083642,26,False
26.09,2609,Vayne,813,49,29,127,0.5918367346938775,0.5833333333333334,0.06027060270602706,0.15621156211562115,0.21648216482164823,0.20153751537515377,27,False
26.09,2609,Lulu,813,153,70,80,0.45751633986928103,0.4588607594936709,0.1881918819188192,0.0984009840098401,0.2865928659286593,0.2006150061500615,28,False
26.09,2609,Naafiri,813,113,55,106,0.48672566371681414,0.4872881355932203,0.13899138991389914,0.13038130381303814,0.2693726937269373,0.1885608856088561,29,False
26.09,2609,Viktor,813,137,65,82,0.4744525547445255,0.4753521126760563,0.16851168511685116,0.1008610086100861,0.2693726937269373,0.1885608856088561,30,False
26.09,2609,Ambessa,813,99,42,116,0.42424242424242425,0.42788461538461536,0.12177121771217712,0.14268142681426815,0.2644526445264453,0.1851168511685117,31,False
26.09,2609,Trundle,813,57,40,23,0.7017543859649122,0.6854838709677419,0.07011070110701106,0.028290282902829027,0.0984009840098401,0.1801710113875332,32,False
26.09,2609,Yunara,813,148,70,53,0.47297297297297297,0.4738562091503268,0.1820418204182042,0.06519065190651907,0.24723247232472326,0.17306273062730626,33,False
26.09,2609,Nami,813,148,72,52,0.4864864864864865,0.4869281045751634,0.1820418204182042,0.06396063960639606,0.24600246002460024,0.17220172201722017,34,False
26.09,2609,Neeko,813,115,55,84,0.4782608695652174,0.4791666666666667,0.14145141451414514,0.1033210332103321,0.24477244772447723,0.17134071340713405,35,False
26.09,2609,Milio,813,152,77,36,0.506578947368421,0.5063694267515924,0.18696186961869618,0.04428044280442804,0.23124231242312424,0.16569127474714238,36,False
26.09,2609,Twisted Fate,813,58,37,45,0.6379310344827587,0.626984126984127,0.07134071340713408,0.055350553505535055,0.12669126691266913,0.16487436302934455,37,False
26.09,2609,Wukong,813,122,51,62,0.4180327868852459,0.421259842519685,0.15006150061500614,0.07626076260762607,0.22632226322263221,0.15842558425584255,38,False
26.09,2609,Samira,813,5,5,0,1.0,0.75,0.006150061500615006,0.0,0.006150061500615006,0.1543050430504305,39,False
26.09,2609,Jhin,813,139,63,35,0.45323741007194246,0.4548611111111111,0.17097170971709716,0.04305043050430504,0.2140221402214022,0.14981549815498152,40,False
26.09,2609,Renekton,813,116,53,45,0.45689655172413796,0.45867768595041325,0.14268142681426815,0.055350553505535055,0.1980319803198032,0.13862238622386225,41,False
26.09,2609,Cassiopeia,813,86,45,59,0.5232558139534884,0.521978021978022,0.1057810578105781,0.07257072570725707,0.17835178351783518,0.13803306164929782,42,False
26.09,2609,Azir,813,72,30,88,0.4166666666666667,0.42207792207792205,0.08856088560885608,0.10824108241082411,0.1968019680196802,0.13776137761377613,43,False
26.09,2609,Kai'Sa,813,78,44,28,0.5641025641025641,0.5602409638554217,0.0959409594095941,0.03444034440344403,0.13038130381303814,0.1274114909823797,44,False
26.09,2609,Skarner,813,98,45,48,0.45918367346938777,0.46116504854368934,0.12054120541205413,0.05904059040590406,0.1795817958179582,0.12570725707257072,45,False
26.09,2609,Lee Sin,813,84,38,60,0.4523809523809524,0.4550561797752809,0.1033210332103321,0.07380073800738007,0.17712177121771217,0.12398523985239851,46,False
26.09,2609,Corki,813,104,49,34,0.47115384615384615,0.4724770642201835,0.12792127921279212,0.041820418204182044,0.16974169741697417,0.11881918819188192,47,False
26.09,2609,Lillia,813,6,5,4,0.8333333333333334,0.6818181818181818,0.007380073800738007,0.004920049200492005,0.012300123001230012,0.11770099519177006,48,False
26.09,2609,Gangplank,813,3,3,1,1.0,0.6875,0.0036900369003690036,0.0012300123001230013,0.004920049200492005,0.11594403444034439,49,False
26.09,2609,Ornn,813,74,39,43,0.527027027027027,0.5253164556962026,0.0910209102091021,0.05289052890528905,0.14391143911439114,0.11592788079779533,50,False
26.09,2609,Gwen,813,46,22,87,0.4782608695652174,0.4803921568627451,0.056580565805658053,0.1070110701107011,0.16359163591635917,0.1145141451414514,51,False
26.09,2609,LeBlanc,813,46,20,86,0.43478260869565216,0.4411764705882353,0.056580565805658053,0.1057810578105781,0.16236162361623616,0.1136531365313653,52,False
26.09,2609,Pyke,813,24,14,57,0.5833333333333334,0.5689655172413793,0.02952029520295203,0.07011070110701106,0.0996309963099631,0.11112100776180177,53,False
26.09,2609,Sivir,813,72,37,48,0.5138888888888888,0.512987012987013,0.08856088560885608,0.05904059040590406,0.14760147601476015,0.11111324100253989,54,False
26.09,2609,Syndra,813,55,28,67,0.509090909090909,0.5083333333333333,0.06765067650676507,0.08241082410824108,0.15006150061500614,0.11004305043050427,55,False
26.09,2609,Aatrox,813,66,36,30,0.5454545454545454,0.5422535211267606,0.08118081180811808,0.03690036900369004,0.11808118081180811,0.10800893924432205,56,False
26.09,2609,Malphite,813,25,16,18,0.64,0.6166666666666667,0.03075030750307503,0.02214022140221402,0.05289052890528905,0.10702337023370236,57,False
26.09,2609,Hwei,813,39,24,11,0.6153846153846154,0.6022727272727273,0.04797047970479705,0.013530135301353014,0.06150061500615006,0.10441406686794141,58,False
26.09,2609,Taliyah,813,69,30,41,0.43478260869565216,0.4391891891891892,0.08487084870848709,0.05043050430504305,0.13530135301353013,0.09471094710947109,59,False
26.09,2609,Soraka,813,5,4,0,0.8,0.65,0.006150061500615006,0.0,0.006150061500615006,0.09430504305043051,60,False
26.09,2609,Talon,813,2,2,3,1.0,0.6428571428571429,0.0024600246002460025,0.0036900369003690036,0.006150061500615006,0.09001932876471624,61,False
26.09,2609,Urgot,813,2,2,3,1.0,0.6428571428571429,0.0024600246002460025,0.0036900369003690036,0.006150061500615006,0.09001932876471624,62,False
26.09,2609,Sejuani,813,17,11,7,0.6470588235294118,0.6136363636363636,0.020910209102091022,0.008610086100861008,0.02952029520295203,0.08884602482388461,63,False
26.09,2609,Rell,813,63,30,40,0.47619047619047616,0.47794117647058826,0.07749077490774908,0.04920049200492005,0.12669126691266913,0.08868388683886838,64,False
26.09,2609,Tryndamere,813,2,2,0,1.0,0.6428571428571429,0.0024600246002460025,0.0,0.0024600246002460025,0.08743630293445795,65,False
26.09,2609,Vel'Koz,813,2,2,0,1.0,0.6428571428571429,0.0024600246002460025,0.0,0.0024600246002460025,0.08743630293445795,66,False
26.09,2609,Jax,813,34,19,27,0.5588235294117647,0.5512820512820513,0.041820418204182044,0.033210332103321034,0.07503075030750307,0.08329075598448293,67,False
26.09,2609,Leona,813,38,21,26,0.5526315789473685,0.5465116279069767,0.046740467404674045,0.03198031980319803,0.07872078720787208,0.08301152778969648,68,False
26.09,2609,Kog'Maw,813,9,6,11,0.6666666666666666,0.6071428571428571,0.01107011070110701,0.013530135301353014,0.024600246002460024,0.08150588648743627,69,False
26.09,2609,Yorick,813,52,23,42,0.4423076923076923,0.4473684210526316,0.06396063960639606,0.05166051660516605,0.11562115621156212,0.08093480934809348,70,False
26.09,2609,Rakan,813,58,28,34,0.4827586206896552,0.48412698412698413,0.07134071340713408,0.041820418204182044,0.11316113161131611,0.07921279212792127,71,False
26.09,2609,Kassadin,813,4,3,5,0.75,0.6111111111111112,0.004920049200492005,0.006150061500615006,0.01107011070110701,0.0744157441574416,72,False
26.09,2609,Zaahen,813,51,22,35,0.43137254901960786,0.4375,0.06273062730627306,0.04305043050430504,0.1057810578105781,0.07404674046740467,73,False
26.09,2609,Renata Glasc,813,16,10,3,0.625,0.5952380952380952,0.01968019680196802,0.0036900369003690036,0.023370233702337023,0.07350202073449305,74,False
26.09,2609,Morgana,813,4,3,1,0.75,0.6111111111111112,0.004920049200492005,0.0012300123001230013,0.006150061500615006,0.0709717097170972,75,False
26.09,2609,Olaf,813,25,14,22,0.56,0.55,0.03075030750307503,0.02706027060270603,0.05781057810578106,0.07046740467404677,76,False
26.09,2609,Kalista,813,21,12,19,0.5714285714285714,0.5576923076923077,0.025830258302583026,0.023370233702337023,0.04920049200492005,0.06905572901882866,77,False
26.09,2609,Mel,813,45,17,35,0.37777777777777777,0.39,0.055350553505535055,0.04305043050430504,0.0984009840098401,0.06888068880688807,78,False
26.09,2609,Alistar,813,50,25,29,0.5,0.5,0.06150061500615006,0.03567035670356704,0.0971709717097171,0.06801968019680196,79,False
26.09,2609,Smolder,813,47,20,29,0.425531914893617,0.4326923076923077,0.05781057810578106,0.03567035670356704,0.09348093480934809,0.06543665436654365,80,False
26.09,2609,Yone,813,33,18,15,0.5454545454545454,0.5394736842105263,0.04059040590405904,0.01845018450184502,0.05904059040590406,0.06501262381044863,81,False
26.09,2609,Kha'Zix,813,6,4,3,0.6666666666666666,0.5909090909090909,0.007380073800738007,0.0036900369003690036,0.01107011070110701,0.06229453203622947,82,False
26.09,2609,Dr. Mundo,813,33,17,30,0.5151515151515151,0.5131578947368421,0.04059040590405904,0.03690036900369004,0.07749077490774908,0.06213827927752964,83,False
26.09,2609,Galio,813,40,19,31,0.475,0.4777777777777778,0.04920049200492005,0.038130381303813035,0.08733087330873308,0.06113161131611315,84,False
26.09,2609,Irelia,813,16,9,20,0.5625,0.5476190476190477,0.01968019680196802,0.024600246002460024,0.04428044280442804,0.05956773853452823,85,False
26.09,2609,Nunu &amp; Willump,813,1,1,2,1.0,0.5833333333333334,0.0012300123001230013,0.0024600246002460025,0.0036900369003690036,0.052583025830258326,86,False
26.09,2609,Diana,813,1,1,1,1.0,0.5833333333333334,0.0012300123001230013,0.0012300123001230013,0.0024600246002460025,0.05172201722017222,87,False
26.09,2609,Sylas,813,33,13,27,0.3939393939393939,0.40789473684210525,0.04059040590405904,0.033210332103321034,0.07380073800738007,0.051660516605166046,88,False
26.09,2609,Janna,813,1,1,0,1.0,0.5833333333333334,0.0012300123001230013,0.0,0.0012300123001230013,0.05086100861008613,89,False
26.09,2609,Shaco,813,1,1,0,1.0,0.5833333333333334,0.0012300123001230013,0.0,0.0012300123001230013,0.05086100861008613,90,False
26.09,2609,Singed,813,1,1,0,1.0,0.5833333333333334,0.0012300123001230013,0.0,0.0012300123001230013,0.05086100861008613,91,False
26.09,2609,Sona,813,1,1,0,1.0,0.5833333333333334,0.0012300123001230013,0.0,0.0012300123001230013,0.05086100861008613,92,False
26.09,2609,Miss Fortune,813,43,15,15,0.3488372093023256,0.3645833333333333,0.05289052890528905,0.01845018450184502,0.07134071340713408,0.049938499384993854,93,False
26.09,2609,Aurelion Sol,813,7,4,17,0.5714285714285714,0.5416666666666666,0.008610086100861008,0.020910209102091022,0.02952029520295203,0.0456642066420664,94,False
26.09,2609,Xayah,813,36,15,15,0.4166666666666667,0.4268292682926829,0.04428044280442804,0.01845018450184502,0.06273062730627306,0.04391143911439114,95,False
26.09,2609,Shen,813,28,14,22,0.5,0.5,0.03444034440344403,0.02706027060270603,0.06150061500615006,0.04305043050430504,96,False
26.09,2609,Braum,813,27,12,23,0.4444444444444444,0.453125,0.033210332103321034,0.028290282902829027,0.06150061500615006,0.04305043050430504,97,False
26.09,2609,Tristana,813,19,10,10,0.5263157894736842,0.5208333333333334,0.023370233702337023,0.012300123001230012,0.03567035670356704,0.037469249692496945,98,False
26.09,2609,Zoe,813,15,6,28,0.4,0.425,0.01845018450184502,0.03444034440344403,0.05289052890528905,0.037023370233702335,99,False
26.09,2609,Nidalee,813,5,3,3,0.6,0.55,0.006150061500615006,0.0036900369003690036,0.00984009840098401,0.03688806888068883,100,False
26.09,2609,Zac,813,5,3,2,0.6,0.55,0.006150061500615006,0.0024600246002460025,0.008610086100861008,0.036027060270602734,101,False
26.09,2609,Tahm Kench,813,5,3,0,0.6,0.55,0.006150061500615006,0.0,0.006150061500615006,0.03430504305043053,102,False
26.09,2609,Aphelios,813,20,10,19,0.5,0.5,0.024600246002460024,0.023370233702337023,0.04797047970479705,0.03357933579335793,103,False
26.09,2609,Lux,813,11,6,5,0.5454545454545454,0.53125,0.013530135301353014,0.006150061500615006,0.01968019680196802,0.03252613776137761,104,False
26.09,2609,Poppy,813,21,7,14,0.3333333333333333,0.36538461538461536,0.025830258302583026,0.017220172201722016,0.04305043050430504,0.030135301353013528,105,False
26.09,2609,Ziggs,813,20,10,14,0.5,0.5,0.024600246002460024,0.017220172201722016,0.041820418204182044,0.02927429274292743,106,False
26.09,2609,Gragas,813,28,14,3,0.5,0.5,0.03444034440344403,0.0036900369003690036,0.038130381303813035,0.026691266912669123,107,False
26.09,2609,Yasuo,813,10,5,18,0.5,0.5,0.012300123001230012,0.02214022140221402,0.03444034440344403,0.02410824108241082,108,False
26.09,2609,Senna,813,21,9,7,0.42857142857142855,0.4423076923076923,0.025830258302583026,0.008610086100861008,0.03444034440344403,0.02410824108241082,109,False
26.09,2609,Kennen,813,17,7,9,0.4117647058823529,0.4318181818181818,0.020910209102091022,0.01107011070110701,0.03198031980319803,0.022386223862238618,110,False
26.09,2609,Qiyana,813,11,3,11,0.2727272727272727,0.34375,0.013530135301353014,0.013530135301353014,0.02706027060270603,0.01894218942189422,111,False
26.09,2609,Zed,813,10,5,11,0.5,0.5,0.012300123001230012,0.013530135301353014,0.025830258302583026,0.018081180811808116,112,False
26.09,2609,Zeri,813,18,8,3,0.4444444444444444,0.45652173913043476,0.02214022140221402,0.0036900369003690036,0.025830258302583026,0.018081180811808116,113,False
26.09,2609,Fiora,813,4,2,16,0.5,0.5,0.004920049200492005,0.01968019680196802,0.024600246002460024,0.017220172201722016,114,False
26.09,2609,Rek'Sai,813,15,7,5,0.4666666666666667,0.475,0.01845018450184502,0.006150061500615006,0.024600246002460024,0.017220172201722016,115,False
26.09,2609,Maokai,813,18,6,2,0.3333333333333333,0.3695652173913043,0.02214022140221402,0.0024600246002460025,0.024600246002460024,0.017220172201722016,116,False
26.09,2609,Lissandra,813,8,4,11,0.5,0.5,0.00984009840098401,0.013530135301353014,0.023370233702337023,0.016359163591635913,117,False
26.09,2609,Jinx,813,16,7,3,0.4375,0.4523809523809524,0.01968019680196802,0.0036900369003690036,0.023370233702337023,0.016359163591635913,118,False
26.09,2609,Vladimir,813,7,3,9,0.42857142857142855,0.4583333333333333,0.008610086100861008,0.01107011070110701,0.01968019680196802,0.013776137761377613,119,False
26.09,2609,Camille,813,14,5,2,0.35714285714285715,0.39473684210526316,0.017220172201722016,0.0024600246002460025,0.01968019680196802,0.013776137761377613,120,False
26.09,2609,Thresh,813,13,6,2,0.46153846153846156,0.4722222222222222,0.015990159901599015,0.0024600246002460025,0.01845018450184502,0.012915129151291511,121,False
26.09,2609,Cho'Gath,813,12,4,3,0.3333333333333333,0.38235294117647056,0.014760147601476014,0.0036900369003690036,0.01845018450184502,0.012915129151291511,122,False
26.09,2609,Yuumi,813,13,4,2,0.3076923076923077,0.3611111111111111,0.015990159901599015,0.0024600246002460025,0.01845018450184502,0.012915129151291511,123,False
26.09,2609,Shyvana,813,11,5,3,0.45454545454545453,0.46875,0.013530135301353014,0.0036900369003690036,0.017220172201722016,0.01205412054120541,124,False
26.09,2609,Draven,813,7,2,7,0.2857142857142857,0.375,0.008610086100861008,0.008610086100861008,0.017220172201722016,0.01205412054120541,125,False
26.09,2609,Darius,813,6,1,8,0.16666666666666666,0.3181818181818182,0.007380073800738007,0.00984009840098401,0.017220172201722016,0.01205412054120541,126,False
26.09,2609,Brand,813,11,4,2,0.36363636363636365,0.40625,0.013530135301353014,0.0024600246002460025,0.015990159901599015,0.011193111931119309,127,False
26.09,2609,Xerath,813,4,1,9,0.25,0.3888888888888889,0.004920049200492005,0.01107011070110701,0.015990159901599015,0.011193111931119309,128,False
26.09,2609,Viego,813,8,2,5,0.25,0.34615384615384615,0.00984009840098401,0.006150061500615006,0.015990159901599015,0.011193111931119309,129,False
26.09,2609,Volibear,813,7,3,5,0.42857142857142855,0.4583333333333333,0.008610086100861008,0.006150061500615006,0.014760147601476014,0.01033210332103321,130,False
26.09,2609,Elise,813,8,2,4,0.25,0.34615384615384615,0.00984009840098401,0.004920049200492005,0.014760147601476014,0.01033210332103321,131,False
26.09,2609,Kled,813,2,1,9,0.5,0.5,0.0024600246002460025,0.01107011070110701,0.013530135301353014,0.00947109471094711,132,False
26.09,2609,Hecarim,813,4,1,7,0.25,0.3888888888888889,0.004920049200492005,0.008610086100861008,0.013530135301353014,0.00947109471094711,133,False
26.09,2609,Ivern,813,2,1,7,0.5,0.5,0.0024600246002460025,0.008610086100861008,0.01107011070110701,0.007749077490774907,134,False
26.09,2609,Illaoi,813,2,1,5,0.5,0.5,0.0024600246002460025,0.006150061500615006,0.008610086100861008,0.006027060270602705,135,False
26.09,2609,Graves,813,3,1,4,0.3333333333333333,0.4375,0.0036900369003690036,0.004920049200492005,0.008610086100861008,0.006027060270602705,136,False
26.09,2609,Zyra,813,5,2,1,0.4,0.45,0.006150061500615006,0.0012300123001230013,0.007380073800738007,0.005166051660516605,137,False
26.09,2609,Katarina,813,2,1,3,0.5,0.5,0.0024600246002460025,0.0036900369003690036,0.006150061500615006,0.004305043050430504,138,False
26.09,2609,Blitzcrank,813,5,2,0,0.4,0.45,0.006150061500615006,0.0,0.006150061500615006,0.004305043050430504,139,False
26.09,2609,Garen,813,3,1,2,0.3333333333333333,0.4375,0.0036900369003690036,0.0024600246002460025,0.006150061500615006,0.004305043050430504,140,False
26.09,2609,Ekko,813,2,0,3,0.0,0.35714285714285715,0.0024600246002460025,0.0036900369003690036,0.006150061500615006,0.004305043050430504,141,False
26.09,2609,Riven,813,0,0,4,,0.5,0.0,0.004920049200492005,0.004920049200492005,0.003444034440344403,142,False
26.09,2609,Swain,813,4,1,0,0.25,0.3888888888888889,0.004920049200492005,0.0,0.004920049200492005,0.003444034440344403,143,False
26.09,2609,Kayn,813,3,0,1,0.0,0.3125,0.0036900369003690036,0.0012300123001230013,0.004920049200492005,0.003444034440344403,144,False
26.09,2609,Heimerdinger,813,0,0,3,,0.5,0.0,0.0036900369003690036,0.0036900369003690036,0.0025830258302583023,145,False
26.09,2609,Malzahar,813,2,1,1,0.5,0.5,0.0024600246002460025,0.0012300123001230013,0.0036900369003690036,0.0025830258302583023,146,False
26.09,2609,Amumu,813,3,1,0,0.3333333333333333,0.4375,0.0036900369003690036,0.0,0.0036900369003690036,0.0025830258302583023,147,False
26.09,2609,Fizz,813,3,1,0,0.3333333333333333,0.4375,0.0036900369003690036,0.0,0.0036900369003690036,0.0025830258302583023,148,False
26.09,2609,Udyr,813,3,1,0,0.3333333333333333,0.4375,0.0036900369003690036,0.0,0.0036900369003690036,0.0025830258302583023,149,False
26.09,2609,Rengar,813,1,0,2,0.0,0.4166666666666667,0.0012300123001230013,0.0024600246002460025,0.0036900369003690036,0.0025830258302583023,150,False
26.09,2609,Sett,813,3,0,0,0.0,0.3125,0.0036900369003690036,0.0,0.0036900369003690036,0.0025830258302583023,151,False
26.09,2609,Nasus,813,2,1,0,0.5,0.5,0.0024600246002460025,0.0,0.0024600246002460025,0.0017220172201722016,152,False
26.09,2609,Kindred,813,2,0,0,0.0,0.35714285714285715,0.0024600246002460025,0.0,0.0024600246002460025,0.0017220172201722016,153,False
26.09,2609,Mordekaiser,813,2,0,0,0.0,0.35714285714285715,0.0024600246002460025,0.0,0.0024600246002460025,0.0017220172201722016,154,False
26.09,2609,Bel'Veth,813,0,0,1,,0.5,0.0,0.0012300123001230013,0.0012300123001230013,0.0008610086100861008,155,False
26.09,2609,Twitch,813,0,0,1,,0.5,0.0,0.0012300123001230013,0.0012300123001230013,0.0008610086100861008,156,False
26.09,2609,Fiddlesticks,813,1,0,0,0.0,0.4166666666666667,0.0012300123001230013,0.0,0.0012300123001230013,0.0008610086100861008,157,False
26.09,2609,Karthus,813,1,0,0,0.0,0.4166666666666667,0.0012300123001230013,0.0,0.0012300123001230013,0.0008610086100861008,158,False
26.09,2609,Kayle,813,1,0,0,0.0,0.4166666666666667,0.0012300123001230013,0.0,0.0012300123001230013,0.0008610086100861008,159,False
26.09,2609,Nilah,813,1,0,0,0.0,0.4166666666666667,0.0012300123001230013,0.0,0.0012300123001230013,0.0008610086100861008,160,False
26.09,2609,Quinn,813,1,0,0,0.0,0.4166666666666667,0.0012300123001230013,0.0,0.0012300123001230013,0.0008610086100861008,161,False
26.09,2609,Taric,813,1,0,0,0.0,0.4166666666666667,0.0012300123001230013,0.0,0.0012300123001230013,0.0008610086100861008,162,False
26.09,2609,Veigar,813,1,0,0,0.0,0.4166666666666667,0.0012300123001230013,0.0,0.0012300123001230013,0.0008610086100861008,163,False
